2025-11-21 19:53:25,595 - growth_stock_screener - INFO - 从文件 growth_stock.txt 读取了 40 个基金代码
2025-11-21 19:53:25,599 - growth_stock_screener - INFO - 开始分析 40 只基金的共同增仓股票...
2025-11-21 19:53:31,767 - fund_data_fetcher - INFO - 正在获取基金 006502 在 2025 年的持仓数据...
2025-11-21 19:53:35,298 - fund_data_fetcher - ERROR - 获取基金 006502 持仓数据失败: ('Connection aborted.', ConnectionResetError(10054, '远程主机强迫关闭了一个现有的连接。', None, 10054, None))
2025-11-21 19:53:35,299 - fund_holdings_analyzer - INFO - 自动使用最新季度: 2025-09-30 -> 2025-12-31
2025-11-21 19:53:35,300 - fund_holdings_analyzer - INFO - 开始分析 40 只基金的共同增仓股票...
2025-11-21 19:53:35,301 - fund_holdings_analyzer - INFO - 报告期: 2025 -> 2025
2025-11-21 19:53:35,301 - fund_holdings_analyzer - INFO - 正在分析基金 006502 的增仓股票...
2025-11-21 19:53:43,373 - fund_holdings_analyzer - WARNING - 基金 006502 在指定报告期没有数据
2025-11-21 19:53:43,378 - fund_holdings_analyzer - INFO - 基金 006502 共有 0 只增仓股票
2025-11-21 19:53:43,379 - fund_holdings_analyzer - INFO - 正在分析基金 001956 的增仓股票...
2025-11-21 19:53:51,491 - fund_holdings_analyzer - WARNING - 基金 001956 在指定报告期没有数据
2025-11-21 19:53:51,493 - fund_holdings_analyzer - INFO - 基金 001956 共有 0 只增仓股票
2025-11-21 19:53:51,497 - fund_holdings_analyzer - INFO - 正在分析基金 006081 的增仓股票...
2025-11-21 19:54:02,632 - fund_data_fetcher - INFO - 获取基金 006081 在 2025 年的持仓数据，共 69 条记录
2025-11-21 19:54:02,633 - fund_data_fetcher - INFO - 正在获取基金 006081 在 2024 年的持仓数据...
2025-11-21 19:54:03,725 - fund_data_fetcher - INFO - 成功获取基金 006081 的持仓数据，共 88 条记录
2025-11-21 19:54:03,770 - fund_holdings_analyzer - INFO - 基金 006081 共有 69 只增仓股票
2025-11-21 19:54:03,770 - fund_holdings_analyzer - INFO - 正在分析基金 010013 的增仓股票...
2025-11-21 19:54:13,355 - fund_data_fetcher - INFO - 获取基金 010013 在 2025 年的持仓数据，共 173 条记录
2025-11-21 19:54:13,356 - fund_data_fetcher - INFO - 正在获取基金 010013 在 2025 年的持仓数据...
2025-11-21 19:54:14,571 - fund_data_fetcher - INFO - 成功获取基金 010013 的持仓数据，共 173 条记录
2025-11-21 19:54:14,611 - fund_holdings_analyzer - INFO - 基金 010013 共有 22 只增仓股票
2025-11-21 19:54:14,611 - fund_holdings_analyzer - INFO - 正在分析基金 006080 的增仓股票...
2025-11-21 19:54:23,236 - fund_data_fetcher - INFO - 获取基金 006080 在 2025 年的持仓数据，共 69 条记录
2025-11-21 19:54:23,237 - fund_data_fetcher - INFO - 正在获取基金 006080 在 2025 年的持仓数据...
2025-11-21 19:54:24,318 - fund_data_fetcher - INFO - 成功获取基金 006080 的持仓数据，共 69 条记录
2025-11-21 19:54:24,358 - fund_holdings_analyzer - INFO - 基金 006080 共有 17 只增仓股票
2025-11-21 19:54:24,358 - fund_holdings_analyzer - INFO - 正在分析基金 019024 的增仓股票...
2025-11-21 19:54:32,730 - fund_data_fetcher - INFO - 获取基金 019024 在 2025 年的持仓数据，共 173 条记录
2025-11-21 19:54:32,731 - fund_data_fetcher - INFO - 正在获取基金 019024 在 2025 年的持仓数据...
2025-11-21 19:54:33,959 - fund_data_fetcher - INFO - 成功获取基金 019024 的持仓数据，共 173 条记录
2025-11-21 19:54:34,001 - fund_holdings_analyzer - INFO - 基金 019024 共有 22 只增仓股票
2025-11-21 19:54:34,002 - fund_holdings_analyzer - INFO - 正在分析基金 519935 的增仓股票...
2025-11-21 19:54:41,666 - fund_data_fetcher - INFO - 获取基金 519935 在 2025 年的持仓数据，共 46 条记录
2025-11-21 19:54:41,667 - fund_data_fetcher - INFO - 正在获取基金 519935 在 2025 年的持仓数据...
2025-11-21 19:54:42,795 - fund_data_fetcher - INFO - 成功获取基金 519935 的持仓数据，共 46 条记录
2025-11-21 19:54:42,831 - fund_holdings_analyzer - INFO - 基金 519935 共有 27 只增仓股票
2025-11-21 19:54:42,831 - fund_holdings_analyzer - INFO - 正在分析基金 000828 的增仓股票...
2025-11-21 19:54:51,599 - fund_data_fetcher - INFO - 获取基金 000828 在 2025 年的持仓数据，共 73 条记录
2025-11-21 19:54:51,600 - fund_data_fetcher - INFO - 正在获取基金 000828 在 2025 年的持仓数据...
2025-11-21 19:54:52,720 - fund_data_fetcher - INFO - 成功获取基金 000828 的持仓数据，共 73 条记录
2025-11-21 19:54:52,756 - fund_holdings_analyzer - INFO - 基金 000828 共有 23 只增仓股票
2025-11-21 19:54:52,756 - fund_holdings_analyzer - INFO - 正在分析基金 012800 的增仓股票...
2025-11-21 19:55:01,936 - fund_data_fetcher - INFO - 获取基金 012800 在 2025 年的持仓数据，共 72 条记录
2025-11-21 19:55:01,937 - fund_data_fetcher - INFO - 正在获取基金 012800 在 2025 年的持仓数据...
2025-11-21 19:55:02,998 - fund_data_fetcher - INFO - 成功获取基金 012800 的持仓数据，共 72 条记录
2025-11-21 19:55:03,033 - fund_holdings_analyzer - INFO - 基金 012800 共有 23 只增仓股票
2025-11-21 19:55:03,033 - fund_holdings_analyzer - INFO - 正在分析基金 021875 的增仓股票...
2025-11-21 19:55:09,841 - fund_data_fetcher - INFO - 获取基金 021875 在 2025 年的持仓数据，共 55 条记录
2025-11-21 19:55:09,842 - fund_data_fetcher - INFO - 正在获取基金 021875 在 2025 年的持仓数据...
2025-11-21 19:55:10,938 - fund_data_fetcher - INFO - 成功获取基金 021875 的持仓数据，共 55 条记录
2025-11-21 19:55:10,970 - fund_holdings_analyzer - INFO - 基金 021875 共有 17 只增仓股票
2025-11-21 19:55:10,971 - fund_holdings_analyzer - INFO - 正在分析基金 000411 的增仓股票...
2025-11-21 19:55:19,280 - fund_data_fetcher - INFO - 获取基金 000411 在 2025 年的持仓数据，共 53 条记录
2025-11-21 19:55:19,280 - fund_data_fetcher - INFO - 正在获取基金 000411 在 2025 年的持仓数据...
2025-11-21 19:55:20,411 - fund_data_fetcher - INFO - 成功获取基金 000411 的持仓数据，共 53 条记录
2025-11-21 19:55:20,446 - fund_holdings_analyzer - INFO - 基金 000411 共有 16 只增仓股票
2025-11-21 19:55:20,447 - fund_holdings_analyzer - INFO - 正在分析基金 021500 的增仓股票...
2025-11-21 19:55:27,886 - fund_data_fetcher - INFO - 获取基金 021500 在 2025 年的持仓数据，共 53 条记录
2025-11-21 19:55:27,887 - fund_data_fetcher - INFO - 正在获取基金 021500 在 2025 年的持仓数据...
2025-11-21 19:55:28,911 - fund_data_fetcher - INFO - 成功获取基金 021500 的持仓数据，共 53 条记录
2025-11-21 19:55:28,941 - fund_holdings_analyzer - INFO - 基金 021500 共有 16 只增仓股票
2025-11-21 19:55:28,941 - fund_holdings_analyzer - INFO - 正在分析基金 010391 的增仓股票...
2025-11-21 19:55:37,833 - fund_data_fetcher - INFO - 获取基金 010391 在 2025 年的持仓数据，共 128 条记录
2025-11-21 19:55:37,834 - fund_data_fetcher - INFO - 正在获取基金 010391 在 2025 年的持仓数据...
2025-11-21 19:55:39,011 - fund_data_fetcher - INFO - 成功获取基金 010391 的持仓数据，共 128 条记录
2025-11-21 19:55:39,045 - fund_holdings_analyzer - INFO - 基金 010391 共有 25 只增仓股票
2025-11-21 19:55:39,046 - fund_holdings_analyzer - INFO - 正在分析基金 017073 的增仓股票...
2025-11-21 19:55:46,212 - fund_data_fetcher - INFO - 获取基金 017073 在 2025 年的持仓数据，共 50 条记录
2025-11-21 19:55:46,212 - fund_data_fetcher - INFO - 正在获取基金 017073 在 2025 年的持仓数据...
2025-11-21 19:55:47,235 - fund_data_fetcher - INFO - 成功获取基金 017073 的持仓数据，共 50 条记录
2025-11-21 19:55:47,265 - fund_holdings_analyzer - INFO - 基金 017073 共有 24 只增仓股票
2025-11-21 19:55:47,265 - fund_holdings_analyzer - INFO - 正在分析基金 012696 的增仓股票...
2025-11-21 19:55:55,425 - fund_data_fetcher - INFO - 获取基金 012696 在 2025 年的持仓数据，共 71 条记录
2025-11-21 19:55:55,426 - fund_data_fetcher - INFO - 正在获取基金 012696 在 2025 年的持仓数据...
2025-11-21 19:55:56,518 - fund_data_fetcher - INFO - 成功获取基金 012696 的持仓数据，共 71 条记录
2025-11-21 19:55:56,552 - fund_holdings_analyzer - INFO - 基金 012696 共有 10 只增仓股票
2025-11-21 19:55:56,552 - fund_holdings_analyzer - INFO - 正在分析基金 540010 的增仓股票...
2025-11-21 19:56:04,797 - fund_data_fetcher - INFO - 获取基金 540010 在 2025 年的持仓数据，共 48 条记录
2025-11-21 19:56:04,798 - fund_data_fetcher - INFO - 正在获取基金 540010 在 2025 年的持仓数据...
2025-11-21 19:56:05,962 - fund_data_fetcher - INFO - 成功获取基金 540010 的持仓数据，共 48 条记录
2025-11-21 19:56:05,995 - fund_holdings_analyzer - INFO - 基金 540010 共有 27 只增仓股票
2025-11-21 19:56:05,995 - fund_holdings_analyzer - INFO - 正在分析基金 008009 的增仓股票...
2025-11-21 19:56:15,865 - fund_data_fetcher - INFO - 获取基金 008009 在 2025 年的持仓数据，共 137 条记录
2025-11-21 19:56:15,866 - fund_data_fetcher - INFO - 正在获取基金 008009 在 2025 年的持仓数据...
2025-11-21 19:56:17,213 - fund_data_fetcher - INFO - 成功获取基金 008009 的持仓数据，共 137 条记录
2025-11-21 19:56:17,249 - fund_holdings_analyzer - INFO - 基金 008009 共有 10 只增仓股票
2025-11-21 19:56:17,250 - fund_holdings_analyzer - INFO - 正在分析基金 016050 的增仓股票...
2025-11-21 19:56:26,005 - fund_data_fetcher - INFO - 获取基金 016050 在 2025 年的持仓数据，共 137 条记录
2025-11-21 19:56:26,006 - fund_data_fetcher - INFO - 正在获取基金 016050 在 2025 年的持仓数据...
2025-11-21 19:56:27,163 - fund_data_fetcher - INFO - 成功获取基金 016050 的持仓数据，共 137 条记录
2025-11-21 19:56:27,199 - fund_holdings_analyzer - INFO - 基金 016050 共有 10 只增仓股票
2025-11-21 19:56:27,199 - fund_holdings_analyzer - INFO - 正在分析基金 005983 的增仓股票...
2025-11-21 19:56:35,569 - fund_data_fetcher - INFO - 获取基金 005983 在 2025 年的持仓数据，共 62 条记录
2025-11-21 19:56:35,569 - fund_data_fetcher - INFO - 正在获取基金 005983 在 2025 年的持仓数据...
2025-11-21 19:56:36,613 - fund_data_fetcher - INFO - 成功获取基金 005983 的持仓数据，共 62 条记录
2025-11-21 19:56:36,646 - fund_holdings_analyzer - INFO - 基金 005983 共有 27 只增仓股票
2025-11-21 19:56:36,646 - fund_holdings_analyzer - INFO - 正在分析基金 014937 的增仓股票...
2025-11-21 19:56:44,672 - fund_data_fetcher - INFO - 获取基金 014937 在 2025 年的持仓数据，共 62 条记录
2025-11-21 19:56:44,672 - fund_data_fetcher - INFO - 正在获取基金 014937 在 2025 年的持仓数据...
2025-11-21 19:56:45,723 - fund_data_fetcher - INFO - 成功获取基金 014937 的持仓数据，共 62 条记录
2025-11-21 19:56:45,749 - fund_holdings_analyzer - INFO - 基金 014937 共有 27 只增仓股票
2025-11-21 19:56:45,750 - fund_holdings_analyzer - INFO - 正在分析基金 008382 的增仓股票...
2025-11-21 19:56:53,776 - fund_data_fetcher - INFO - 获取基金 008382 在 2025 年的持仓数据，共 43 条记录
2025-11-21 19:56:53,777 - fund_data_fetcher - INFO - 正在获取基金 008382 在 2025 年的持仓数据...
2025-11-21 19:56:54,873 - fund_data_fetcher - INFO - 成功获取基金 008382 的持仓数据，共 43 条记录
2025-11-21 19:56:54,904 - fund_holdings_analyzer - INFO - 基金 008382 共有 9 只增仓股票
2025-11-21 19:56:54,905 - fund_holdings_analyzer - INFO - 正在分析基金 519606 的增仓股票...
2025-11-21 19:57:03,693 - fund_data_fetcher - INFO - 获取基金 519606 在 2025 年的持仓数据，共 123 条记录
2025-11-21 19:57:03,694 - fund_data_fetcher - INFO - 正在获取基金 519606 在 2025 年的持仓数据...
2025-11-21 19:57:04,947 - fund_data_fetcher - INFO - 成功获取基金 519606 的持仓数据，共 123 条记录
2025-11-21 19:57:04,974 - fund_holdings_analyzer - INFO - 基金 519606 共有 16 只增仓股票
2025-11-21 19:57:04,974 - fund_holdings_analyzer - INFO - 正在分析基金 009891 的增仓股票...
2025-11-21 19:57:13,857 - fund_data_fetcher - INFO - 获取基金 009891 在 2025 年的持仓数据，共 81 条记录
2025-11-21 19:57:13,858 - fund_data_fetcher - INFO - 正在获取基金 009891 在 2025 年的持仓数据...
2025-11-21 19:57:14,977 - fund_data_fetcher - INFO - 成功获取基金 009891 的持仓数据，共 81 条记录
2025-11-21 19:57:15,021 - fund_holdings_analyzer - INFO - 基金 009891 共有 15 只增仓股票
2025-11-21 19:57:15,022 - fund_holdings_analyzer - INFO - 正在分析基金 015593 的增仓股票...
2025-11-21 19:57:23,611 - fund_data_fetcher - INFO - 获取基金 015593 在 2025 年的持仓数据，共 123 条记录
2025-11-21 19:57:23,611 - fund_data_fetcher - INFO - 正在获取基金 015593 在 2025 年的持仓数据...
2025-11-21 19:57:24,718 - fund_data_fetcher - INFO - 成功获取基金 015593 的持仓数据，共 123 条记录
2025-11-21 19:57:24,753 - fund_holdings_analyzer - INFO - 基金 015593 共有 16 只增仓股票
2025-11-21 19:57:24,753 - fund_holdings_analyzer - INFO - 正在分析基金 006265 的增仓股票...
2025-11-21 19:57:32,529 - fund_data_fetcher - INFO - 获取基金 006265 在 2025 年的持仓数据，共 63 条记录
2025-11-21 19:57:32,530 - fund_data_fetcher - INFO - 正在获取基金 006265 在 2025 年的持仓数据...
2025-11-21 19:57:33,643 - fund_data_fetcher - INFO - 成功获取基金 006265 的持仓数据，共 63 条记录
2025-11-21 19:57:33,678 - fund_holdings_analyzer - INFO - 基金 006265 共有 11 只增仓股票
2025-11-21 19:57:33,678 - fund_holdings_analyzer - INFO - 正在分析基金 018495 的增仓股票...
2025-11-21 19:57:42,196 - fund_data_fetcher - INFO - 获取基金 018495 在 2025 年的持仓数据，共 81 条记录
2025-11-21 19:57:42,197 - fund_data_fetcher - INFO - 正在获取基金 018495 在 2025 年的持仓数据...
2025-11-21 19:57:43,256 - fund_data_fetcher - INFO - 成功获取基金 018495 的持仓数据，共 81 条记录
2025-11-21 19:57:43,299 - fund_holdings_analyzer - INFO - 基金 018495 共有 15 只增仓股票
2025-11-21 19:57:43,299 - fund_holdings_analyzer - INFO - 正在分析基金 003984 的增仓股票...
2025-11-21 19:57:51,849 - fund_data_fetcher - INFO - 获取基金 003984 在 2025 年的持仓数据，共 71 条记录
2025-11-21 19:57:51,849 - fund_data_fetcher - INFO - 正在获取基金 003984 在 2025 年的持仓数据...
2025-11-21 19:57:52,946 - fund_data_fetcher - INFO - 成功获取基金 003984 的持仓数据，共 71 条记录
2025-11-21 19:57:52,993 - fund_holdings_analyzer - INFO - 基金 003984 共有 33 只增仓股票
2025-11-21 19:57:52,993 - fund_holdings_analyzer - INFO - 正在分析基金 000697 的增仓股票...
2025-11-21 19:58:02,391 - fund_data_fetcher - INFO - 获取基金 000697 在 2025 年的持仓数据，共 109 条记录
2025-11-21 19:58:02,391 - fund_data_fetcher - INFO - 正在获取基金 000697 在 2025 年的持仓数据...
2025-11-21 19:58:03,512 - fund_data_fetcher - INFO - 成功获取基金 000697 的持仓数据，共 109 条记录
2025-11-21 19:58:03,549 - fund_holdings_analyzer - INFO - 基金 000697 共有 19 只增仓股票
2025-11-21 19:58:03,549 - fund_holdings_analyzer - INFO - 正在分析基金 015198 的增仓股票...
2025-11-21 19:58:12,540 - fund_data_fetcher - INFO - 获取基金 015198 在 2025 年的持仓数据，共 105 条记录
2025-11-21 19:58:12,541 - fund_data_fetcher - INFO - 正在获取基金 015198 在 2025 年的持仓数据...
2025-11-21 19:58:13,910 - fund_data_fetcher - INFO - 成功获取基金 015198 的持仓数据，共 105 条记录
2025-11-21 19:58:13,945 - fund_holdings_analyzer - INFO - 基金 015198 共有 19 只增仓股票
2025-11-21 19:58:13,946 - fund_holdings_analyzer - INFO - 正在分析基金 003624 的增仓股票...
2025-11-21 19:58:26,080 - fund_data_fetcher - INFO - 获取基金 003624 在 2025 年的持仓数据，共 74 条记录
2025-11-21 19:58:26,105 - fund_data_fetcher - INFO - 正在获取基金 003624 在 2025 年的持仓数据...
2025-11-21 19:58:27,193 - fund_data_fetcher - INFO - 成功获取基金 003624 的持仓数据，共 74 条记录
2025-11-21 19:58:27,226 - fund_holdings_analyzer - INFO - 基金 003624 共有 26 只增仓股票
2025-11-21 19:58:27,227 - fund_holdings_analyzer - INFO - 正在分析基金 014191 的增仓股票...
2025-11-21 19:58:35,565 - fund_data_fetcher - INFO - 获取基金 014191 在 2025 年的持仓数据，共 79 条记录
2025-11-21 19:58:35,565 - fund_data_fetcher - INFO - 正在获取基金 014191 在 2025 年的持仓数据...
2025-11-21 19:58:36,615 - fund_data_fetcher - INFO - 成功获取基金 014191 的持仓数据，共 79 条记录
2025-11-21 19:58:36,645 - fund_holdings_analyzer - INFO - 基金 014191 共有 15 只增仓股票
2025-11-21 19:58:36,646 - fund_holdings_analyzer - INFO - 正在分析基金 017488 的增仓股票...
2025-11-21 19:58:44,784 - fund_data_fetcher - INFO - 获取基金 017488 在 2025 年的持仓数据，共 57 条记录
2025-11-21 19:58:44,785 - fund_data_fetcher - INFO - 正在获取基金 017488 在 2025 年的持仓数据...
2025-11-21 19:58:45,798 - fund_data_fetcher - INFO - 成功获取基金 017488 的持仓数据，共 57 条记录
2025-11-21 19:58:45,830 - fund_holdings_analyzer - INFO - 基金 017488 共有 25 只增仓股票
2025-11-21 19:58:45,831 - fund_holdings_analyzer - INFO - 正在分析基金 009491 的增仓股票...
2025-11-21 19:58:55,536 - fund_data_fetcher - INFO - 获取基金 009491 在 2025 年的持仓数据，共 90 条记录
2025-11-21 19:58:55,537 - fund_data_fetcher - INFO - 正在获取基金 009491 在 2025 年的持仓数据...
2025-11-21 19:58:56,659 - fund_data_fetcher - INFO - 成功获取基金 009491 的持仓数据，共 90 条记录
2025-11-21 19:58:56,697 - fund_holdings_analyzer - INFO - 基金 009491 共有 26 只增仓股票
2025-11-21 19:58:56,698 - fund_holdings_analyzer - INFO - 正在分析基金 001040 的增仓股票...
2025-11-21 19:59:05,005 - fund_data_fetcher - INFO - 获取基金 001040 在 2025 年的持仓数据，共 60 条记录
2025-11-21 19:59:05,005 - fund_data_fetcher - INFO - 正在获取基金 001040 在 2025 年的持仓数据...
2025-11-21 19:59:06,076 - fund_data_fetcher - INFO - 成功获取基金 001040 的持仓数据，共 60 条记录
2025-11-21 19:59:06,109 - fund_holdings_analyzer - INFO - 基金 001040 共有 15 只增仓股票
2025-11-21 19:59:06,109 - fund_holdings_analyzer - INFO - 正在分析基金 005161 的增仓股票...
2025-11-21 19:59:13,891 - fund_data_fetcher - INFO - 获取基金 005161 在 2025 年的持仓数据，共 47 条记录
2025-11-21 19:59:13,892 - fund_data_fetcher - INFO - 正在获取基金 005161 在 2025 年的持仓数据...
2025-11-21 19:59:15,045 - fund_data_fetcher - INFO - 成功获取基金 005161 的持仓数据，共 47 条记录
2025-11-21 19:59:15,080 - fund_holdings_analyzer - INFO - 基金 005161 共有 22 只增仓股票
2025-11-21 19:59:15,080 - fund_holdings_analyzer - INFO - 正在分析基金 018023 的增仓股票...
2025-11-21 19:59:23,101 - fund_data_fetcher - INFO - 获取基金 018023 在 2025 年的持仓数据，共 47 条记录
2025-11-21 19:59:23,102 - fund_data_fetcher - INFO - 正在获取基金 018023 在 2025 年的持仓数据...
2025-11-21 19:59:24,093 - fund_data_fetcher - INFO - 成功获取基金 018023 的持仓数据，共 47 条记录
2025-11-21 19:59:24,125 - fund_holdings_analyzer - INFO - 基金 018023 共有 22 只增仓股票
2025-11-21 19:59:24,126 - fund_holdings_analyzer - INFO - 正在分析基金 006751 的增仓股票...
2025-11-21 19:59:31,942 - fund_data_fetcher - INFO - 获取基金 006751 在 2025 年的持仓数据，共 64 条记录
2025-11-21 19:59:31,942 - fund_data_fetcher - INFO - 正在获取基金 006751 在 2025 年的持仓数据...
2025-11-21 19:59:32,997 - fund_data_fetcher - INFO - 成功获取基金 006751 的持仓数据，共 64 条记录
2025-11-21 19:59:33,030 - fund_holdings_analyzer - INFO - 基金 006751 共有 18 只增仓股票
2025-11-21 19:59:33,030 - fund_holdings_analyzer - INFO - 正在分析基金 005825 的增仓股票...
2025-11-21 19:59:42,524 - fund_data_fetcher - INFO - 获取基金 005825 在 2025 年的持仓数据，共 81 条记录
2025-11-21 19:59:42,525 - fund_data_fetcher - INFO - 正在获取基金 005825 在 2025 年的持仓数据...
2025-11-21 19:59:43,664 - fund_data_fetcher - INFO - 成功获取基金 005825 的持仓数据，共 81 条记录
2025-11-21 19:59:43,700 - fund_holdings_analyzer - INFO - 基金 005825 共有 9 只增仓股票
2025-11-21 19:59:43,700 - fund_holdings_analyzer - INFO - 正在分析基金 002168 的增仓股票...
2025-11-21 19:59:52,531 - fund_data_fetcher - INFO - 获取基金 002168 在 2025 年的持仓数据，共 68 条记录
2025-11-21 19:59:52,532 - fund_data_fetcher - INFO - 正在获取基金 002168 在 2025 年的持仓数据...
2025-11-21 19:59:53,771 - fund_data_fetcher - INFO - 成功获取基金 002168 的持仓数据，共 68 条记录
2025-11-21 19:59:53,816 - fund_holdings_analyzer - INFO - 基金 002168 共有 30 只增仓股票
2025-11-21 19:59:53,816 - fund_holdings_analyzer - INFO - 正在分析基金 005660 的增仓股票...
2025-11-21 20:00:01,817 - fund_data_fetcher - INFO - 获取基金 005660 在 2025 年的持仓数据，共 60 条记录
2025-11-21 20:00:01,817 - fund_data_fetcher - INFO - 正在获取基金 005660 在 2025 年的持仓数据...
2025-11-21 20:00:02,853 - fund_data_fetcher - INFO - 成功获取基金 005660 的持仓数据，共 60 条记录
2025-11-21 20:00:02,883 - fund_holdings_analyzer - INFO - 基金 005660 共有 31 只增仓股票
2025-11-21 20:00:02,980 - fund_holdings_analyzer - INFO - 找到 108 只共同增仓股票
2025-11-21 20:00:02,983 - growth_stock_screener - INFO - 开始筛选成长板块股票...
2025-11-21 20:00:03,784 - growth_stock_screener - WARNING - 获取股票 300502 的概念板块信息失败: HTTPSConnectionPool(host='push2.eastmoney.com', port=443): Max retries exceeded with url: /api/qt/stock/get?fltt=2&invt=2&fields=f120%2Cf121%2Cf122%2Cf174%2Cf175%2Cf59%2Cf163%2Cf43%2Cf57%2Cf58%2Cf169%2Cf170%2Cf46%2Cf44%2Cf51%2Cf168%2Cf47%2Cf164%2Cf116%2Cf60%2Cf45%2Cf52%2Cf50%2Cf48%2Cf167%2Cf117%2Cf71%2Cf161%2Cf49%2Cf530%2Cf135%2Cf136%2Cf137%2Cf138%2Cf139%2Cf141%2Cf142%2Cf144%2Cf145%2Cf147%2Cf148%2Cf140%2Cf143%2Cf146%2Cf149%2Cf55%2Cf62%2Cf162%2Cf92%2Cf173%2Cf104%2Cf105%2Cf84%2Cf85%2Cf183%2Cf184%2Cf185%2Cf186%2Cf187%2Cf188%2Cf189%2Cf190%2Cf191%2Cf192%2Cf107%2Cf111%2Cf86%2Cf177%2Cf78%2Cf110%2Cf262%2Cf263%2Cf264%2Cf267%2Cf268%2Cf255%2Cf256%2Cf257%2Cf258%2Cf127%2Cf199%2Cf128%2Cf198%2Cf259%2Cf260%2Cf261%2Cf171%2Cf277%2Cf278%2Cf279%2Cf288%2Cf152%2Cf250%2Cf251%2Cf252%2Cf253%2Cf254%2Cf269%2Cf270%2Cf271%2Cf272%2Cf273%2Cf274%2Cf275%2Cf276%2Cf265%2Cf266%2Cf289%2Cf290%2Cf286%2Cf285%2Cf292%2Cf293%2Cf294%2Cf295%2Cf43&secid=0.300502 (Caused by ProxyError('Unable to connect to proxy', RemoteDisconnected('Remote end closed connection without response')))
2025-11-21 20:00:04,643 - growth_stock_screener - WARNING - 获取股票 00700 的概念板块信息失败: HTTPSConnectionPool(host='push2.eastmoney.com', port=443): Max retries exceeded with url: /api/qt/stock/get?fltt=2&invt=2&fields=f120%2Cf121%2Cf122%2Cf174%2Cf175%2Cf59%2Cf163%2Cf43%2Cf57%2Cf58%2Cf169%2Cf170%2Cf46%2Cf44%2Cf51%2Cf168%2Cf47%2Cf164%2Cf116%2Cf60%2Cf45%2Cf52%2Cf50%2Cf48%2Cf167%2Cf117%2Cf71%2Cf161%2Cf49%2Cf530%2Cf135%2Cf136%2Cf137%2Cf138%2Cf139%2Cf141%2Cf142%2Cf144%2Cf145%2Cf147%2Cf148%2Cf140%2Cf143%2Cf146%2Cf149%2Cf55%2Cf62%2Cf162%2Cf92%2Cf173%2Cf104%2Cf105%2Cf84%2Cf85%2Cf183%2Cf184%2Cf185%2Cf186%2Cf187%2Cf188%2Cf189%2Cf190%2Cf191%2Cf192%2Cf107%2Cf111%2Cf86%2Cf177%2Cf78%2Cf110%2Cf262%2Cf263%2Cf264%2Cf267%2Cf268%2Cf255%2Cf256%2Cf257%2Cf258%2Cf127%2Cf199%2Cf128%2Cf198%2Cf259%2Cf260%2Cf261%2Cf171%2Cf277%2Cf278%2Cf279%2Cf288%2Cf152%2Cf250%2Cf251%2Cf252%2Cf253%2Cf254%2Cf269%2Cf270%2Cf271%2Cf272%2Cf273%2Cf274%2Cf275%2Cf276%2Cf265%2Cf266%2Cf289%2Cf290%2Cf286%2Cf285%2Cf292%2Cf293%2Cf294%2Cf295%2Cf43&secid=0.00700 (Caused by ProxyError('Unable to connect to proxy', RemoteDisconnected('Remote end closed connection without response')))
2025-11-21 20:00:05,481 - growth_stock_screener - WARNING - 获取股票 002463 的概念板块信息失败: HTTPSConnectionPool(host='push2.eastmoney.com', port=443): Max retries exceeded with url: /api/qt/stock/get?fltt=2&invt=2&fields=f120%2Cf121%2Cf122%2Cf174%2Cf175%2Cf59%2Cf163%2Cf43%2Cf57%2Cf58%2Cf169%2Cf170%2Cf46%2Cf44%2Cf51%2Cf168%2Cf47%2Cf164%2Cf116%2Cf60%2Cf45%2Cf52%2Cf50%2Cf48%2Cf167%2Cf117%2Cf71%2Cf161%2Cf49%2Cf530%2Cf135%2Cf136%2Cf137%2Cf138%2Cf139%2Cf141%2Cf142%2Cf144%2Cf145%2Cf147%2Cf148%2Cf140%2Cf143%2Cf146%2Cf149%2Cf55%2Cf62%2Cf162%2Cf92%2Cf173%2Cf104%2Cf105%2Cf84%2Cf85%2Cf183%2Cf184%2Cf185%2Cf186%2Cf187%2Cf188%2Cf189%2Cf190%2Cf191%2Cf192%2Cf107%2Cf111%2Cf86%2Cf177%2Cf78%2Cf110%2Cf262%2Cf263%2Cf264%2Cf267%2Cf268%2Cf255%2Cf256%2Cf257%2Cf258%2Cf127%2Cf199%2Cf128%2Cf198%2Cf259%2Cf260%2Cf261%2Cf171%2Cf277%2Cf278%2Cf279%2Cf288%2Cf152%2Cf250%2Cf251%2Cf252%2Cf253%2Cf254%2Cf269%2Cf270%2Cf271%2Cf272%2Cf273%2Cf274%2Cf275%2Cf276%2Cf265%2Cf266%2Cf289%2Cf290%2Cf286%2Cf285%2Cf292%2Cf293%2Cf294%2Cf295%2Cf43&secid=0.002463 (Caused by ProxyError('Unable to connect to proxy', RemoteDisconnected('Remote end closed connection without response')))
2025-11-21 20:00:06,284 - growth_stock_screener - WARNING - 获取股票 300308 的概念板块信息失败: HTTPSConnectionPool(host='push2.eastmoney.com', port=443): Max retries exceeded with url: /api/qt/stock/get?fltt=2&invt=2&fields=f120%2Cf121%2Cf122%2Cf174%2Cf175%2Cf59%2Cf163%2Cf43%2Cf57%2Cf58%2Cf169%2Cf170%2Cf46%2Cf44%2Cf51%2Cf168%2Cf47%2Cf164%2Cf116%2Cf60%2Cf45%2Cf52%2Cf50%2Cf48%2Cf167%2Cf117%2Cf71%2Cf161%2Cf49%2Cf530%2Cf135%2Cf136%2Cf137%2Cf138%2Cf139%2Cf141%2Cf142%2Cf144%2Cf145%2Cf147%2Cf148%2Cf140%2Cf143%2Cf146%2Cf149%2Cf55%2Cf62%2Cf162%2Cf92%2Cf173%2Cf104%2Cf105%2Cf84%2Cf85%2Cf183%2Cf184%2Cf185%2Cf186%2Cf187%2Cf188%2Cf189%2Cf190%2Cf191%2Cf192%2Cf107%2Cf111%2Cf86%2Cf177%2Cf78%2Cf110%2Cf262%2Cf263%2Cf264%2Cf267%2Cf268%2Cf255%2Cf256%2Cf257%2Cf258%2Cf127%2Cf199%2Cf128%2Cf198%2Cf259%2Cf260%2Cf261%2Cf171%2Cf277%2Cf278%2Cf279%2Cf288%2Cf152%2Cf250%2Cf251%2Cf252%2Cf253%2Cf254%2Cf269%2Cf270%2Cf271%2Cf272%2Cf273%2Cf274%2Cf275%2Cf276%2Cf265%2Cf266%2Cf289%2Cf290%2Cf286%2Cf285%2Cf292%2Cf293%2Cf294%2Cf295%2Cf43&secid=0.300308 (Caused by ProxyError('Unable to connect to proxy', RemoteDisconnected('Remote end closed connection without response')))
2025-11-21 20:00:07,165 - growth_stock_screener - WARNING - 获取股票 300750 的概念板块信息失败: HTTPSConnectionPool(host='push2.eastmoney.com', port=443): Max retries exceeded with url: /api/qt/stock/get?fltt=2&invt=2&fields=f120%2Cf121%2Cf122%2Cf174%2Cf175%2Cf59%2Cf163%2Cf43%2Cf57%2Cf58%2Cf169%2Cf170%2Cf46%2Cf44%2Cf51%2Cf168%2Cf47%2Cf164%2Cf116%2Cf60%2Cf45%2Cf52%2Cf50%2Cf48%2Cf167%2Cf117%2Cf71%2Cf161%2Cf49%2Cf530%2Cf135%2Cf136%2Cf137%2Cf138%2Cf139%2Cf141%2Cf142%2Cf144%2Cf145%2Cf147%2Cf148%2Cf140%2Cf143%2Cf146%2Cf149%2Cf55%2Cf62%2Cf162%2Cf92%2Cf173%2Cf104%2Cf105%2Cf84%2Cf85%2Cf183%2Cf184%2Cf185%2Cf186%2Cf187%2Cf188%2Cf189%2Cf190%2Cf191%2Cf192%2Cf107%2Cf111%2Cf86%2Cf177%2Cf78%2Cf110%2Cf262%2Cf263%2Cf264%2Cf267%2Cf268%2Cf255%2Cf256%2Cf257%2Cf258%2Cf127%2Cf199%2Cf128%2Cf198%2Cf259%2Cf260%2Cf261%2Cf171%2Cf277%2Cf278%2Cf279%2Cf288%2Cf152%2Cf250%2Cf251%2Cf252%2Cf253%2Cf254%2Cf269%2Cf270%2Cf271%2Cf272%2Cf273%2Cf274%2Cf275%2Cf276%2Cf265%2Cf266%2Cf289%2Cf290%2Cf286%2Cf285%2Cf292%2Cf293%2Cf294%2Cf295%2Cf43&secid=0.300750 (Caused by ProxyError('Unable to connect to proxy', RemoteDisconnected('Remote end closed connection without response')))
2025-11-21 20:00:08,019 - growth_stock_screener - WARNING - 获取股票 601899 的概念板块信息失败: HTTPSConnectionPool(host='push2.eastmoney.com', port=443): Max retries exceeded with url: /api/qt/stock/get?fltt=2&invt=2&fields=f120%2Cf121%2Cf122%2Cf174%2Cf175%2Cf59%2Cf163%2Cf43%2Cf57%2Cf58%2Cf169%2Cf170%2Cf46%2Cf44%2Cf51%2Cf168%2Cf47%2Cf164%2Cf116%2Cf60%2Cf45%2Cf52%2Cf50%2Cf48%2Cf167%2Cf117%2Cf71%2Cf161%2Cf49%2Cf530%2Cf135%2Cf136%2Cf137%2Cf138%2Cf139%2Cf141%2Cf142%2Cf144%2Cf145%2Cf147%2Cf148%2Cf140%2Cf143%2Cf146%2Cf149%2Cf55%2Cf62%2Cf162%2Cf92%2Cf173%2Cf104%2Cf105%2Cf84%2Cf85%2Cf183%2Cf184%2Cf185%2Cf186%2Cf187%2Cf188%2Cf189%2Cf190%2Cf191%2Cf192%2Cf107%2Cf111%2Cf86%2Cf177%2Cf78%2Cf110%2Cf262%2Cf263%2Cf264%2Cf267%2Cf268%2Cf255%2Cf256%2Cf257%2Cf258%2Cf127%2Cf199%2Cf128%2Cf198%2Cf259%2Cf260%2Cf261%2Cf171%2Cf277%2Cf278%2Cf279%2Cf288%2Cf152%2Cf250%2Cf251%2Cf252%2Cf253%2Cf254%2Cf269%2Cf270%2Cf271%2Cf272%2Cf273%2Cf274%2Cf275%2Cf276%2Cf265%2Cf266%2Cf289%2Cf290%2Cf286%2Cf285%2Cf292%2Cf293%2Cf294%2Cf295%2Cf43&secid=1.601899 (Caused by ProxyError('Unable to connect to proxy', RemoteDisconnected('Remote end closed connection without response')))
2025-11-21 20:00:08,823 - growth_stock_screener - WARNING - 获取股票 300476 的概念板块信息失败: HTTPSConnectionPool(host='push2.eastmoney.com', port=443): Max retries exceeded with url: /api/qt/stock/get?fltt=2&invt=2&fields=f120%2Cf121%2Cf122%2Cf174%2Cf175%2Cf59%2Cf163%2Cf43%2Cf57%2Cf58%2Cf169%2Cf170%2Cf46%2Cf44%2Cf51%2Cf168%2Cf47%2Cf164%2Cf116%2Cf60%2Cf45%2Cf52%2Cf50%2Cf48%2Cf167%2Cf117%2Cf71%2Cf161%2Cf49%2Cf530%2Cf135%2Cf136%2Cf137%2Cf138%2Cf139%2Cf141%2Cf142%2Cf144%2Cf145%2Cf147%2Cf148%2Cf140%2Cf143%2Cf146%2Cf149%2Cf55%2Cf62%2Cf162%2Cf92%2Cf173%2Cf104%2Cf105%2Cf84%2Cf85%2Cf183%2Cf184%2Cf185%2Cf186%2Cf187%2Cf188%2Cf189%2Cf190%2Cf191%2Cf192%2Cf107%2Cf111%2Cf86%2Cf177%2Cf78%2Cf110%2Cf262%2Cf263%2Cf264%2Cf267%2Cf268%2Cf255%2Cf256%2Cf257%2Cf258%2Cf127%2Cf199%2Cf128%2Cf198%2Cf259%2Cf260%2Cf261%2Cf171%2Cf277%2Cf278%2Cf279%2Cf288%2Cf152%2Cf250%2Cf251%2Cf252%2Cf253%2Cf254%2Cf269%2Cf270%2Cf271%2Cf272%2Cf273%2Cf274%2Cf275%2Cf276%2Cf265%2Cf266%2Cf289%2Cf290%2Cf286%2Cf285%2Cf292%2Cf293%2Cf294%2Cf295%2Cf43&secid=0.300476 (Caused by ProxyError('Unable to connect to proxy', RemoteDisconnected('Remote end closed connection without response')))
2025-11-21 20:00:09,689 - growth_stock_screener - WARNING - 获取股票 600183 的概念板块信息失败: HTTPSConnectionPool(host='push2.eastmoney.com', port=443): Max retries exceeded with url: /api/qt/stock/get?fltt=2&invt=2&fields=f120%2Cf121%2Cf122%2Cf174%2Cf175%2Cf59%2Cf163%2Cf43%2Cf57%2Cf58%2Cf169%2Cf170%2Cf46%2Cf44%2Cf51%2Cf168%2Cf47%2Cf164%2Cf116%2Cf60%2Cf45%2Cf52%2Cf50%2Cf48%2Cf167%2Cf117%2Cf71%2Cf161%2Cf49%2Cf530%2Cf135%2Cf136%2Cf137%2Cf138%2Cf139%2Cf141%2Cf142%2Cf144%2Cf145%2Cf147%2Cf148%2Cf140%2Cf143%2Cf146%2Cf149%2Cf55%2Cf62%2Cf162%2Cf92%2Cf173%2Cf104%2Cf105%2Cf84%2Cf85%2Cf183%2Cf184%2Cf185%2Cf186%2Cf187%2Cf188%2Cf189%2Cf190%2Cf191%2Cf192%2Cf107%2Cf111%2Cf86%2Cf177%2Cf78%2Cf110%2Cf262%2Cf263%2Cf264%2Cf267%2Cf268%2Cf255%2Cf256%2Cf257%2Cf258%2Cf127%2Cf199%2Cf128%2Cf198%2Cf259%2Cf260%2Cf261%2Cf171%2Cf277%2Cf278%2Cf279%2Cf288%2Cf152%2Cf250%2Cf251%2Cf252%2Cf253%2Cf254%2Cf269%2Cf270%2Cf271%2Cf272%2Cf273%2Cf274%2Cf275%2Cf276%2Cf265%2Cf266%2Cf289%2Cf290%2Cf286%2Cf285%2Cf292%2Cf293%2Cf294%2Cf295%2Cf43&secid=1.600183 (Caused by ProxyError('Unable to connect to proxy', RemoteDisconnected('Remote end closed connection without response')))
2025-11-21 20:00:10,545 - growth_stock_screener - WARNING - 获取股票 002916 的概念板块信息失败: HTTPSConnectionPool(host='push2.eastmoney.com', port=443): Max retries exceeded with url: /api/qt/stock/get?fltt=2&invt=2&fields=f120%2Cf121%2Cf122%2Cf174%2Cf175%2Cf59%2Cf163%2Cf43%2Cf57%2Cf58%2Cf169%2Cf170%2Cf46%2Cf44%2Cf51%2Cf168%2Cf47%2Cf164%2Cf116%2Cf60%2Cf45%2Cf52%2Cf50%2Cf48%2Cf167%2Cf117%2Cf71%2Cf161%2Cf49%2Cf530%2Cf135%2Cf136%2Cf137%2Cf138%2Cf139%2Cf141%2Cf142%2Cf144%2Cf145%2Cf147%2Cf148%2Cf140%2Cf143%2Cf146%2Cf149%2Cf55%2Cf62%2Cf162%2Cf92%2Cf173%2Cf104%2Cf105%2Cf84%2Cf85%2Cf183%2Cf184%2Cf185%2Cf186%2Cf187%2Cf188%2Cf189%2Cf190%2Cf191%2Cf192%2Cf107%2Cf111%2Cf86%2Cf177%2Cf78%2Cf110%2Cf262%2Cf263%2Cf264%2Cf267%2Cf268%2Cf255%2Cf256%2Cf257%2Cf258%2Cf127%2Cf199%2Cf128%2Cf198%2Cf259%2Cf260%2Cf261%2Cf171%2Cf277%2Cf278%2Cf279%2Cf288%2Cf152%2Cf250%2Cf251%2Cf252%2Cf253%2Cf254%2Cf269%2Cf270%2Cf271%2Cf272%2Cf273%2Cf274%2Cf275%2Cf276%2Cf265%2Cf266%2Cf289%2Cf290%2Cf286%2Cf285%2Cf292%2Cf293%2Cf294%2Cf295%2Cf43&secid=0.002916 (Caused by ProxyError('Unable to connect to proxy', RemoteDisconnected('Remote end closed connection without response')))
2025-11-21 20:00:11,407 - growth_stock_screener - WARNING - 获取股票 603986 的概念板块信息失败: HTTPSConnectionPool(host='push2.eastmoney.com', port=443): Max retries exceeded with url: /api/qt/stock/get?fltt=2&invt=2&fields=f120%2Cf121%2Cf122%2Cf174%2Cf175%2Cf59%2Cf163%2Cf43%2Cf57%2Cf58%2Cf169%2Cf170%2Cf46%2Cf44%2Cf51%2Cf168%2Cf47%2Cf164%2Cf116%2Cf60%2Cf45%2Cf52%2Cf50%2Cf48%2Cf167%2Cf117%2Cf71%2Cf161%2Cf49%2Cf530%2Cf135%2Cf136%2Cf137%2Cf138%2Cf139%2Cf141%2Cf142%2Cf144%2Cf145%2Cf147%2Cf148%2Cf140%2Cf143%2Cf146%2Cf149%2Cf55%2Cf62%2Cf162%2Cf92%2Cf173%2Cf104%2Cf105%2Cf84%2Cf85%2Cf183%2Cf184%2Cf185%2Cf186%2Cf187%2Cf188%2Cf189%2Cf190%2Cf191%2Cf192%2Cf107%2Cf111%2Cf86%2Cf177%2Cf78%2Cf110%2Cf262%2Cf263%2Cf264%2Cf267%2Cf268%2Cf255%2Cf256%2Cf257%2Cf258%2Cf127%2Cf199%2Cf128%2Cf198%2Cf259%2Cf260%2Cf261%2Cf171%2Cf277%2Cf278%2Cf279%2Cf288%2Cf152%2Cf250%2Cf251%2Cf252%2Cf253%2Cf254%2Cf269%2Cf270%2Cf271%2Cf272%2Cf273%2Cf274%2Cf275%2Cf276%2Cf265%2Cf266%2Cf289%2Cf290%2Cf286%2Cf285%2Cf292%2Cf293%2Cf294%2Cf295%2Cf43&secid=1.603986 (Caused by ProxyError('Unable to connect to proxy', RemoteDisconnected('Remote end closed connection without response')))
2025-11-21 20:00:12,236 - growth_stock_screener - WARNING - 获取股票 603993 的概念板块信息失败: HTTPSConnectionPool(host='push2.eastmoney.com', port=443): Max retries exceeded with url: /api/qt/stock/get?fltt=2&invt=2&fields=f120%2Cf121%2Cf122%2Cf174%2Cf175%2Cf59%2Cf163%2Cf43%2Cf57%2Cf58%2Cf169%2Cf170%2Cf46%2Cf44%2Cf51%2Cf168%2Cf47%2Cf164%2Cf116%2Cf60%2Cf45%2Cf52%2Cf50%2Cf48%2Cf167%2Cf117%2Cf71%2Cf161%2Cf49%2Cf530%2Cf135%2Cf136%2Cf137%2Cf138%2Cf139%2Cf141%2Cf142%2Cf144%2Cf145%2Cf147%2Cf148%2Cf140%2Cf143%2Cf146%2Cf149%2Cf55%2Cf62%2Cf162%2Cf92%2Cf173%2Cf104%2Cf105%2Cf84%2Cf85%2Cf183%2Cf184%2Cf185%2Cf186%2Cf187%2Cf188%2Cf189%2Cf190%2Cf191%2Cf192%2Cf107%2Cf111%2Cf86%2Cf177%2Cf78%2Cf110%2Cf262%2Cf263%2Cf264%2Cf267%2Cf268%2Cf255%2Cf256%2Cf257%2Cf258%2Cf127%2Cf199%2Cf128%2Cf198%2Cf259%2Cf260%2Cf261%2Cf171%2Cf277%2Cf278%2Cf279%2Cf288%2Cf152%2Cf250%2Cf251%2Cf252%2Cf253%2Cf254%2Cf269%2Cf270%2Cf271%2Cf272%2Cf273%2Cf274%2Cf275%2Cf276%2Cf265%2Cf266%2Cf289%2Cf290%2Cf286%2Cf285%2Cf292%2Cf293%2Cf294%2Cf295%2Cf43&secid=1.603993 (Caused by ProxyError('Unable to connect to proxy', RemoteDisconnected('Remote end closed connection without response')))
2025-11-21 20:00:13,127 - growth_stock_screener - WARNING - 获取股票 300014 的概念板块信息失败: HTTPSConnectionPool(host='push2.eastmoney.com', port=443): Max retries exceeded with url: /api/qt/stock/get?fltt=2&invt=2&fields=f120%2Cf121%2Cf122%2Cf174%2Cf175%2Cf59%2Cf163%2Cf43%2Cf57%2Cf58%2Cf169%2Cf170%2Cf46%2Cf44%2Cf51%2Cf168%2Cf47%2Cf164%2Cf116%2Cf60%2Cf45%2Cf52%2Cf50%2Cf48%2Cf167%2Cf117%2Cf71%2Cf161%2Cf49%2Cf530%2Cf135%2Cf136%2Cf137%2Cf138%2Cf139%2Cf141%2Cf142%2Cf144%2Cf145%2Cf147%2Cf148%2Cf140%2Cf143%2Cf146%2Cf149%2Cf55%2Cf62%2Cf162%2Cf92%2Cf173%2Cf104%2Cf105%2Cf84%2Cf85%2Cf183%2Cf184%2Cf185%2Cf186%2Cf187%2Cf188%2Cf189%2Cf190%2Cf191%2Cf192%2Cf107%2Cf111%2Cf86%2Cf177%2Cf78%2Cf110%2Cf262%2Cf263%2Cf264%2Cf267%2Cf268%2Cf255%2Cf256%2Cf257%2Cf258%2Cf127%2Cf199%2Cf128%2Cf198%2Cf259%2Cf260%2Cf261%2Cf171%2Cf277%2Cf278%2Cf279%2Cf288%2Cf152%2Cf250%2Cf251%2Cf252%2Cf253%2Cf254%2Cf269%2Cf270%2Cf271%2Cf272%2Cf273%2Cf274%2Cf275%2Cf276%2Cf265%2Cf266%2Cf289%2Cf290%2Cf286%2Cf285%2Cf292%2Cf293%2Cf294%2Cf295%2Cf43&secid=0.300014 (Caused by ProxyError('Unable to connect to proxy', RemoteDisconnected('Remote end closed connection without response')))
2025-11-21 20:00:14,230 - growth_stock_screener - WARNING - 获取股票 688256 的概念板块信息失败: HTTPSConnectionPool(host='push2.eastmoney.com', port=443): Max retries exceeded with url: /api/qt/stock/get?fltt=2&invt=2&fields=f120%2Cf121%2Cf122%2Cf174%2Cf175%2Cf59%2Cf163%2Cf43%2Cf57%2Cf58%2Cf169%2Cf170%2Cf46%2Cf44%2Cf51%2Cf168%2Cf47%2Cf164%2Cf116%2Cf60%2Cf45%2Cf52%2Cf50%2Cf48%2Cf167%2Cf117%2Cf71%2Cf161%2Cf49%2Cf530%2Cf135%2Cf136%2Cf137%2Cf138%2Cf139%2Cf141%2Cf142%2Cf144%2Cf145%2Cf147%2Cf148%2Cf140%2Cf143%2Cf146%2Cf149%2Cf55%2Cf62%2Cf162%2Cf92%2Cf173%2Cf104%2Cf105%2Cf84%2Cf85%2Cf183%2Cf184%2Cf185%2Cf186%2Cf187%2Cf188%2Cf189%2Cf190%2Cf191%2Cf192%2Cf107%2Cf111%2Cf86%2Cf177%2Cf78%2Cf110%2Cf262%2Cf263%2Cf264%2Cf267%2Cf268%2Cf255%2Cf256%2Cf257%2Cf258%2Cf127%2Cf199%2Cf128%2Cf198%2Cf259%2Cf260%2Cf261%2Cf171%2Cf277%2Cf278%2Cf279%2Cf288%2Cf152%2Cf250%2Cf251%2Cf252%2Cf253%2Cf254%2Cf269%2Cf270%2Cf271%2Cf272%2Cf273%2Cf274%2Cf275%2Cf276%2Cf265%2Cf266%2Cf289%2Cf290%2Cf286%2Cf285%2Cf292%2Cf293%2Cf294%2Cf295%2Cf43&secid=1.688256 (Caused by ProxyError('Unable to connect to proxy', RemoteDisconnected('Remote end closed connection without response')))
2025-11-21 20:00:15,090 - growth_stock_screener - WARNING - 获取股票 00981 的概念板块信息失败: HTTPSConnectionPool(host='push2.eastmoney.com', port=443): Max retries exceeded with url: /api/qt/stock/get?fltt=2&invt=2&fields=f120%2Cf121%2Cf122%2Cf174%2Cf175%2Cf59%2Cf163%2Cf43%2Cf57%2Cf58%2Cf169%2Cf170%2Cf46%2Cf44%2Cf51%2Cf168%2Cf47%2Cf164%2Cf116%2Cf60%2Cf45%2Cf52%2Cf50%2Cf48%2Cf167%2Cf117%2Cf71%2Cf161%2Cf49%2Cf530%2Cf135%2Cf136%2Cf137%2Cf138%2Cf139%2Cf141%2Cf142%2Cf144%2Cf145%2Cf147%2Cf148%2Cf140%2Cf143%2Cf146%2Cf149%2Cf55%2Cf62%2Cf162%2Cf92%2Cf173%2Cf104%2Cf105%2Cf84%2Cf85%2Cf183%2Cf184%2Cf185%2Cf186%2Cf187%2Cf188%2Cf189%2Cf190%2Cf191%2Cf192%2Cf107%2Cf111%2Cf86%2Cf177%2Cf78%2Cf110%2Cf262%2Cf263%2Cf264%2Cf267%2Cf268%2Cf255%2Cf256%2Cf257%2Cf258%2Cf127%2Cf199%2Cf128%2Cf198%2Cf259%2Cf260%2Cf261%2Cf171%2Cf277%2Cf278%2Cf279%2Cf288%2Cf152%2Cf250%2Cf251%2Cf252%2Cf253%2Cf254%2Cf269%2Cf270%2Cf271%2Cf272%2Cf273%2Cf274%2Cf275%2Cf276%2Cf265%2Cf266%2Cf289%2Cf290%2Cf286%2Cf285%2Cf292%2Cf293%2Cf294%2Cf295%2Cf43&secid=0.00981 (Caused by ProxyError('Unable to connect to proxy', RemoteDisconnected('Remote end closed connection without response')))
2025-11-21 20:00:16,307 - growth_stock_screener - WARNING - 获取股票 601138 的概念板块信息失败: HTTPSConnectionPool(host='push2.eastmoney.com', port=443): Max retries exceeded with url: /api/qt/stock/get?fltt=2&invt=2&fields=f120%2Cf121%2Cf122%2Cf174%2Cf175%2Cf59%2Cf163%2Cf43%2Cf57%2Cf58%2Cf169%2Cf170%2Cf46%2Cf44%2Cf51%2Cf168%2Cf47%2Cf164%2Cf116%2Cf60%2Cf45%2Cf52%2Cf50%2Cf48%2Cf167%2Cf117%2Cf71%2Cf161%2Cf49%2Cf530%2Cf135%2Cf136%2Cf137%2Cf138%2Cf139%2Cf141%2Cf142%2Cf144%2Cf145%2Cf147%2Cf148%2Cf140%2Cf143%2Cf146%2Cf149%2Cf55%2Cf62%2Cf162%2Cf92%2Cf173%2Cf104%2Cf105%2Cf84%2Cf85%2Cf183%2Cf184%2Cf185%2Cf186%2Cf187%2Cf188%2Cf189%2Cf190%2Cf191%2Cf192%2Cf107%2Cf111%2Cf86%2Cf177%2Cf78%2Cf110%2Cf262%2Cf263%2Cf264%2Cf267%2Cf268%2Cf255%2Cf256%2Cf257%2Cf258%2Cf127%2Cf199%2Cf128%2Cf198%2Cf259%2Cf260%2Cf261%2Cf171%2Cf277%2Cf278%2Cf279%2Cf288%2Cf152%2Cf250%2Cf251%2Cf252%2Cf253%2Cf254%2Cf269%2Cf270%2Cf271%2Cf272%2Cf273%2Cf274%2Cf275%2Cf276%2Cf265%2Cf266%2Cf289%2Cf290%2Cf286%2Cf285%2Cf292%2Cf293%2Cf294%2Cf295%2Cf43&secid=1.601138 (Caused by ProxyError('Unable to connect to proxy', RemoteDisconnected('Remote end closed connection without response')))
2025-11-21 20:00:17,522 - growth_stock_screener - WARNING - 获取股票 002371 的概念板块信息失败: HTTPSConnectionPool(host='push2.eastmoney.com', port=443): Max retries exceeded with url: /api/qt/stock/get?fltt=2&invt=2&fields=f120%2Cf121%2Cf122%2Cf174%2Cf175%2Cf59%2Cf163%2Cf43%2Cf57%2Cf58%2Cf169%2Cf170%2Cf46%2Cf44%2Cf51%2Cf168%2Cf47%2Cf164%2Cf116%2Cf60%2Cf45%2Cf52%2Cf50%2Cf48%2Cf167%2Cf117%2Cf71%2Cf161%2Cf49%2Cf530%2Cf135%2Cf136%2Cf137%2Cf138%2Cf139%2Cf141%2Cf142%2Cf144%2Cf145%2Cf147%2Cf148%2Cf140%2Cf143%2Cf146%2Cf149%2Cf55%2Cf62%2Cf162%2Cf92%2Cf173%2Cf104%2Cf105%2Cf84%2Cf85%2Cf183%2Cf184%2Cf185%2Cf186%2Cf187%2Cf188%2Cf189%2Cf190%2Cf191%2Cf192%2Cf107%2Cf111%2Cf86%2Cf177%2Cf78%2Cf110%2Cf262%2Cf263%2Cf264%2Cf267%2Cf268%2Cf255%2Cf256%2Cf257%2Cf258%2Cf127%2Cf199%2Cf128%2Cf198%2Cf259%2Cf260%2Cf261%2Cf171%2Cf277%2Cf278%2Cf279%2Cf288%2Cf152%2Cf250%2Cf251%2Cf252%2Cf253%2Cf254%2Cf269%2Cf270%2Cf271%2Cf272%2Cf273%2Cf274%2Cf275%2Cf276%2Cf265%2Cf266%2Cf289%2Cf290%2Cf286%2Cf285%2Cf292%2Cf293%2Cf294%2Cf295%2Cf43&secid=0.002371 (Caused by ProxyError('Unable to connect to proxy', RemoteDisconnected('Remote end closed connection without response')))
2025-11-21 20:00:18,690 - growth_stock_screener - WARNING - 获取股票 300394 的概念板块信息失败: HTTPSConnectionPool(host='push2.eastmoney.com', port=443): Max retries exceeded with url: /api/qt/stock/get?fltt=2&invt=2&fields=f120%2Cf121%2Cf122%2Cf174%2Cf175%2Cf59%2Cf163%2Cf43%2Cf57%2Cf58%2Cf169%2Cf170%2Cf46%2Cf44%2Cf51%2Cf168%2Cf47%2Cf164%2Cf116%2Cf60%2Cf45%2Cf52%2Cf50%2Cf48%2Cf167%2Cf117%2Cf71%2Cf161%2Cf49%2Cf530%2Cf135%2Cf136%2Cf137%2Cf138%2Cf139%2Cf141%2Cf142%2Cf144%2Cf145%2Cf147%2Cf148%2Cf140%2Cf143%2Cf146%2Cf149%2Cf55%2Cf62%2Cf162%2Cf92%2Cf173%2Cf104%2Cf105%2Cf84%2Cf85%2Cf183%2Cf184%2Cf185%2Cf186%2Cf187%2Cf188%2Cf189%2Cf190%2Cf191%2Cf192%2Cf107%2Cf111%2Cf86%2Cf177%2Cf78%2Cf110%2Cf262%2Cf263%2Cf264%2Cf267%2Cf268%2Cf255%2Cf256%2Cf257%2Cf258%2Cf127%2Cf199%2Cf128%2Cf198%2Cf259%2Cf260%2Cf261%2Cf171%2Cf277%2Cf278%2Cf279%2Cf288%2Cf152%2Cf250%2Cf251%2Cf252%2Cf253%2Cf254%2Cf269%2Cf270%2Cf271%2Cf272%2Cf273%2Cf274%2Cf275%2Cf276%2Cf265%2Cf266%2Cf289%2Cf290%2Cf286%2Cf285%2Cf292%2Cf293%2Cf294%2Cf295%2Cf43&secid=0.300394 (Caused by ProxyError('Unable to connect to proxy', RemoteDisconnected('Remote end closed connection without response')))
2025-11-21 20:00:19,556 - growth_stock_screener - WARNING - 获取股票 688041 的概念板块信息失败: HTTPSConnectionPool(host='push2.eastmoney.com', port=443): Max retries exceeded with url: /api/qt/stock/get?fltt=2&invt=2&fields=f120%2Cf121%2Cf122%2Cf174%2Cf175%2Cf59%2Cf163%2Cf43%2Cf57%2Cf58%2Cf169%2Cf170%2Cf46%2Cf44%2Cf51%2Cf168%2Cf47%2Cf164%2Cf116%2Cf60%2Cf45%2Cf52%2Cf50%2Cf48%2Cf167%2Cf117%2Cf71%2Cf161%2Cf49%2Cf530%2Cf135%2Cf136%2Cf137%2Cf138%2Cf139%2Cf141%2Cf142%2Cf144%2Cf145%2Cf147%2Cf148%2Cf140%2Cf143%2Cf146%2Cf149%2Cf55%2Cf62%2Cf162%2Cf92%2Cf173%2Cf104%2Cf105%2Cf84%2Cf85%2Cf183%2Cf184%2Cf185%2Cf186%2Cf187%2Cf188%2Cf189%2Cf190%2Cf191%2Cf192%2Cf107%2Cf111%2Cf86%2Cf177%2Cf78%2Cf110%2Cf262%2Cf263%2Cf264%2Cf267%2Cf268%2Cf255%2Cf256%2Cf257%2Cf258%2Cf127%2Cf199%2Cf128%2Cf198%2Cf259%2Cf260%2Cf261%2Cf171%2Cf277%2Cf278%2Cf279%2Cf288%2Cf152%2Cf250%2Cf251%2Cf252%2Cf253%2Cf254%2Cf269%2Cf270%2Cf271%2Cf272%2Cf273%2Cf274%2Cf275%2Cf276%2Cf265%2Cf266%2Cf289%2Cf290%2Cf286%2Cf285%2Cf292%2Cf293%2Cf294%2Cf295%2Cf43&secid=1.688041 (Caused by ProxyError('Unable to connect to proxy', RemoteDisconnected('Remote end closed connection without response')))
2025-11-21 20:00:20,727 - growth_stock_screener - WARNING - 获取股票 601600 的概念板块信息失败: HTTPSConnectionPool(host='push2.eastmoney.com', port=443): Max retries exceeded with url: /api/qt/stock/get?fltt=2&invt=2&fields=f120%2Cf121%2Cf122%2Cf174%2Cf175%2Cf59%2Cf163%2Cf43%2Cf57%2Cf58%2Cf169%2Cf170%2Cf46%2Cf44%2Cf51%2Cf168%2Cf47%2Cf164%2Cf116%2Cf60%2Cf45%2Cf52%2Cf50%2Cf48%2Cf167%2Cf117%2Cf71%2Cf161%2Cf49%2Cf530%2Cf135%2Cf136%2Cf137%2Cf138%2Cf139%2Cf141%2Cf142%2Cf144%2Cf145%2Cf147%2Cf148%2Cf140%2Cf143%2Cf146%2Cf149%2Cf55%2Cf62%2Cf162%2Cf92%2Cf173%2Cf104%2Cf105%2Cf84%2Cf85%2Cf183%2Cf184%2Cf185%2Cf186%2Cf187%2Cf188%2Cf189%2Cf190%2Cf191%2Cf192%2Cf107%2Cf111%2Cf86%2Cf177%2Cf78%2Cf110%2Cf262%2Cf263%2Cf264%2Cf267%2Cf268%2Cf255%2Cf256%2Cf257%2Cf258%2Cf127%2Cf199%2Cf128%2Cf198%2Cf259%2Cf260%2Cf261%2Cf171%2Cf277%2Cf278%2Cf279%2Cf288%2Cf152%2Cf250%2Cf251%2Cf252%2Cf253%2Cf254%2Cf269%2Cf270%2Cf271%2Cf272%2Cf273%2Cf274%2Cf275%2Cf276%2Cf265%2Cf266%2Cf289%2Cf290%2Cf286%2Cf285%2Cf292%2Cf293%2Cf294%2Cf295%2Cf43&secid=1.601600 (Caused by ProxyError('Unable to connect to proxy', RemoteDisconnected('Remote end closed connection without response')))
2025-11-21 20:00:21,720 - growth_stock_screener - WARNING - 获取股票 300570 的概念板块信息失败: HTTPSConnectionPool(host='push2.eastmoney.com', port=443): Max retries exceeded with url: /api/qt/stock/get?fltt=2&invt=2&fields=f120%2Cf121%2Cf122%2Cf174%2Cf175%2Cf59%2Cf163%2Cf43%2Cf57%2Cf58%2Cf169%2Cf170%2Cf46%2Cf44%2Cf51%2Cf168%2Cf47%2Cf164%2Cf116%2Cf60%2Cf45%2Cf52%2Cf50%2Cf48%2Cf167%2Cf117%2Cf71%2Cf161%2Cf49%2Cf530%2Cf135%2Cf136%2Cf137%2Cf138%2Cf139%2Cf141%2Cf142%2Cf144%2Cf145%2Cf147%2Cf148%2Cf140%2Cf143%2Cf146%2Cf149%2Cf55%2Cf62%2Cf162%2Cf92%2Cf173%2Cf104%2Cf105%2Cf84%2Cf85%2Cf183%2Cf184%2Cf185%2Cf186%2Cf187%2Cf188%2Cf189%2Cf190%2Cf191%2Cf192%2Cf107%2Cf111%2Cf86%2Cf177%2Cf78%2Cf110%2Cf262%2Cf263%2Cf264%2Cf267%2Cf268%2Cf255%2Cf256%2Cf257%2Cf258%2Cf127%2Cf199%2Cf128%2Cf198%2Cf259%2Cf260%2Cf261%2Cf171%2Cf277%2Cf278%2Cf279%2Cf288%2Cf152%2Cf250%2Cf251%2Cf252%2Cf253%2Cf254%2Cf269%2Cf270%2Cf271%2Cf272%2Cf273%2Cf274%2Cf275%2Cf276%2Cf265%2Cf266%2Cf289%2Cf290%2Cf286%2Cf285%2Cf292%2Cf293%2Cf294%2Cf295%2Cf43&secid=0.300570 (Caused by ProxyError('Unable to connect to proxy', RemoteDisconnected('Remote end closed connection without response')))
2025-11-21 20:00:23,076 - growth_stock_screener - WARNING - 获取股票 000807 的概念板块信息失败: HTTPSConnectionPool(host='push2.eastmoney.com', port=443): Max retries exceeded with url: /api/qt/stock/get?fltt=2&invt=2&fields=f120%2Cf121%2Cf122%2Cf174%2Cf175%2Cf59%2Cf163%2Cf43%2Cf57%2Cf58%2Cf169%2Cf170%2Cf46%2Cf44%2Cf51%2Cf168%2Cf47%2Cf164%2Cf116%2Cf60%2Cf45%2Cf52%2Cf50%2Cf48%2Cf167%2Cf117%2Cf71%2Cf161%2Cf49%2Cf530%2Cf135%2Cf136%2Cf137%2Cf138%2Cf139%2Cf141%2Cf142%2Cf144%2Cf145%2Cf147%2Cf148%2Cf140%2Cf143%2Cf146%2Cf149%2Cf55%2Cf62%2Cf162%2Cf92%2Cf173%2Cf104%2Cf105%2Cf84%2Cf85%2Cf183%2Cf184%2Cf185%2Cf186%2Cf187%2Cf188%2Cf189%2Cf190%2Cf191%2Cf192%2Cf107%2Cf111%2Cf86%2Cf177%2Cf78%2Cf110%2Cf262%2Cf263%2Cf264%2Cf267%2Cf268%2Cf255%2Cf256%2Cf257%2Cf258%2Cf127%2Cf199%2Cf128%2Cf198%2Cf259%2Cf260%2Cf261%2Cf171%2Cf277%2Cf278%2Cf279%2Cf288%2Cf152%2Cf250%2Cf251%2Cf252%2Cf253%2Cf254%2Cf269%2Cf270%2Cf271%2Cf272%2Cf273%2Cf274%2Cf275%2Cf276%2Cf265%2Cf266%2Cf289%2Cf290%2Cf286%2Cf285%2Cf292%2Cf293%2Cf294%2Cf295%2Cf43&secid=0.000807 (Caused by ProxyError('Unable to connect to proxy', RemoteDisconnected('Remote end closed connection without response')))
2025-11-21 20:00:23,913 - growth_stock_screener - WARNING - 获取股票 603659 的概念板块信息失败: HTTPSConnectionPool(host='push2.eastmoney.com', port=443): Max retries exceeded with url: /api/qt/stock/get?fltt=2&invt=2&fields=f120%2Cf121%2Cf122%2Cf174%2Cf175%2Cf59%2Cf163%2Cf43%2Cf57%2Cf58%2Cf169%2Cf170%2Cf46%2Cf44%2Cf51%2Cf168%2Cf47%2Cf164%2Cf116%2Cf60%2Cf45%2Cf52%2Cf50%2Cf48%2Cf167%2Cf117%2Cf71%2Cf161%2Cf49%2Cf530%2Cf135%2Cf136%2Cf137%2Cf138%2Cf139%2Cf141%2Cf142%2Cf144%2Cf145%2Cf147%2Cf148%2Cf140%2Cf143%2Cf146%2Cf149%2Cf55%2Cf62%2Cf162%2Cf92%2Cf173%2Cf104%2Cf105%2Cf84%2Cf85%2Cf183%2Cf184%2Cf185%2Cf186%2Cf187%2Cf188%2Cf189%2Cf190%2Cf191%2Cf192%2Cf107%2Cf111%2Cf86%2Cf177%2Cf78%2Cf110%2Cf262%2Cf263%2Cf264%2Cf267%2Cf268%2Cf255%2Cf256%2Cf257%2Cf258%2Cf127%2Cf199%2Cf128%2Cf198%2Cf259%2Cf260%2Cf261%2Cf171%2Cf277%2Cf278%2Cf279%2Cf288%2Cf152%2Cf250%2Cf251%2Cf252%2Cf253%2Cf254%2Cf269%2Cf270%2Cf271%2Cf272%2Cf273%2Cf274%2Cf275%2Cf276%2Cf265%2Cf266%2Cf289%2Cf290%2Cf286%2Cf285%2Cf292%2Cf293%2Cf294%2Cf295%2Cf43&secid=1.603659 (Caused by ProxyError('Unable to connect to proxy', RemoteDisconnected('Remote end closed connection without response')))
2025-11-21 20:00:24,802 - growth_stock_screener - WARNING - 获取股票 002475 的概念板块信息失败: HTTPSConnectionPool(host='push2.eastmoney.com', port=443): Max retries exceeded with url: /api/qt/stock/get?fltt=2&invt=2&fields=f120%2Cf121%2Cf122%2Cf174%2Cf175%2Cf59%2Cf163%2Cf43%2Cf57%2Cf58%2Cf169%2Cf170%2Cf46%2Cf44%2Cf51%2Cf168%2Cf47%2Cf164%2Cf116%2Cf60%2Cf45%2Cf52%2Cf50%2Cf48%2Cf167%2Cf117%2Cf71%2Cf161%2Cf49%2Cf530%2Cf135%2Cf136%2Cf137%2Cf138%2Cf139%2Cf141%2Cf142%2Cf144%2Cf145%2Cf147%2Cf148%2Cf140%2Cf143%2Cf146%2Cf149%2Cf55%2Cf62%2Cf162%2Cf92%2Cf173%2Cf104%2Cf105%2Cf84%2Cf85%2Cf183%2Cf184%2Cf185%2Cf186%2Cf187%2Cf188%2Cf189%2Cf190%2Cf191%2Cf192%2Cf107%2Cf111%2Cf86%2Cf177%2Cf78%2Cf110%2Cf262%2Cf263%2Cf264%2Cf267%2Cf268%2Cf255%2Cf256%2Cf257%2Cf258%2Cf127%2Cf199%2Cf128%2Cf198%2Cf259%2Cf260%2Cf261%2Cf171%2Cf277%2Cf278%2Cf279%2Cf288%2Cf152%2Cf250%2Cf251%2Cf252%2Cf253%2Cf254%2Cf269%2Cf270%2Cf271%2Cf272%2Cf273%2Cf274%2Cf275%2Cf276%2Cf265%2Cf266%2Cf289%2Cf290%2Cf286%2Cf285%2Cf292%2Cf293%2Cf294%2Cf295%2Cf43&secid=0.002475 (Caused by ProxyError('Unable to connect to proxy', RemoteDisconnected('Remote end closed connection without response')))
2025-11-21 20:00:25,667 - growth_stock_screener - WARNING - 获取股票 002384 的概念板块信息失败: HTTPSConnectionPool(host='push2.eastmoney.com', port=443): Max retries exceeded with url: /api/qt/stock/get?fltt=2&invt=2&fields=f120%2Cf121%2Cf122%2Cf174%2Cf175%2Cf59%2Cf163%2Cf43%2Cf57%2Cf58%2Cf169%2Cf170%2Cf46%2Cf44%2Cf51%2Cf168%2Cf47%2Cf164%2Cf116%2Cf60%2Cf45%2Cf52%2Cf50%2Cf48%2Cf167%2Cf117%2Cf71%2Cf161%2Cf49%2Cf530%2Cf135%2Cf136%2Cf137%2Cf138%2Cf139%2Cf141%2Cf142%2Cf144%2Cf145%2Cf147%2Cf148%2Cf140%2Cf143%2Cf146%2Cf149%2Cf55%2Cf62%2Cf162%2Cf92%2Cf173%2Cf104%2Cf105%2Cf84%2Cf85%2Cf183%2Cf184%2Cf185%2Cf186%2Cf187%2Cf188%2Cf189%2Cf190%2Cf191%2Cf192%2Cf107%2Cf111%2Cf86%2Cf177%2Cf78%2Cf110%2Cf262%2Cf263%2Cf264%2Cf267%2Cf268%2Cf255%2Cf256%2Cf257%2Cf258%2Cf127%2Cf199%2Cf128%2Cf198%2Cf259%2Cf260%2Cf261%2Cf171%2Cf277%2Cf278%2Cf279%2Cf288%2Cf152%2Cf250%2Cf251%2Cf252%2Cf253%2Cf254%2Cf269%2Cf270%2Cf271%2Cf272%2Cf273%2Cf274%2Cf275%2Cf276%2Cf265%2Cf266%2Cf289%2Cf290%2Cf286%2Cf285%2Cf292%2Cf293%2Cf294%2Cf295%2Cf43&secid=0.002384 (Caused by ProxyError('Unable to connect to proxy', RemoteDisconnected('Remote end closed connection without response')))
2025-11-21 20:00:27,089 - growth_stock_screener - WARNING - 获取股票 000426 的概念板块信息失败: HTTPSConnectionPool(host='push2.eastmoney.com', port=443): Max retries exceeded with url: /api/qt/stock/get?fltt=2&invt=2&fields=f120%2Cf121%2Cf122%2Cf174%2Cf175%2Cf59%2Cf163%2Cf43%2Cf57%2Cf58%2Cf169%2Cf170%2Cf46%2Cf44%2Cf51%2Cf168%2Cf47%2Cf164%2Cf116%2Cf60%2Cf45%2Cf52%2Cf50%2Cf48%2Cf167%2Cf117%2Cf71%2Cf161%2Cf49%2Cf530%2Cf135%2Cf136%2Cf137%2Cf138%2Cf139%2Cf141%2Cf142%2Cf144%2Cf145%2Cf147%2Cf148%2Cf140%2Cf143%2Cf146%2Cf149%2Cf55%2Cf62%2Cf162%2Cf92%2Cf173%2Cf104%2Cf105%2Cf84%2Cf85%2Cf183%2Cf184%2Cf185%2Cf186%2Cf187%2Cf188%2Cf189%2Cf190%2Cf191%2Cf192%2Cf107%2Cf111%2Cf86%2Cf177%2Cf78%2Cf110%2Cf262%2Cf263%2Cf264%2Cf267%2Cf268%2Cf255%2Cf256%2Cf257%2Cf258%2Cf127%2Cf199%2Cf128%2Cf198%2Cf259%2Cf260%2Cf261%2Cf171%2Cf277%2Cf278%2Cf279%2Cf288%2Cf152%2Cf250%2Cf251%2Cf252%2Cf253%2Cf254%2Cf269%2Cf270%2Cf271%2Cf272%2Cf273%2Cf274%2Cf275%2Cf276%2Cf265%2Cf266%2Cf289%2Cf290%2Cf286%2Cf285%2Cf292%2Cf293%2Cf294%2Cf295%2Cf43&secid=0.000426 (Caused by ProxyError('Unable to connect to proxy', RemoteDisconnected('Remote end closed connection without response')))
2025-11-21 20:00:27,997 - growth_stock_screener - WARNING - 获取股票 603799 的概念板块信息失败: HTTPSConnectionPool(host='push2.eastmoney.com', port=443): Max retries exceeded with url: /api/qt/stock/get?fltt=2&invt=2&fields=f120%2Cf121%2Cf122%2Cf174%2Cf175%2Cf59%2Cf163%2Cf43%2Cf57%2Cf58%2Cf169%2Cf170%2Cf46%2Cf44%2Cf51%2Cf168%2Cf47%2Cf164%2Cf116%2Cf60%2Cf45%2Cf52%2Cf50%2Cf48%2Cf167%2Cf117%2Cf71%2Cf161%2Cf49%2Cf530%2Cf135%2Cf136%2Cf137%2Cf138%2Cf139%2Cf141%2Cf142%2Cf144%2Cf145%2Cf147%2Cf148%2Cf140%2Cf143%2Cf146%2Cf149%2Cf55%2Cf62%2Cf162%2Cf92%2Cf173%2Cf104%2Cf105%2Cf84%2Cf85%2Cf183%2Cf184%2Cf185%2Cf186%2Cf187%2Cf188%2Cf189%2Cf190%2Cf191%2Cf192%2Cf107%2Cf111%2Cf86%2Cf177%2Cf78%2Cf110%2Cf262%2Cf263%2Cf264%2Cf267%2Cf268%2Cf255%2Cf256%2Cf257%2Cf258%2Cf127%2Cf199%2Cf128%2Cf198%2Cf259%2Cf260%2Cf261%2Cf171%2Cf277%2Cf278%2Cf279%2Cf288%2Cf152%2Cf250%2Cf251%2Cf252%2Cf253%2Cf254%2Cf269%2Cf270%2Cf271%2Cf272%2Cf273%2Cf274%2Cf275%2Cf276%2Cf265%2Cf266%2Cf289%2Cf290%2Cf286%2Cf285%2Cf292%2Cf293%2Cf294%2Cf295%2Cf43&secid=1.603799 (Caused by ProxyError('Unable to connect to proxy', RemoteDisconnected('Remote end closed connection without response')))
2025-11-21 20:00:29,151 - growth_stock_screener - WARNING - 获取股票 002850 的概念板块信息失败: HTTPSConnectionPool(host='push2.eastmoney.com', port=443): Max retries exceeded with url: /api/qt/stock/get?fltt=2&invt=2&fields=f120%2Cf121%2Cf122%2Cf174%2Cf175%2Cf59%2Cf163%2Cf43%2Cf57%2Cf58%2Cf169%2Cf170%2Cf46%2Cf44%2Cf51%2Cf168%2Cf47%2Cf164%2Cf116%2Cf60%2Cf45%2Cf52%2Cf50%2Cf48%2Cf167%2Cf117%2Cf71%2Cf161%2Cf49%2Cf530%2Cf135%2Cf136%2Cf137%2Cf138%2Cf139%2Cf141%2Cf142%2Cf144%2Cf145%2Cf147%2Cf148%2Cf140%2Cf143%2Cf146%2Cf149%2Cf55%2Cf62%2Cf162%2Cf92%2Cf173%2Cf104%2Cf105%2Cf84%2Cf85%2Cf183%2Cf184%2Cf185%2Cf186%2Cf187%2Cf188%2Cf189%2Cf190%2Cf191%2Cf192%2Cf107%2Cf111%2Cf86%2Cf177%2Cf78%2Cf110%2Cf262%2Cf263%2Cf264%2Cf267%2Cf268%2Cf255%2Cf256%2Cf257%2Cf258%2Cf127%2Cf199%2Cf128%2Cf198%2Cf259%2Cf260%2Cf261%2Cf171%2Cf277%2Cf278%2Cf279%2Cf288%2Cf152%2Cf250%2Cf251%2Cf252%2Cf253%2Cf254%2Cf269%2Cf270%2Cf271%2Cf272%2Cf273%2Cf274%2Cf275%2Cf276%2Cf265%2Cf266%2Cf289%2Cf290%2Cf286%2Cf285%2Cf292%2Cf293%2Cf294%2Cf295%2Cf43&secid=0.002850 (Caused by ProxyError('Unable to connect to proxy', RemoteDisconnected('Remote end closed connection without response')))
2025-11-21 20:00:30,501 - growth_stock_screener - WARNING - 获取股票 301358 的概念板块信息失败: HTTPSConnectionPool(host='push2.eastmoney.com', port=443): Max retries exceeded with url: /api/qt/stock/get?fltt=2&invt=2&fields=f120%2Cf121%2Cf122%2Cf174%2Cf175%2Cf59%2Cf163%2Cf43%2Cf57%2Cf58%2Cf169%2Cf170%2Cf46%2Cf44%2Cf51%2Cf168%2Cf47%2Cf164%2Cf116%2Cf60%2Cf45%2Cf52%2Cf50%2Cf48%2Cf167%2Cf117%2Cf71%2Cf161%2Cf49%2Cf530%2Cf135%2Cf136%2Cf137%2Cf138%2Cf139%2Cf141%2Cf142%2Cf144%2Cf145%2Cf147%2Cf148%2Cf140%2Cf143%2Cf146%2Cf149%2Cf55%2Cf62%2Cf162%2Cf92%2Cf173%2Cf104%2Cf105%2Cf84%2Cf85%2Cf183%2Cf184%2Cf185%2Cf186%2Cf187%2Cf188%2Cf189%2Cf190%2Cf191%2Cf192%2Cf107%2Cf111%2Cf86%2Cf177%2Cf78%2Cf110%2Cf262%2Cf263%2Cf264%2Cf267%2Cf268%2Cf255%2Cf256%2Cf257%2Cf258%2Cf127%2Cf199%2Cf128%2Cf198%2Cf259%2Cf260%2Cf261%2Cf171%2Cf277%2Cf278%2Cf279%2Cf288%2Cf152%2Cf250%2Cf251%2Cf252%2Cf253%2Cf254%2Cf269%2Cf270%2Cf271%2Cf272%2Cf273%2Cf274%2Cf275%2Cf276%2Cf265%2Cf266%2Cf289%2Cf290%2Cf286%2Cf285%2Cf292%2Cf293%2Cf294%2Cf295%2Cf43&secid=0.301358 (Caused by ProxyError('Unable to connect to proxy', RemoteDisconnected('Remote end closed connection without response')))
2025-11-21 20:00:31,385 - growth_stock_screener - WARNING - 获取股票 688008 的概念板块信息失败: HTTPSConnectionPool(host='push2.eastmoney.com', port=443): Max retries exceeded with url: /api/qt/stock/get?fltt=2&invt=2&fields=f120%2Cf121%2Cf122%2Cf174%2Cf175%2Cf59%2Cf163%2Cf43%2Cf57%2Cf58%2Cf169%2Cf170%2Cf46%2Cf44%2Cf51%2Cf168%2Cf47%2Cf164%2Cf116%2Cf60%2Cf45%2Cf52%2Cf50%2Cf48%2Cf167%2Cf117%2Cf71%2Cf161%2Cf49%2Cf530%2Cf135%2Cf136%2Cf137%2Cf138%2Cf139%2Cf141%2Cf142%2Cf144%2Cf145%2Cf147%2Cf148%2Cf140%2Cf143%2Cf146%2Cf149%2Cf55%2Cf62%2Cf162%2Cf92%2Cf173%2Cf104%2Cf105%2Cf84%2Cf85%2Cf183%2Cf184%2Cf185%2Cf186%2Cf187%2Cf188%2Cf189%2Cf190%2Cf191%2Cf192%2Cf107%2Cf111%2Cf86%2Cf177%2Cf78%2Cf110%2Cf262%2Cf263%2Cf264%2Cf267%2Cf268%2Cf255%2Cf256%2Cf257%2Cf258%2Cf127%2Cf199%2Cf128%2Cf198%2Cf259%2Cf260%2Cf261%2Cf171%2Cf277%2Cf278%2Cf279%2Cf288%2Cf152%2Cf250%2Cf251%2Cf252%2Cf253%2Cf254%2Cf269%2Cf270%2Cf271%2Cf272%2Cf273%2Cf274%2Cf275%2Cf276%2Cf265%2Cf266%2Cf289%2Cf290%2Cf286%2Cf285%2Cf292%2Cf293%2Cf294%2Cf295%2Cf43&secid=1.688008 (Caused by ProxyError('Unable to connect to proxy', RemoteDisconnected('Remote end closed connection without response')))
2025-11-21 20:00:32,323 - growth_stock_screener - WARNING - 获取股票 688498 的概念板块信息失败: HTTPSConnectionPool(host='push2.eastmoney.com', port=443): Max retries exceeded with url: /api/qt/stock/get?fltt=2&invt=2&fields=f120%2Cf121%2Cf122%2Cf174%2Cf175%2Cf59%2Cf163%2Cf43%2Cf57%2Cf58%2Cf169%2Cf170%2Cf46%2Cf44%2Cf51%2Cf168%2Cf47%2Cf164%2Cf116%2Cf60%2Cf45%2Cf52%2Cf50%2Cf48%2Cf167%2Cf117%2Cf71%2Cf161%2Cf49%2Cf530%2Cf135%2Cf136%2Cf137%2Cf138%2Cf139%2Cf141%2Cf142%2Cf144%2Cf145%2Cf147%2Cf148%2Cf140%2Cf143%2Cf146%2Cf149%2Cf55%2Cf62%2Cf162%2Cf92%2Cf173%2Cf104%2Cf105%2Cf84%2Cf85%2Cf183%2Cf184%2Cf185%2Cf186%2Cf187%2Cf188%2Cf189%2Cf190%2Cf191%2Cf192%2Cf107%2Cf111%2Cf86%2Cf177%2Cf78%2Cf110%2Cf262%2Cf263%2Cf264%2Cf267%2Cf268%2Cf255%2Cf256%2Cf257%2Cf258%2Cf127%2Cf199%2Cf128%2Cf198%2Cf259%2Cf260%2Cf261%2Cf171%2Cf277%2Cf278%2Cf279%2Cf288%2Cf152%2Cf250%2Cf251%2Cf252%2Cf253%2Cf254%2Cf269%2Cf270%2Cf271%2Cf272%2Cf273%2Cf274%2Cf275%2Cf276%2Cf265%2Cf266%2Cf289%2Cf290%2Cf286%2Cf285%2Cf292%2Cf293%2Cf294%2Cf295%2Cf43&secid=1.688498 (Caused by ProxyError('Unable to connect to proxy', RemoteDisconnected('Remote end closed connection without response')))
2025-11-21 20:00:33,214 - growth_stock_screener - WARNING - 获取股票 601168 的概念板块信息失败: HTTPSConnectionPool(host='push2.eastmoney.com', port=443): Max retries exceeded with url: /api/qt/stock/get?fltt=2&invt=2&fields=f120%2Cf121%2Cf122%2Cf174%2Cf175%2Cf59%2Cf163%2Cf43%2Cf57%2Cf58%2Cf169%2Cf170%2Cf46%2Cf44%2Cf51%2Cf168%2Cf47%2Cf164%2Cf116%2Cf60%2Cf45%2Cf52%2Cf50%2Cf48%2Cf167%2Cf117%2Cf71%2Cf161%2Cf49%2Cf530%2Cf135%2Cf136%2Cf137%2Cf138%2Cf139%2Cf141%2Cf142%2Cf144%2Cf145%2Cf147%2Cf148%2Cf140%2Cf143%2Cf146%2Cf149%2Cf55%2Cf62%2Cf162%2Cf92%2Cf173%2Cf104%2Cf105%2Cf84%2Cf85%2Cf183%2Cf184%2Cf185%2Cf186%2Cf187%2Cf188%2Cf189%2Cf190%2Cf191%2Cf192%2Cf107%2Cf111%2Cf86%2Cf177%2Cf78%2Cf110%2Cf262%2Cf263%2Cf264%2Cf267%2Cf268%2Cf255%2Cf256%2Cf257%2Cf258%2Cf127%2Cf199%2Cf128%2Cf198%2Cf259%2Cf260%2Cf261%2Cf171%2Cf277%2Cf278%2Cf279%2Cf288%2Cf152%2Cf250%2Cf251%2Cf252%2Cf253%2Cf254%2Cf269%2Cf270%2Cf271%2Cf272%2Cf273%2Cf274%2Cf275%2Cf276%2Cf265%2Cf266%2Cf289%2Cf290%2Cf286%2Cf285%2Cf292%2Cf293%2Cf294%2Cf295%2Cf43&secid=1.601168 (Caused by ProxyError('Unable to connect to proxy', RemoteDisconnected('Remote end closed connection without response')))
2025-11-21 20:00:34,640 - growth_stock_screener - WARNING - 获取股票 605499 的概念板块信息失败: HTTPSConnectionPool(host='push2.eastmoney.com', port=443): Max retries exceeded with url: /api/qt/stock/get?fltt=2&invt=2&fields=f120%2Cf121%2Cf122%2Cf174%2Cf175%2Cf59%2Cf163%2Cf43%2Cf57%2Cf58%2Cf169%2Cf170%2Cf46%2Cf44%2Cf51%2Cf168%2Cf47%2Cf164%2Cf116%2Cf60%2Cf45%2Cf52%2Cf50%2Cf48%2Cf167%2Cf117%2Cf71%2Cf161%2Cf49%2Cf530%2Cf135%2Cf136%2Cf137%2Cf138%2Cf139%2Cf141%2Cf142%2Cf144%2Cf145%2Cf147%2Cf148%2Cf140%2Cf143%2Cf146%2Cf149%2Cf55%2Cf62%2Cf162%2Cf92%2Cf173%2Cf104%2Cf105%2Cf84%2Cf85%2Cf183%2Cf184%2Cf185%2Cf186%2Cf187%2Cf188%2Cf189%2Cf190%2Cf191%2Cf192%2Cf107%2Cf111%2Cf86%2Cf177%2Cf78%2Cf110%2Cf262%2Cf263%2Cf264%2Cf267%2Cf268%2Cf255%2Cf256%2Cf257%2Cf258%2Cf127%2Cf199%2Cf128%2Cf198%2Cf259%2Cf260%2Cf261%2Cf171%2Cf277%2Cf278%2Cf279%2Cf288%2Cf152%2Cf250%2Cf251%2Cf252%2Cf253%2Cf254%2Cf269%2Cf270%2Cf271%2Cf272%2Cf273%2Cf274%2Cf275%2Cf276%2Cf265%2Cf266%2Cf289%2Cf290%2Cf286%2Cf285%2Cf292%2Cf293%2Cf294%2Cf295%2Cf43&secid=1.605499 (Caused by ProxyError('Unable to connect to proxy', RemoteDisconnected('Remote end closed connection without response')))
2025-11-21 20:00:36,067 - growth_stock_screener - WARNING - 获取股票 603979 的概念板块信息失败: HTTPSConnectionPool(host='push2.eastmoney.com', port=443): Max retries exceeded with url: /api/qt/stock/get?fltt=2&invt=2&fields=f120%2Cf121%2Cf122%2Cf174%2Cf175%2Cf59%2Cf163%2Cf43%2Cf57%2Cf58%2Cf169%2Cf170%2Cf46%2Cf44%2Cf51%2Cf168%2Cf47%2Cf164%2Cf116%2Cf60%2Cf45%2Cf52%2Cf50%2Cf48%2Cf167%2Cf117%2Cf71%2Cf161%2Cf49%2Cf530%2Cf135%2Cf136%2Cf137%2Cf138%2Cf139%2Cf141%2Cf142%2Cf144%2Cf145%2Cf147%2Cf148%2Cf140%2Cf143%2Cf146%2Cf149%2Cf55%2Cf62%2Cf162%2Cf92%2Cf173%2Cf104%2Cf105%2Cf84%2Cf85%2Cf183%2Cf184%2Cf185%2Cf186%2Cf187%2Cf188%2Cf189%2Cf190%2Cf191%2Cf192%2Cf107%2Cf111%2Cf86%2Cf177%2Cf78%2Cf110%2Cf262%2Cf263%2Cf264%2Cf267%2Cf268%2Cf255%2Cf256%2Cf257%2Cf258%2Cf127%2Cf199%2Cf128%2Cf198%2Cf259%2Cf260%2Cf261%2Cf171%2Cf277%2Cf278%2Cf279%2Cf288%2Cf152%2Cf250%2Cf251%2Cf252%2Cf253%2Cf254%2Cf269%2Cf270%2Cf271%2Cf272%2Cf273%2Cf274%2Cf275%2Cf276%2Cf265%2Cf266%2Cf289%2Cf290%2Cf286%2Cf285%2Cf292%2Cf293%2Cf294%2Cf295%2Cf43&secid=1.603979 (Caused by ProxyError('Unable to connect to proxy', RemoteDisconnected('Remote end closed connection without response')))
2025-11-21 20:00:37,200 - growth_stock_screener - WARNING - 获取股票 01810 的概念板块信息失败: HTTPSConnectionPool(host='push2.eastmoney.com', port=443): Max retries exceeded with url: /api/qt/stock/get?fltt=2&invt=2&fields=f120%2Cf121%2Cf122%2Cf174%2Cf175%2Cf59%2Cf163%2Cf43%2Cf57%2Cf58%2Cf169%2Cf170%2Cf46%2Cf44%2Cf51%2Cf168%2Cf47%2Cf164%2Cf116%2Cf60%2Cf45%2Cf52%2Cf50%2Cf48%2Cf167%2Cf117%2Cf71%2Cf161%2Cf49%2Cf530%2Cf135%2Cf136%2Cf137%2Cf138%2Cf139%2Cf141%2Cf142%2Cf144%2Cf145%2Cf147%2Cf148%2Cf140%2Cf143%2Cf146%2Cf149%2Cf55%2Cf62%2Cf162%2Cf92%2Cf173%2Cf104%2Cf105%2Cf84%2Cf85%2Cf183%2Cf184%2Cf185%2Cf186%2Cf187%2Cf188%2Cf189%2Cf190%2Cf191%2Cf192%2Cf107%2Cf111%2Cf86%2Cf177%2Cf78%2Cf110%2Cf262%2Cf263%2Cf264%2Cf267%2Cf268%2Cf255%2Cf256%2Cf257%2Cf258%2Cf127%2Cf199%2Cf128%2Cf198%2Cf259%2Cf260%2Cf261%2Cf171%2Cf277%2Cf278%2Cf279%2Cf288%2Cf152%2Cf250%2Cf251%2Cf252%2Cf253%2Cf254%2Cf269%2Cf270%2Cf271%2Cf272%2Cf273%2Cf274%2Cf275%2Cf276%2Cf265%2Cf266%2Cf289%2Cf290%2Cf286%2Cf285%2Cf292%2Cf293%2Cf294%2Cf295%2Cf43&secid=0.01810 (Caused by ProxyError('Unable to connect to proxy', RemoteDisconnected('Remote end closed connection without response')))
2025-11-21 20:00:38,072 - growth_stock_screener - WARNING - 获取股票 600489 的概念板块信息失败: HTTPSConnectionPool(host='push2.eastmoney.com', port=443): Max retries exceeded with url: /api/qt/stock/get?fltt=2&invt=2&fields=f120%2Cf121%2Cf122%2Cf174%2Cf175%2Cf59%2Cf163%2Cf43%2Cf57%2Cf58%2Cf169%2Cf170%2Cf46%2Cf44%2Cf51%2Cf168%2Cf47%2Cf164%2Cf116%2Cf60%2Cf45%2Cf52%2Cf50%2Cf48%2Cf167%2Cf117%2Cf71%2Cf161%2Cf49%2Cf530%2Cf135%2Cf136%2Cf137%2Cf138%2Cf139%2Cf141%2Cf142%2Cf144%2Cf145%2Cf147%2Cf148%2Cf140%2Cf143%2Cf146%2Cf149%2Cf55%2Cf62%2Cf162%2Cf92%2Cf173%2Cf104%2Cf105%2Cf84%2Cf85%2Cf183%2Cf184%2Cf185%2Cf186%2Cf187%2Cf188%2Cf189%2Cf190%2Cf191%2Cf192%2Cf107%2Cf111%2Cf86%2Cf177%2Cf78%2Cf110%2Cf262%2Cf263%2Cf264%2Cf267%2Cf268%2Cf255%2Cf256%2Cf257%2Cf258%2Cf127%2Cf199%2Cf128%2Cf198%2Cf259%2Cf260%2Cf261%2Cf171%2Cf277%2Cf278%2Cf279%2Cf288%2Cf152%2Cf250%2Cf251%2Cf252%2Cf253%2Cf254%2Cf269%2Cf270%2Cf271%2Cf272%2Cf273%2Cf274%2Cf275%2Cf276%2Cf265%2Cf266%2Cf289%2Cf290%2Cf286%2Cf285%2Cf292%2Cf293%2Cf294%2Cf295%2Cf43&secid=1.600489 (Caused by ProxyError('Unable to connect to proxy', RemoteDisconnected('Remote end closed connection without response')))
2025-11-21 20:00:38,978 - growth_stock_screener - WARNING - 获取股票 300433 的概念板块信息失败: HTTPSConnectionPool(host='push2.eastmoney.com', port=443): Max retries exceeded with url: /api/qt/stock/get?fltt=2&invt=2&fields=f120%2Cf121%2Cf122%2Cf174%2Cf175%2Cf59%2Cf163%2Cf43%2Cf57%2Cf58%2Cf169%2Cf170%2Cf46%2Cf44%2Cf51%2Cf168%2Cf47%2Cf164%2Cf116%2Cf60%2Cf45%2Cf52%2Cf50%2Cf48%2Cf167%2Cf117%2Cf71%2Cf161%2Cf49%2Cf530%2Cf135%2Cf136%2Cf137%2Cf138%2Cf139%2Cf141%2Cf142%2Cf144%2Cf145%2Cf147%2Cf148%2Cf140%2Cf143%2Cf146%2Cf149%2Cf55%2Cf62%2Cf162%2Cf92%2Cf173%2Cf104%2Cf105%2Cf84%2Cf85%2Cf183%2Cf184%2Cf185%2Cf186%2Cf187%2Cf188%2Cf189%2Cf190%2Cf191%2Cf192%2Cf107%2Cf111%2Cf86%2Cf177%2Cf78%2Cf110%2Cf262%2Cf263%2Cf264%2Cf267%2Cf268%2Cf255%2Cf256%2Cf257%2Cf258%2Cf127%2Cf199%2Cf128%2Cf198%2Cf259%2Cf260%2Cf261%2Cf171%2Cf277%2Cf278%2Cf279%2Cf288%2Cf152%2Cf250%2Cf251%2Cf252%2Cf253%2Cf254%2Cf269%2Cf270%2Cf271%2Cf272%2Cf273%2Cf274%2Cf275%2Cf276%2Cf265%2Cf266%2Cf289%2Cf290%2Cf286%2Cf285%2Cf292%2Cf293%2Cf294%2Cf295%2Cf43&secid=0.300433 (Caused by ProxyError('Unable to connect to proxy', RemoteDisconnected('Remote end closed connection without response')))
2025-11-21 20:00:39,937 - growth_stock_screener - WARNING - 获取股票 688652 的概念板块信息失败: HTTPSConnectionPool(host='push2.eastmoney.com', port=443): Max retries exceeded with url: /api/qt/stock/get?fltt=2&invt=2&fields=f120%2Cf121%2Cf122%2Cf174%2Cf175%2Cf59%2Cf163%2Cf43%2Cf57%2Cf58%2Cf169%2Cf170%2Cf46%2Cf44%2Cf51%2Cf168%2Cf47%2Cf164%2Cf116%2Cf60%2Cf45%2Cf52%2Cf50%2Cf48%2Cf167%2Cf117%2Cf71%2Cf161%2Cf49%2Cf530%2Cf135%2Cf136%2Cf137%2Cf138%2Cf139%2Cf141%2Cf142%2Cf144%2Cf145%2Cf147%2Cf148%2Cf140%2Cf143%2Cf146%2Cf149%2Cf55%2Cf62%2Cf162%2Cf92%2Cf173%2Cf104%2Cf105%2Cf84%2Cf85%2Cf183%2Cf184%2Cf185%2Cf186%2Cf187%2Cf188%2Cf189%2Cf190%2Cf191%2Cf192%2Cf107%2Cf111%2Cf86%2Cf177%2Cf78%2Cf110%2Cf262%2Cf263%2Cf264%2Cf267%2Cf268%2Cf255%2Cf256%2Cf257%2Cf258%2Cf127%2Cf199%2Cf128%2Cf198%2Cf259%2Cf260%2Cf261%2Cf171%2Cf277%2Cf278%2Cf279%2Cf288%2Cf152%2Cf250%2Cf251%2Cf252%2Cf253%2Cf254%2Cf269%2Cf270%2Cf271%2Cf272%2Cf273%2Cf274%2Cf275%2Cf276%2Cf265%2Cf266%2Cf289%2Cf290%2Cf286%2Cf285%2Cf292%2Cf293%2Cf294%2Cf295%2Cf43&secid=1.688652 (Caused by ProxyError('Unable to connect to proxy', RemoteDisconnected('Remote end closed connection without response')))
2025-11-21 20:00:40,848 - growth_stock_screener - WARNING - 获取股票 09988 的概念板块信息失败: HTTPSConnectionPool(host='push2.eastmoney.com', port=443): Max retries exceeded with url: /api/qt/stock/get?fltt=2&invt=2&fields=f120%2Cf121%2Cf122%2Cf174%2Cf175%2Cf59%2Cf163%2Cf43%2Cf57%2Cf58%2Cf169%2Cf170%2Cf46%2Cf44%2Cf51%2Cf168%2Cf47%2Cf164%2Cf116%2Cf60%2Cf45%2Cf52%2Cf50%2Cf48%2Cf167%2Cf117%2Cf71%2Cf161%2Cf49%2Cf530%2Cf135%2Cf136%2Cf137%2Cf138%2Cf139%2Cf141%2Cf142%2Cf144%2Cf145%2Cf147%2Cf148%2Cf140%2Cf143%2Cf146%2Cf149%2Cf55%2Cf62%2Cf162%2Cf92%2Cf173%2Cf104%2Cf105%2Cf84%2Cf85%2Cf183%2Cf184%2Cf185%2Cf186%2Cf187%2Cf188%2Cf189%2Cf190%2Cf191%2Cf192%2Cf107%2Cf111%2Cf86%2Cf177%2Cf78%2Cf110%2Cf262%2Cf263%2Cf264%2Cf267%2Cf268%2Cf255%2Cf256%2Cf257%2Cf258%2Cf127%2Cf199%2Cf128%2Cf198%2Cf259%2Cf260%2Cf261%2Cf171%2Cf277%2Cf278%2Cf279%2Cf288%2Cf152%2Cf250%2Cf251%2Cf252%2Cf253%2Cf254%2Cf269%2Cf270%2Cf271%2Cf272%2Cf273%2Cf274%2Cf275%2Cf276%2Cf265%2Cf266%2Cf289%2Cf290%2Cf286%2Cf285%2Cf292%2Cf293%2Cf294%2Cf295%2Cf43&secid=0.09988 (Caused by ProxyError('Unable to connect to proxy', RemoteDisconnected('Remote end closed connection without response')))
2025-11-21 20:00:41,763 - growth_stock_screener - WARNING - 获取股票 600426 的概念板块信息失败: HTTPSConnectionPool(host='push2.eastmoney.com', port=443): Max retries exceeded with url: /api/qt/stock/get?fltt=2&invt=2&fields=f120%2Cf121%2Cf122%2Cf174%2Cf175%2Cf59%2Cf163%2Cf43%2Cf57%2Cf58%2Cf169%2Cf170%2Cf46%2Cf44%2Cf51%2Cf168%2Cf47%2Cf164%2Cf116%2Cf60%2Cf45%2Cf52%2Cf50%2Cf48%2Cf167%2Cf117%2Cf71%2Cf161%2Cf49%2Cf530%2Cf135%2Cf136%2Cf137%2Cf138%2Cf139%2Cf141%2Cf142%2Cf144%2Cf145%2Cf147%2Cf148%2Cf140%2Cf143%2Cf146%2Cf149%2Cf55%2Cf62%2Cf162%2Cf92%2Cf173%2Cf104%2Cf105%2Cf84%2Cf85%2Cf183%2Cf184%2Cf185%2Cf186%2Cf187%2Cf188%2Cf189%2Cf190%2Cf191%2Cf192%2Cf107%2Cf111%2Cf86%2Cf177%2Cf78%2Cf110%2Cf262%2Cf263%2Cf264%2Cf267%2Cf268%2Cf255%2Cf256%2Cf257%2Cf258%2Cf127%2Cf199%2Cf128%2Cf198%2Cf259%2Cf260%2Cf261%2Cf171%2Cf277%2Cf278%2Cf279%2Cf288%2Cf152%2Cf250%2Cf251%2Cf252%2Cf253%2Cf254%2Cf269%2Cf270%2Cf271%2Cf272%2Cf273%2Cf274%2Cf275%2Cf276%2Cf265%2Cf266%2Cf289%2Cf290%2Cf286%2Cf285%2Cf292%2Cf293%2Cf294%2Cf295%2Cf43&secid=1.600426 (Caused by ProxyError('Unable to connect to proxy', RemoteDisconnected('Remote end closed connection without response')))
2025-11-21 20:00:42,718 - growth_stock_screener - WARNING - 获取股票 002851 的概念板块信息失败: HTTPSConnectionPool(host='push2.eastmoney.com', port=443): Max retries exceeded with url: /api/qt/stock/get?fltt=2&invt=2&fields=f120%2Cf121%2Cf122%2Cf174%2Cf175%2Cf59%2Cf163%2Cf43%2Cf57%2Cf58%2Cf169%2Cf170%2Cf46%2Cf44%2Cf51%2Cf168%2Cf47%2Cf164%2Cf116%2Cf60%2Cf45%2Cf52%2Cf50%2Cf48%2Cf167%2Cf117%2Cf71%2Cf161%2Cf49%2Cf530%2Cf135%2Cf136%2Cf137%2Cf138%2Cf139%2Cf141%2Cf142%2Cf144%2Cf145%2Cf147%2Cf148%2Cf140%2Cf143%2Cf146%2Cf149%2Cf55%2Cf62%2Cf162%2Cf92%2Cf173%2Cf104%2Cf105%2Cf84%2Cf85%2Cf183%2Cf184%2Cf185%2Cf186%2Cf187%2Cf188%2Cf189%2Cf190%2Cf191%2Cf192%2Cf107%2Cf111%2Cf86%2Cf177%2Cf78%2Cf110%2Cf262%2Cf263%2Cf264%2Cf267%2Cf268%2Cf255%2Cf256%2Cf257%2Cf258%2Cf127%2Cf199%2Cf128%2Cf198%2Cf259%2Cf260%2Cf261%2Cf171%2Cf277%2Cf278%2Cf279%2Cf288%2Cf152%2Cf250%2Cf251%2Cf252%2Cf253%2Cf254%2Cf269%2Cf270%2Cf271%2Cf272%2Cf273%2Cf274%2Cf275%2Cf276%2Cf265%2Cf266%2Cf289%2Cf290%2Cf286%2Cf285%2Cf292%2Cf293%2Cf294%2Cf295%2Cf43&secid=0.002851 (Caused by ProxyError('Unable to connect to proxy', RemoteDisconnected('Remote end closed connection without response')))
2025-11-21 20:00:43,567 - growth_stock_screener - WARNING - 获取股票 688627 的概念板块信息失败: HTTPSConnectionPool(host='push2.eastmoney.com', port=443): Max retries exceeded with url: /api/qt/stock/get?fltt=2&invt=2&fields=f120%2Cf121%2Cf122%2Cf174%2Cf175%2Cf59%2Cf163%2Cf43%2Cf57%2Cf58%2Cf169%2Cf170%2Cf46%2Cf44%2Cf51%2Cf168%2Cf47%2Cf164%2Cf116%2Cf60%2Cf45%2Cf52%2Cf50%2Cf48%2Cf167%2Cf117%2Cf71%2Cf161%2Cf49%2Cf530%2Cf135%2Cf136%2Cf137%2Cf138%2Cf139%2Cf141%2Cf142%2Cf144%2Cf145%2Cf147%2Cf148%2Cf140%2Cf143%2Cf146%2Cf149%2Cf55%2Cf62%2Cf162%2Cf92%2Cf173%2Cf104%2Cf105%2Cf84%2Cf85%2Cf183%2Cf184%2Cf185%2Cf186%2Cf187%2Cf188%2Cf189%2Cf190%2Cf191%2Cf192%2Cf107%2Cf111%2Cf86%2Cf177%2Cf78%2Cf110%2Cf262%2Cf263%2Cf264%2Cf267%2Cf268%2Cf255%2Cf256%2Cf257%2Cf258%2Cf127%2Cf199%2Cf128%2Cf198%2Cf259%2Cf260%2Cf261%2Cf171%2Cf277%2Cf278%2Cf279%2Cf288%2Cf152%2Cf250%2Cf251%2Cf252%2Cf253%2Cf254%2Cf269%2Cf270%2Cf271%2Cf272%2Cf273%2Cf274%2Cf275%2Cf276%2Cf265%2Cf266%2Cf289%2Cf290%2Cf286%2Cf285%2Cf292%2Cf293%2Cf294%2Cf295%2Cf43&secid=1.688627 (Caused by ProxyError('Unable to connect to proxy', RemoteDisconnected('Remote end closed connection without response')))
2025-11-21 20:00:44,413 - growth_stock_screener - WARNING - 获取股票 300274 的概念板块信息失败: HTTPSConnectionPool(host='push2.eastmoney.com', port=443): Max retries exceeded with url: /api/qt/stock/get?fltt=2&invt=2&fields=f120%2Cf121%2Cf122%2Cf174%2Cf175%2Cf59%2Cf163%2Cf43%2Cf57%2Cf58%2Cf169%2Cf170%2Cf46%2Cf44%2Cf51%2Cf168%2Cf47%2Cf164%2Cf116%2Cf60%2Cf45%2Cf52%2Cf50%2Cf48%2Cf167%2Cf117%2Cf71%2Cf161%2Cf49%2Cf530%2Cf135%2Cf136%2Cf137%2Cf138%2Cf139%2Cf141%2Cf142%2Cf144%2Cf145%2Cf147%2Cf148%2Cf140%2Cf143%2Cf146%2Cf149%2Cf55%2Cf62%2Cf162%2Cf92%2Cf173%2Cf104%2Cf105%2Cf84%2Cf85%2Cf183%2Cf184%2Cf185%2Cf186%2Cf187%2Cf188%2Cf189%2Cf190%2Cf191%2Cf192%2Cf107%2Cf111%2Cf86%2Cf177%2Cf78%2Cf110%2Cf262%2Cf263%2Cf264%2Cf267%2Cf268%2Cf255%2Cf256%2Cf257%2Cf258%2Cf127%2Cf199%2Cf128%2Cf198%2Cf259%2Cf260%2Cf261%2Cf171%2Cf277%2Cf278%2Cf279%2Cf288%2Cf152%2Cf250%2Cf251%2Cf252%2Cf253%2Cf254%2Cf269%2Cf270%2Cf271%2Cf272%2Cf273%2Cf274%2Cf275%2Cf276%2Cf265%2Cf266%2Cf289%2Cf290%2Cf286%2Cf285%2Cf292%2Cf293%2Cf294%2Cf295%2Cf43&secid=0.300274 (Caused by ProxyError('Unable to connect to proxy', RemoteDisconnected('Remote end closed connection without response')))
2025-11-21 20:00:45,284 - growth_stock_screener - WARNING - 获取股票 09992 的概念板块信息失败: HTTPSConnectionPool(host='push2.eastmoney.com', port=443): Max retries exceeded with url: /api/qt/stock/get?fltt=2&invt=2&fields=f120%2Cf121%2Cf122%2Cf174%2Cf175%2Cf59%2Cf163%2Cf43%2Cf57%2Cf58%2Cf169%2Cf170%2Cf46%2Cf44%2Cf51%2Cf168%2Cf47%2Cf164%2Cf116%2Cf60%2Cf45%2Cf52%2Cf50%2Cf48%2Cf167%2Cf117%2Cf71%2Cf161%2Cf49%2Cf530%2Cf135%2Cf136%2Cf137%2Cf138%2Cf139%2Cf141%2Cf142%2Cf144%2Cf145%2Cf147%2Cf148%2Cf140%2Cf143%2Cf146%2Cf149%2Cf55%2Cf62%2Cf162%2Cf92%2Cf173%2Cf104%2Cf105%2Cf84%2Cf85%2Cf183%2Cf184%2Cf185%2Cf186%2Cf187%2Cf188%2Cf189%2Cf190%2Cf191%2Cf192%2Cf107%2Cf111%2Cf86%2Cf177%2Cf78%2Cf110%2Cf262%2Cf263%2Cf264%2Cf267%2Cf268%2Cf255%2Cf256%2Cf257%2Cf258%2Cf127%2Cf199%2Cf128%2Cf198%2Cf259%2Cf260%2Cf261%2Cf171%2Cf277%2Cf278%2Cf279%2Cf288%2Cf152%2Cf250%2Cf251%2Cf252%2Cf253%2Cf254%2Cf269%2Cf270%2Cf271%2Cf272%2Cf273%2Cf274%2Cf275%2Cf276%2Cf265%2Cf266%2Cf289%2Cf290%2Cf286%2Cf285%2Cf292%2Cf293%2Cf294%2Cf295%2Cf43&secid=0.09992 (Caused by ProxyError('Unable to connect to proxy', RemoteDisconnected('Remote end closed connection without response')))
2025-11-21 20:00:46,220 - growth_stock_screener - WARNING - 获取股票 688123 的概念板块信息失败: HTTPSConnectionPool(host='push2.eastmoney.com', port=443): Max retries exceeded with url: /api/qt/stock/get?fltt=2&invt=2&fields=f120%2Cf121%2Cf122%2Cf174%2Cf175%2Cf59%2Cf163%2Cf43%2Cf57%2Cf58%2Cf169%2Cf170%2Cf46%2Cf44%2Cf51%2Cf168%2Cf47%2Cf164%2Cf116%2Cf60%2Cf45%2Cf52%2Cf50%2Cf48%2Cf167%2Cf117%2Cf71%2Cf161%2Cf49%2Cf530%2Cf135%2Cf136%2Cf137%2Cf138%2Cf139%2Cf141%2Cf142%2Cf144%2Cf145%2Cf147%2Cf148%2Cf140%2Cf143%2Cf146%2Cf149%2Cf55%2Cf62%2Cf162%2Cf92%2Cf173%2Cf104%2Cf105%2Cf84%2Cf85%2Cf183%2Cf184%2Cf185%2Cf186%2Cf187%2Cf188%2Cf189%2Cf190%2Cf191%2Cf192%2Cf107%2Cf111%2Cf86%2Cf177%2Cf78%2Cf110%2Cf262%2Cf263%2Cf264%2Cf267%2Cf268%2Cf255%2Cf256%2Cf257%2Cf258%2Cf127%2Cf199%2Cf128%2Cf198%2Cf259%2Cf260%2Cf261%2Cf171%2Cf277%2Cf278%2Cf279%2Cf288%2Cf152%2Cf250%2Cf251%2Cf252%2Cf253%2Cf254%2Cf269%2Cf270%2Cf271%2Cf272%2Cf273%2Cf274%2Cf275%2Cf276%2Cf265%2Cf266%2Cf289%2Cf290%2Cf286%2Cf285%2Cf292%2Cf293%2Cf294%2Cf295%2Cf43&secid=1.688123 (Caused by ProxyError('Unable to connect to proxy', RemoteDisconnected('Remote end closed connection without response')))
2025-11-21 20:00:47,227 - growth_stock_screener - WARNING - 获取股票 601088 的概念板块信息失败: HTTPSConnectionPool(host='push2.eastmoney.com', port=443): Max retries exceeded with url: /api/qt/stock/get?fltt=2&invt=2&fields=f120%2Cf121%2Cf122%2Cf174%2Cf175%2Cf59%2Cf163%2Cf43%2Cf57%2Cf58%2Cf169%2Cf170%2Cf46%2Cf44%2Cf51%2Cf168%2Cf47%2Cf164%2Cf116%2Cf60%2Cf45%2Cf52%2Cf50%2Cf48%2Cf167%2Cf117%2Cf71%2Cf161%2Cf49%2Cf530%2Cf135%2Cf136%2Cf137%2Cf138%2Cf139%2Cf141%2Cf142%2Cf144%2Cf145%2Cf147%2Cf148%2Cf140%2Cf143%2Cf146%2Cf149%2Cf55%2Cf62%2Cf162%2Cf92%2Cf173%2Cf104%2Cf105%2Cf84%2Cf85%2Cf183%2Cf184%2Cf185%2Cf186%2Cf187%2Cf188%2Cf189%2Cf190%2Cf191%2Cf192%2Cf107%2Cf111%2Cf86%2Cf177%2Cf78%2Cf110%2Cf262%2Cf263%2Cf264%2Cf267%2Cf268%2Cf255%2Cf256%2Cf257%2Cf258%2Cf127%2Cf199%2Cf128%2Cf198%2Cf259%2Cf260%2Cf261%2Cf171%2Cf277%2Cf278%2Cf279%2Cf288%2Cf152%2Cf250%2Cf251%2Cf252%2Cf253%2Cf254%2Cf269%2Cf270%2Cf271%2Cf272%2Cf273%2Cf274%2Cf275%2Cf276%2Cf265%2Cf266%2Cf289%2Cf290%2Cf286%2Cf285%2Cf292%2Cf293%2Cf294%2Cf295%2Cf43&secid=1.601088 (Caused by ProxyError('Unable to connect to proxy', RemoteDisconnected('Remote end closed connection without response')))
2025-11-21 20:00:48,121 - growth_stock_screener - WARNING - 获取股票 603501 的概念板块信息失败: HTTPSConnectionPool(host='push2.eastmoney.com', port=443): Max retries exceeded with url: /api/qt/stock/get?fltt=2&invt=2&fields=f120%2Cf121%2Cf122%2Cf174%2Cf175%2Cf59%2Cf163%2Cf43%2Cf57%2Cf58%2Cf169%2Cf170%2Cf46%2Cf44%2Cf51%2Cf168%2Cf47%2Cf164%2Cf116%2Cf60%2Cf45%2Cf52%2Cf50%2Cf48%2Cf167%2Cf117%2Cf71%2Cf161%2Cf49%2Cf530%2Cf135%2Cf136%2Cf137%2Cf138%2Cf139%2Cf141%2Cf142%2Cf144%2Cf145%2Cf147%2Cf148%2Cf140%2Cf143%2Cf146%2Cf149%2Cf55%2Cf62%2Cf162%2Cf92%2Cf173%2Cf104%2Cf105%2Cf84%2Cf85%2Cf183%2Cf184%2Cf185%2Cf186%2Cf187%2Cf188%2Cf189%2Cf190%2Cf191%2Cf192%2Cf107%2Cf111%2Cf86%2Cf177%2Cf78%2Cf110%2Cf262%2Cf263%2Cf264%2Cf267%2Cf268%2Cf255%2Cf256%2Cf257%2Cf258%2Cf127%2Cf199%2Cf128%2Cf198%2Cf259%2Cf260%2Cf261%2Cf171%2Cf277%2Cf278%2Cf279%2Cf288%2Cf152%2Cf250%2Cf251%2Cf252%2Cf253%2Cf254%2Cf269%2Cf270%2Cf271%2Cf272%2Cf273%2Cf274%2Cf275%2Cf276%2Cf265%2Cf266%2Cf289%2Cf290%2Cf286%2Cf285%2Cf292%2Cf293%2Cf294%2Cf295%2Cf43&secid=1.603501 (Caused by ProxyError('Unable to connect to proxy', RemoteDisconnected('Remote end closed connection without response')))
2025-11-21 20:00:49,072 - growth_stock_screener - WARNING - 获取股票 605117 的概念板块信息失败: HTTPSConnectionPool(host='push2.eastmoney.com', port=443): Max retries exceeded with url: /api/qt/stock/get?fltt=2&invt=2&fields=f120%2Cf121%2Cf122%2Cf174%2Cf175%2Cf59%2Cf163%2Cf43%2Cf57%2Cf58%2Cf169%2Cf170%2Cf46%2Cf44%2Cf51%2Cf168%2Cf47%2Cf164%2Cf116%2Cf60%2Cf45%2Cf52%2Cf50%2Cf48%2Cf167%2Cf117%2Cf71%2Cf161%2Cf49%2Cf530%2Cf135%2Cf136%2Cf137%2Cf138%2Cf139%2Cf141%2Cf142%2Cf144%2Cf145%2Cf147%2Cf148%2Cf140%2Cf143%2Cf146%2Cf149%2Cf55%2Cf62%2Cf162%2Cf92%2Cf173%2Cf104%2Cf105%2Cf84%2Cf85%2Cf183%2Cf184%2Cf185%2Cf186%2Cf187%2Cf188%2Cf189%2Cf190%2Cf191%2Cf192%2Cf107%2Cf111%2Cf86%2Cf177%2Cf78%2Cf110%2Cf262%2Cf263%2Cf264%2Cf267%2Cf268%2Cf255%2Cf256%2Cf257%2Cf258%2Cf127%2Cf199%2Cf128%2Cf198%2Cf259%2Cf260%2Cf261%2Cf171%2Cf277%2Cf278%2Cf279%2Cf288%2Cf152%2Cf250%2Cf251%2Cf252%2Cf253%2Cf254%2Cf269%2Cf270%2Cf271%2Cf272%2Cf273%2Cf274%2Cf275%2Cf276%2Cf265%2Cf266%2Cf289%2Cf290%2Cf286%2Cf285%2Cf292%2Cf293%2Cf294%2Cf295%2Cf43&secid=1.605117 (Caused by ProxyError('Unable to connect to proxy', RemoteDisconnected('Remote end closed connection without response')))
2025-11-21 20:00:50,858 - growth_stock_screener - WARNING - 获取股票 601689 的概念板块信息失败: HTTPSConnectionPool(host='push2.eastmoney.com', port=443): Max retries exceeded with url: /api/qt/stock/get?fltt=2&invt=2&fields=f120%2Cf121%2Cf122%2Cf174%2Cf175%2Cf59%2Cf163%2Cf43%2Cf57%2Cf58%2Cf169%2Cf170%2Cf46%2Cf44%2Cf51%2Cf168%2Cf47%2Cf164%2Cf116%2Cf60%2Cf45%2Cf52%2Cf50%2Cf48%2Cf167%2Cf117%2Cf71%2Cf161%2Cf49%2Cf530%2Cf135%2Cf136%2Cf137%2Cf138%2Cf139%2Cf141%2Cf142%2Cf144%2Cf145%2Cf147%2Cf148%2Cf140%2Cf143%2Cf146%2Cf149%2Cf55%2Cf62%2Cf162%2Cf92%2Cf173%2Cf104%2Cf105%2Cf84%2Cf85%2Cf183%2Cf184%2Cf185%2Cf186%2Cf187%2Cf188%2Cf189%2Cf190%2Cf191%2Cf192%2Cf107%2Cf111%2Cf86%2Cf177%2Cf78%2Cf110%2Cf262%2Cf263%2Cf264%2Cf267%2Cf268%2Cf255%2Cf256%2Cf257%2Cf258%2Cf127%2Cf199%2Cf128%2Cf198%2Cf259%2Cf260%2Cf261%2Cf171%2Cf277%2Cf278%2Cf279%2Cf288%2Cf152%2Cf250%2Cf251%2Cf252%2Cf253%2Cf254%2Cf269%2Cf270%2Cf271%2Cf272%2Cf273%2Cf274%2Cf275%2Cf276%2Cf265%2Cf266%2Cf289%2Cf290%2Cf286%2Cf285%2Cf292%2Cf293%2Cf294%2Cf295%2Cf43&secid=1.601689 (Caused by ProxyError('Unable to connect to proxy', RemoteDisconnected('Remote end closed connection without response')))
2025-11-21 20:00:52,574 - growth_stock_screener - WARNING - 获取股票 688116 的概念板块信息失败: HTTPSConnectionPool(host='push2.eastmoney.com', port=443): Max retries exceeded with url: /api/qt/stock/get?fltt=2&invt=2&fields=f120%2Cf121%2Cf122%2Cf174%2Cf175%2Cf59%2Cf163%2Cf43%2Cf57%2Cf58%2Cf169%2Cf170%2Cf46%2Cf44%2Cf51%2Cf168%2Cf47%2Cf164%2Cf116%2Cf60%2Cf45%2Cf52%2Cf50%2Cf48%2Cf167%2Cf117%2Cf71%2Cf161%2Cf49%2Cf530%2Cf135%2Cf136%2Cf137%2Cf138%2Cf139%2Cf141%2Cf142%2Cf144%2Cf145%2Cf147%2Cf148%2Cf140%2Cf143%2Cf146%2Cf149%2Cf55%2Cf62%2Cf162%2Cf92%2Cf173%2Cf104%2Cf105%2Cf84%2Cf85%2Cf183%2Cf184%2Cf185%2Cf186%2Cf187%2Cf188%2Cf189%2Cf190%2Cf191%2Cf192%2Cf107%2Cf111%2Cf86%2Cf177%2Cf78%2Cf110%2Cf262%2Cf263%2Cf264%2Cf267%2Cf268%2Cf255%2Cf256%2Cf257%2Cf258%2Cf127%2Cf199%2Cf128%2Cf198%2Cf259%2Cf260%2Cf261%2Cf171%2Cf277%2Cf278%2Cf279%2Cf288%2Cf152%2Cf250%2Cf251%2Cf252%2Cf253%2Cf254%2Cf269%2Cf270%2Cf271%2Cf272%2Cf273%2Cf274%2Cf275%2Cf276%2Cf265%2Cf266%2Cf289%2Cf290%2Cf286%2Cf285%2Cf292%2Cf293%2Cf294%2Cf295%2Cf43&secid=1.688116 (Caused by ProxyError('Unable to connect to proxy', RemoteDisconnected('Remote end closed connection without response')))
2025-11-21 20:00:53,686 - growth_stock_screener - WARNING - 获取股票 002709 的概念板块信息失败: HTTPSConnectionPool(host='push2.eastmoney.com', port=443): Max retries exceeded with url: /api/qt/stock/get?fltt=2&invt=2&fields=f120%2Cf121%2Cf122%2Cf174%2Cf175%2Cf59%2Cf163%2Cf43%2Cf57%2Cf58%2Cf169%2Cf170%2Cf46%2Cf44%2Cf51%2Cf168%2Cf47%2Cf164%2Cf116%2Cf60%2Cf45%2Cf52%2Cf50%2Cf48%2Cf167%2Cf117%2Cf71%2Cf161%2Cf49%2Cf530%2Cf135%2Cf136%2Cf137%2Cf138%2Cf139%2Cf141%2Cf142%2Cf144%2Cf145%2Cf147%2Cf148%2Cf140%2Cf143%2Cf146%2Cf149%2Cf55%2Cf62%2Cf162%2Cf92%2Cf173%2Cf104%2Cf105%2Cf84%2Cf85%2Cf183%2Cf184%2Cf185%2Cf186%2Cf187%2Cf188%2Cf189%2Cf190%2Cf191%2Cf192%2Cf107%2Cf111%2Cf86%2Cf177%2Cf78%2Cf110%2Cf262%2Cf263%2Cf264%2Cf267%2Cf268%2Cf255%2Cf256%2Cf257%2Cf258%2Cf127%2Cf199%2Cf128%2Cf198%2Cf259%2Cf260%2Cf261%2Cf171%2Cf277%2Cf278%2Cf279%2Cf288%2Cf152%2Cf250%2Cf251%2Cf252%2Cf253%2Cf254%2Cf269%2Cf270%2Cf271%2Cf272%2Cf273%2Cf274%2Cf275%2Cf276%2Cf265%2Cf266%2Cf289%2Cf290%2Cf286%2Cf285%2Cf292%2Cf293%2Cf294%2Cf295%2Cf43&secid=0.002709 (Caused by ProxyError('Unable to connect to proxy', RemoteDisconnected('Remote end closed connection without response')))
2025-11-21 20:00:54,786 - growth_stock_screener - WARNING - 获取股票 603019 的概念板块信息失败: HTTPSConnectionPool(host='push2.eastmoney.com', port=443): Max retries exceeded with url: /api/qt/stock/get?fltt=2&invt=2&fields=f120%2Cf121%2Cf122%2Cf174%2Cf175%2Cf59%2Cf163%2Cf43%2Cf57%2Cf58%2Cf169%2Cf170%2Cf46%2Cf44%2Cf51%2Cf168%2Cf47%2Cf164%2Cf116%2Cf60%2Cf45%2Cf52%2Cf50%2Cf48%2Cf167%2Cf117%2Cf71%2Cf161%2Cf49%2Cf530%2Cf135%2Cf136%2Cf137%2Cf138%2Cf139%2Cf141%2Cf142%2Cf144%2Cf145%2Cf147%2Cf148%2Cf140%2Cf143%2Cf146%2Cf149%2Cf55%2Cf62%2Cf162%2Cf92%2Cf173%2Cf104%2Cf105%2Cf84%2Cf85%2Cf183%2Cf184%2Cf185%2Cf186%2Cf187%2Cf188%2Cf189%2Cf190%2Cf191%2Cf192%2Cf107%2Cf111%2Cf86%2Cf177%2Cf78%2Cf110%2Cf262%2Cf263%2Cf264%2Cf267%2Cf268%2Cf255%2Cf256%2Cf257%2Cf258%2Cf127%2Cf199%2Cf128%2Cf198%2Cf259%2Cf260%2Cf261%2Cf171%2Cf277%2Cf278%2Cf279%2Cf288%2Cf152%2Cf250%2Cf251%2Cf252%2Cf253%2Cf254%2Cf269%2Cf270%2Cf271%2Cf272%2Cf273%2Cf274%2Cf275%2Cf276%2Cf265%2Cf266%2Cf289%2Cf290%2Cf286%2Cf285%2Cf292%2Cf293%2Cf294%2Cf295%2Cf43&secid=1.603019 (Caused by ProxyError('Unable to connect to proxy', RemoteDisconnected('Remote end closed connection without response')))
2025-11-21 20:00:56,021 - growth_stock_screener - WARNING - 获取股票 688205 的概念板块信息失败: HTTPSConnectionPool(host='push2.eastmoney.com', port=443): Max retries exceeded with url: /api/qt/stock/get?fltt=2&invt=2&fields=f120%2Cf121%2Cf122%2Cf174%2Cf175%2Cf59%2Cf163%2Cf43%2Cf57%2Cf58%2Cf169%2Cf170%2Cf46%2Cf44%2Cf51%2Cf168%2Cf47%2Cf164%2Cf116%2Cf60%2Cf45%2Cf52%2Cf50%2Cf48%2Cf167%2Cf117%2Cf71%2Cf161%2Cf49%2Cf530%2Cf135%2Cf136%2Cf137%2Cf138%2Cf139%2Cf141%2Cf142%2Cf144%2Cf145%2Cf147%2Cf148%2Cf140%2Cf143%2Cf146%2Cf149%2Cf55%2Cf62%2Cf162%2Cf92%2Cf173%2Cf104%2Cf105%2Cf84%2Cf85%2Cf183%2Cf184%2Cf185%2Cf186%2Cf187%2Cf188%2Cf189%2Cf190%2Cf191%2Cf192%2Cf107%2Cf111%2Cf86%2Cf177%2Cf78%2Cf110%2Cf262%2Cf263%2Cf264%2Cf267%2Cf268%2Cf255%2Cf256%2Cf257%2Cf258%2Cf127%2Cf199%2Cf128%2Cf198%2Cf259%2Cf260%2Cf261%2Cf171%2Cf277%2Cf278%2Cf279%2Cf288%2Cf152%2Cf250%2Cf251%2Cf252%2Cf253%2Cf254%2Cf269%2Cf270%2Cf271%2Cf272%2Cf273%2Cf274%2Cf275%2Cf276%2Cf265%2Cf266%2Cf289%2Cf290%2Cf286%2Cf285%2Cf292%2Cf293%2Cf294%2Cf295%2Cf43&secid=1.688205 (Caused by ProxyError('Unable to connect to proxy', RemoteDisconnected('Remote end closed connection without response')))
2025-11-21 20:00:57,152 - growth_stock_screener - WARNING - 获取股票 002517 的概念板块信息失败: HTTPSConnectionPool(host='push2.eastmoney.com', port=443): Max retries exceeded with url: /api/qt/stock/get?fltt=2&invt=2&fields=f120%2Cf121%2Cf122%2Cf174%2Cf175%2Cf59%2Cf163%2Cf43%2Cf57%2Cf58%2Cf169%2Cf170%2Cf46%2Cf44%2Cf51%2Cf168%2Cf47%2Cf164%2Cf116%2Cf60%2Cf45%2Cf52%2Cf50%2Cf48%2Cf167%2Cf117%2Cf71%2Cf161%2Cf49%2Cf530%2Cf135%2Cf136%2Cf137%2Cf138%2Cf139%2Cf141%2Cf142%2Cf144%2Cf145%2Cf147%2Cf148%2Cf140%2Cf143%2Cf146%2Cf149%2Cf55%2Cf62%2Cf162%2Cf92%2Cf173%2Cf104%2Cf105%2Cf84%2Cf85%2Cf183%2Cf184%2Cf185%2Cf186%2Cf187%2Cf188%2Cf189%2Cf190%2Cf191%2Cf192%2Cf107%2Cf111%2Cf86%2Cf177%2Cf78%2Cf110%2Cf262%2Cf263%2Cf264%2Cf267%2Cf268%2Cf255%2Cf256%2Cf257%2Cf258%2Cf127%2Cf199%2Cf128%2Cf198%2Cf259%2Cf260%2Cf261%2Cf171%2Cf277%2Cf278%2Cf279%2Cf288%2Cf152%2Cf250%2Cf251%2Cf252%2Cf253%2Cf254%2Cf269%2Cf270%2Cf271%2Cf272%2Cf273%2Cf274%2Cf275%2Cf276%2Cf265%2Cf266%2Cf289%2Cf290%2Cf286%2Cf285%2Cf292%2Cf293%2Cf294%2Cf295%2Cf43&secid=0.002517 (Caused by ProxyError('Unable to connect to proxy', RemoteDisconnected('Remote end closed connection without response')))
2025-11-21 20:00:58,139 - growth_stock_screener - WARNING - 获取股票 300207 的概念板块信息失败: HTTPSConnectionPool(host='push2.eastmoney.com', port=443): Max retries exceeded with url: /api/qt/stock/get?fltt=2&invt=2&fields=f120%2Cf121%2Cf122%2Cf174%2Cf175%2Cf59%2Cf163%2Cf43%2Cf57%2Cf58%2Cf169%2Cf170%2Cf46%2Cf44%2Cf51%2Cf168%2Cf47%2Cf164%2Cf116%2Cf60%2Cf45%2Cf52%2Cf50%2Cf48%2Cf167%2Cf117%2Cf71%2Cf161%2Cf49%2Cf530%2Cf135%2Cf136%2Cf137%2Cf138%2Cf139%2Cf141%2Cf142%2Cf144%2Cf145%2Cf147%2Cf148%2Cf140%2Cf143%2Cf146%2Cf149%2Cf55%2Cf62%2Cf162%2Cf92%2Cf173%2Cf104%2Cf105%2Cf84%2Cf85%2Cf183%2Cf184%2Cf185%2Cf186%2Cf187%2Cf188%2Cf189%2Cf190%2Cf191%2Cf192%2Cf107%2Cf111%2Cf86%2Cf177%2Cf78%2Cf110%2Cf262%2Cf263%2Cf264%2Cf267%2Cf268%2Cf255%2Cf256%2Cf257%2Cf258%2Cf127%2Cf199%2Cf128%2Cf198%2Cf259%2Cf260%2Cf261%2Cf171%2Cf277%2Cf278%2Cf279%2Cf288%2Cf152%2Cf250%2Cf251%2Cf252%2Cf253%2Cf254%2Cf269%2Cf270%2Cf271%2Cf272%2Cf273%2Cf274%2Cf275%2Cf276%2Cf265%2Cf266%2Cf289%2Cf290%2Cf286%2Cf285%2Cf292%2Cf293%2Cf294%2Cf295%2Cf43&secid=0.300207 (Caused by ProxyError('Unable to connect to proxy', RemoteDisconnected('Remote end closed connection without response')))
2025-11-21 20:00:59,155 - growth_stock_screener - WARNING - 获取股票 601225 的概念板块信息失败: HTTPSConnectionPool(host='push2.eastmoney.com', port=443): Max retries exceeded with url: /api/qt/stock/get?fltt=2&invt=2&fields=f120%2Cf121%2Cf122%2Cf174%2Cf175%2Cf59%2Cf163%2Cf43%2Cf57%2Cf58%2Cf169%2Cf170%2Cf46%2Cf44%2Cf51%2Cf168%2Cf47%2Cf164%2Cf116%2Cf60%2Cf45%2Cf52%2Cf50%2Cf48%2Cf167%2Cf117%2Cf71%2Cf161%2Cf49%2Cf530%2Cf135%2Cf136%2Cf137%2Cf138%2Cf139%2Cf141%2Cf142%2Cf144%2Cf145%2Cf147%2Cf148%2Cf140%2Cf143%2Cf146%2Cf149%2Cf55%2Cf62%2Cf162%2Cf92%2Cf173%2Cf104%2Cf105%2Cf84%2Cf85%2Cf183%2Cf184%2Cf185%2Cf186%2Cf187%2Cf188%2Cf189%2Cf190%2Cf191%2Cf192%2Cf107%2Cf111%2Cf86%2Cf177%2Cf78%2Cf110%2Cf262%2Cf263%2Cf264%2Cf267%2Cf268%2Cf255%2Cf256%2Cf257%2Cf258%2Cf127%2Cf199%2Cf128%2Cf198%2Cf259%2Cf260%2Cf261%2Cf171%2Cf277%2Cf278%2Cf279%2Cf288%2Cf152%2Cf250%2Cf251%2Cf252%2Cf253%2Cf254%2Cf269%2Cf270%2Cf271%2Cf272%2Cf273%2Cf274%2Cf275%2Cf276%2Cf265%2Cf266%2Cf289%2Cf290%2Cf286%2Cf285%2Cf292%2Cf293%2Cf294%2Cf295%2Cf43&secid=1.601225 (Caused by ProxyError('Unable to connect to proxy', RemoteDisconnected('Remote end closed connection without response')))
2025-11-21 20:01:00,520 - growth_stock_screener - WARNING - 获取股票 688608 的概念板块信息失败: HTTPSConnectionPool(host='push2.eastmoney.com', port=443): Max retries exceeded with url: /api/qt/stock/get?fltt=2&invt=2&fields=f120%2Cf121%2Cf122%2Cf174%2Cf175%2Cf59%2Cf163%2Cf43%2Cf57%2Cf58%2Cf169%2Cf170%2Cf46%2Cf44%2Cf51%2Cf168%2Cf47%2Cf164%2Cf116%2Cf60%2Cf45%2Cf52%2Cf50%2Cf48%2Cf167%2Cf117%2Cf71%2Cf161%2Cf49%2Cf530%2Cf135%2Cf136%2Cf137%2Cf138%2Cf139%2Cf141%2Cf142%2Cf144%2Cf145%2Cf147%2Cf148%2Cf140%2Cf143%2Cf146%2Cf149%2Cf55%2Cf62%2Cf162%2Cf92%2Cf173%2Cf104%2Cf105%2Cf84%2Cf85%2Cf183%2Cf184%2Cf185%2Cf186%2Cf187%2Cf188%2Cf189%2Cf190%2Cf191%2Cf192%2Cf107%2Cf111%2Cf86%2Cf177%2Cf78%2Cf110%2Cf262%2Cf263%2Cf264%2Cf267%2Cf268%2Cf255%2Cf256%2Cf257%2Cf258%2Cf127%2Cf199%2Cf128%2Cf198%2Cf259%2Cf260%2Cf261%2Cf171%2Cf277%2Cf278%2Cf279%2Cf288%2Cf152%2Cf250%2Cf251%2Cf252%2Cf253%2Cf254%2Cf269%2Cf270%2Cf271%2Cf272%2Cf273%2Cf274%2Cf275%2Cf276%2Cf265%2Cf266%2Cf289%2Cf290%2Cf286%2Cf285%2Cf292%2Cf293%2Cf294%2Cf295%2Cf43&secid=1.688608 (Caused by ProxyError('Unable to connect to proxy', RemoteDisconnected('Remote end closed connection without response')))
2025-11-21 20:01:01,899 - growth_stock_screener - WARNING - 获取股票 300035 的概念板块信息失败: HTTPSConnectionPool(host='push2.eastmoney.com', port=443): Max retries exceeded with url: /api/qt/stock/get?fltt=2&invt=2&fields=f120%2Cf121%2Cf122%2Cf174%2Cf175%2Cf59%2Cf163%2Cf43%2Cf57%2Cf58%2Cf169%2Cf170%2Cf46%2Cf44%2Cf51%2Cf168%2Cf47%2Cf164%2Cf116%2Cf60%2Cf45%2Cf52%2Cf50%2Cf48%2Cf167%2Cf117%2Cf71%2Cf161%2Cf49%2Cf530%2Cf135%2Cf136%2Cf137%2Cf138%2Cf139%2Cf141%2Cf142%2Cf144%2Cf145%2Cf147%2Cf148%2Cf140%2Cf143%2Cf146%2Cf149%2Cf55%2Cf62%2Cf162%2Cf92%2Cf173%2Cf104%2Cf105%2Cf84%2Cf85%2Cf183%2Cf184%2Cf185%2Cf186%2Cf187%2Cf188%2Cf189%2Cf190%2Cf191%2Cf192%2Cf107%2Cf111%2Cf86%2Cf177%2Cf78%2Cf110%2Cf262%2Cf263%2Cf264%2Cf267%2Cf268%2Cf255%2Cf256%2Cf257%2Cf258%2Cf127%2Cf199%2Cf128%2Cf198%2Cf259%2Cf260%2Cf261%2Cf171%2Cf277%2Cf278%2Cf279%2Cf288%2Cf152%2Cf250%2Cf251%2Cf252%2Cf253%2Cf254%2Cf269%2Cf270%2Cf271%2Cf272%2Cf273%2Cf274%2Cf275%2Cf276%2Cf265%2Cf266%2Cf289%2Cf290%2Cf286%2Cf285%2Cf292%2Cf293%2Cf294%2Cf295%2Cf43&secid=0.300035 (Caused by ProxyError('Unable to connect to proxy', RemoteDisconnected('Remote end closed connection without response')))
2025-11-21 20:01:03,035 - growth_stock_screener - WARNING - 获取股票 002532 的概念板块信息失败: HTTPSConnectionPool(host='push2.eastmoney.com', port=443): Max retries exceeded with url: /api/qt/stock/get?fltt=2&invt=2&fields=f120%2Cf121%2Cf122%2Cf174%2Cf175%2Cf59%2Cf163%2Cf43%2Cf57%2Cf58%2Cf169%2Cf170%2Cf46%2Cf44%2Cf51%2Cf168%2Cf47%2Cf164%2Cf116%2Cf60%2Cf45%2Cf52%2Cf50%2Cf48%2Cf167%2Cf117%2Cf71%2Cf161%2Cf49%2Cf530%2Cf135%2Cf136%2Cf137%2Cf138%2Cf139%2Cf141%2Cf142%2Cf144%2Cf145%2Cf147%2Cf148%2Cf140%2Cf143%2Cf146%2Cf149%2Cf55%2Cf62%2Cf162%2Cf92%2Cf173%2Cf104%2Cf105%2Cf84%2Cf85%2Cf183%2Cf184%2Cf185%2Cf186%2Cf187%2Cf188%2Cf189%2Cf190%2Cf191%2Cf192%2Cf107%2Cf111%2Cf86%2Cf177%2Cf78%2Cf110%2Cf262%2Cf263%2Cf264%2Cf267%2Cf268%2Cf255%2Cf256%2Cf257%2Cf258%2Cf127%2Cf199%2Cf128%2Cf198%2Cf259%2Cf260%2Cf261%2Cf171%2Cf277%2Cf278%2Cf279%2Cf288%2Cf152%2Cf250%2Cf251%2Cf252%2Cf253%2Cf254%2Cf269%2Cf270%2Cf271%2Cf272%2Cf273%2Cf274%2Cf275%2Cf276%2Cf265%2Cf266%2Cf289%2Cf290%2Cf286%2Cf285%2Cf292%2Cf293%2Cf294%2Cf295%2Cf43&secid=0.002532 (Caused by ProxyError('Unable to connect to proxy', RemoteDisconnected('Remote end closed connection without response')))
2025-11-21 20:01:03,910 - growth_stock_screener - WARNING - 获取股票 02600 的概念板块信息失败: HTTPSConnectionPool(host='push2.eastmoney.com', port=443): Max retries exceeded with url: /api/qt/stock/get?fltt=2&invt=2&fields=f120%2Cf121%2Cf122%2Cf174%2Cf175%2Cf59%2Cf163%2Cf43%2Cf57%2Cf58%2Cf169%2Cf170%2Cf46%2Cf44%2Cf51%2Cf168%2Cf47%2Cf164%2Cf116%2Cf60%2Cf45%2Cf52%2Cf50%2Cf48%2Cf167%2Cf117%2Cf71%2Cf161%2Cf49%2Cf530%2Cf135%2Cf136%2Cf137%2Cf138%2Cf139%2Cf141%2Cf142%2Cf144%2Cf145%2Cf147%2Cf148%2Cf140%2Cf143%2Cf146%2Cf149%2Cf55%2Cf62%2Cf162%2Cf92%2Cf173%2Cf104%2Cf105%2Cf84%2Cf85%2Cf183%2Cf184%2Cf185%2Cf186%2Cf187%2Cf188%2Cf189%2Cf190%2Cf191%2Cf192%2Cf107%2Cf111%2Cf86%2Cf177%2Cf78%2Cf110%2Cf262%2Cf263%2Cf264%2Cf267%2Cf268%2Cf255%2Cf256%2Cf257%2Cf258%2Cf127%2Cf199%2Cf128%2Cf198%2Cf259%2Cf260%2Cf261%2Cf171%2Cf277%2Cf278%2Cf279%2Cf288%2Cf152%2Cf250%2Cf251%2Cf252%2Cf253%2Cf254%2Cf269%2Cf270%2Cf271%2Cf272%2Cf273%2Cf274%2Cf275%2Cf276%2Cf265%2Cf266%2Cf289%2Cf290%2Cf286%2Cf285%2Cf292%2Cf293%2Cf294%2Cf295%2Cf43&secid=0.02600 (Caused by ProxyError('Unable to connect to proxy', RemoteDisconnected('Remote end closed connection without response')))
2025-11-21 20:01:04,930 - growth_stock_screener - WARNING - 获取股票 688072 的概念板块信息失败: HTTPSConnectionPool(host='push2.eastmoney.com', port=443): Max retries exceeded with url: /api/qt/stock/get?fltt=2&invt=2&fields=f120%2Cf121%2Cf122%2Cf174%2Cf175%2Cf59%2Cf163%2Cf43%2Cf57%2Cf58%2Cf169%2Cf170%2Cf46%2Cf44%2Cf51%2Cf168%2Cf47%2Cf164%2Cf116%2Cf60%2Cf45%2Cf52%2Cf50%2Cf48%2Cf167%2Cf117%2Cf71%2Cf161%2Cf49%2Cf530%2Cf135%2Cf136%2Cf137%2Cf138%2Cf139%2Cf141%2Cf142%2Cf144%2Cf145%2Cf147%2Cf148%2Cf140%2Cf143%2Cf146%2Cf149%2Cf55%2Cf62%2Cf162%2Cf92%2Cf173%2Cf104%2Cf105%2Cf84%2Cf85%2Cf183%2Cf184%2Cf185%2Cf186%2Cf187%2Cf188%2Cf189%2Cf190%2Cf191%2Cf192%2Cf107%2Cf111%2Cf86%2Cf177%2Cf78%2Cf110%2Cf262%2Cf263%2Cf264%2Cf267%2Cf268%2Cf255%2Cf256%2Cf257%2Cf258%2Cf127%2Cf199%2Cf128%2Cf198%2Cf259%2Cf260%2Cf261%2Cf171%2Cf277%2Cf278%2Cf279%2Cf288%2Cf152%2Cf250%2Cf251%2Cf252%2Cf253%2Cf254%2Cf269%2Cf270%2Cf271%2Cf272%2Cf273%2Cf274%2Cf275%2Cf276%2Cf265%2Cf266%2Cf289%2Cf290%2Cf286%2Cf285%2Cf292%2Cf293%2Cf294%2Cf295%2Cf43&secid=1.688072 (Caused by ProxyError('Unable to connect to proxy', RemoteDisconnected('Remote end closed connection without response')))
2025-11-21 20:01:05,872 - growth_stock_screener - WARNING - 获取股票 603063 的概念板块信息失败: HTTPSConnectionPool(host='push2.eastmoney.com', port=443): Max retries exceeded with url: /api/qt/stock/get?fltt=2&invt=2&fields=f120%2Cf121%2Cf122%2Cf174%2Cf175%2Cf59%2Cf163%2Cf43%2Cf57%2Cf58%2Cf169%2Cf170%2Cf46%2Cf44%2Cf51%2Cf168%2Cf47%2Cf164%2Cf116%2Cf60%2Cf45%2Cf52%2Cf50%2Cf48%2Cf167%2Cf117%2Cf71%2Cf161%2Cf49%2Cf530%2Cf135%2Cf136%2Cf137%2Cf138%2Cf139%2Cf141%2Cf142%2Cf144%2Cf145%2Cf147%2Cf148%2Cf140%2Cf143%2Cf146%2Cf149%2Cf55%2Cf62%2Cf162%2Cf92%2Cf173%2Cf104%2Cf105%2Cf84%2Cf85%2Cf183%2Cf184%2Cf185%2Cf186%2Cf187%2Cf188%2Cf189%2Cf190%2Cf191%2Cf192%2Cf107%2Cf111%2Cf86%2Cf177%2Cf78%2Cf110%2Cf262%2Cf263%2Cf264%2Cf267%2Cf268%2Cf255%2Cf256%2Cf257%2Cf258%2Cf127%2Cf199%2Cf128%2Cf198%2Cf259%2Cf260%2Cf261%2Cf171%2Cf277%2Cf278%2Cf279%2Cf288%2Cf152%2Cf250%2Cf251%2Cf252%2Cf253%2Cf254%2Cf269%2Cf270%2Cf271%2Cf272%2Cf273%2Cf274%2Cf275%2Cf276%2Cf265%2Cf266%2Cf289%2Cf290%2Cf286%2Cf285%2Cf292%2Cf293%2Cf294%2Cf295%2Cf43&secid=1.603063 (Caused by ProxyError('Unable to connect to proxy', RemoteDisconnected('Remote end closed connection without response')))
2025-11-21 20:01:06,771 - growth_stock_screener - WARNING - 获取股票 600536 的概念板块信息失败: HTTPSConnectionPool(host='push2.eastmoney.com', port=443): Max retries exceeded with url: /api/qt/stock/get?fltt=2&invt=2&fields=f120%2Cf121%2Cf122%2Cf174%2Cf175%2Cf59%2Cf163%2Cf43%2Cf57%2Cf58%2Cf169%2Cf170%2Cf46%2Cf44%2Cf51%2Cf168%2Cf47%2Cf164%2Cf116%2Cf60%2Cf45%2Cf52%2Cf50%2Cf48%2Cf167%2Cf117%2Cf71%2Cf161%2Cf49%2Cf530%2Cf135%2Cf136%2Cf137%2Cf138%2Cf139%2Cf141%2Cf142%2Cf144%2Cf145%2Cf147%2Cf148%2Cf140%2Cf143%2Cf146%2Cf149%2Cf55%2Cf62%2Cf162%2Cf92%2Cf173%2Cf104%2Cf105%2Cf84%2Cf85%2Cf183%2Cf184%2Cf185%2Cf186%2Cf187%2Cf188%2Cf189%2Cf190%2Cf191%2Cf192%2Cf107%2Cf111%2Cf86%2Cf177%2Cf78%2Cf110%2Cf262%2Cf263%2Cf264%2Cf267%2Cf268%2Cf255%2Cf256%2Cf257%2Cf258%2Cf127%2Cf199%2Cf128%2Cf198%2Cf259%2Cf260%2Cf261%2Cf171%2Cf277%2Cf278%2Cf279%2Cf288%2Cf152%2Cf250%2Cf251%2Cf252%2Cf253%2Cf254%2Cf269%2Cf270%2Cf271%2Cf272%2Cf273%2Cf274%2Cf275%2Cf276%2Cf265%2Cf266%2Cf289%2Cf290%2Cf286%2Cf285%2Cf292%2Cf293%2Cf294%2Cf295%2Cf43&secid=1.600536 (Caused by ProxyError('Unable to connect to proxy', RemoteDisconnected('Remote end closed connection without response')))
2025-11-21 20:01:07,643 - growth_stock_screener - WARNING - 获取股票 603119 的概念板块信息失败: HTTPSConnectionPool(host='push2.eastmoney.com', port=443): Max retries exceeded with url: /api/qt/stock/get?fltt=2&invt=2&fields=f120%2Cf121%2Cf122%2Cf174%2Cf175%2Cf59%2Cf163%2Cf43%2Cf57%2Cf58%2Cf169%2Cf170%2Cf46%2Cf44%2Cf51%2Cf168%2Cf47%2Cf164%2Cf116%2Cf60%2Cf45%2Cf52%2Cf50%2Cf48%2Cf167%2Cf117%2Cf71%2Cf161%2Cf49%2Cf530%2Cf135%2Cf136%2Cf137%2Cf138%2Cf139%2Cf141%2Cf142%2Cf144%2Cf145%2Cf147%2Cf148%2Cf140%2Cf143%2Cf146%2Cf149%2Cf55%2Cf62%2Cf162%2Cf92%2Cf173%2Cf104%2Cf105%2Cf84%2Cf85%2Cf183%2Cf184%2Cf185%2Cf186%2Cf187%2Cf188%2Cf189%2Cf190%2Cf191%2Cf192%2Cf107%2Cf111%2Cf86%2Cf177%2Cf78%2Cf110%2Cf262%2Cf263%2Cf264%2Cf267%2Cf268%2Cf255%2Cf256%2Cf257%2Cf258%2Cf127%2Cf199%2Cf128%2Cf198%2Cf259%2Cf260%2Cf261%2Cf171%2Cf277%2Cf278%2Cf279%2Cf288%2Cf152%2Cf250%2Cf251%2Cf252%2Cf253%2Cf254%2Cf269%2Cf270%2Cf271%2Cf272%2Cf273%2Cf274%2Cf275%2Cf276%2Cf265%2Cf266%2Cf289%2Cf290%2Cf286%2Cf285%2Cf292%2Cf293%2Cf294%2Cf295%2Cf43&secid=1.603119 (Caused by ProxyError('Unable to connect to proxy', RemoteDisconnected('Remote end closed connection without response')))
2025-11-21 20:01:08,494 - growth_stock_screener - WARNING - 获取股票 002895 的概念板块信息失败: HTTPSConnectionPool(host='push2.eastmoney.com', port=443): Max retries exceeded with url: /api/qt/stock/get?fltt=2&invt=2&fields=f120%2Cf121%2Cf122%2Cf174%2Cf175%2Cf59%2Cf163%2Cf43%2Cf57%2Cf58%2Cf169%2Cf170%2Cf46%2Cf44%2Cf51%2Cf168%2Cf47%2Cf164%2Cf116%2Cf60%2Cf45%2Cf52%2Cf50%2Cf48%2Cf167%2Cf117%2Cf71%2Cf161%2Cf49%2Cf530%2Cf135%2Cf136%2Cf137%2Cf138%2Cf139%2Cf141%2Cf142%2Cf144%2Cf145%2Cf147%2Cf148%2Cf140%2Cf143%2Cf146%2Cf149%2Cf55%2Cf62%2Cf162%2Cf92%2Cf173%2Cf104%2Cf105%2Cf84%2Cf85%2Cf183%2Cf184%2Cf185%2Cf186%2Cf187%2Cf188%2Cf189%2Cf190%2Cf191%2Cf192%2Cf107%2Cf111%2Cf86%2Cf177%2Cf78%2Cf110%2Cf262%2Cf263%2Cf264%2Cf267%2Cf268%2Cf255%2Cf256%2Cf257%2Cf258%2Cf127%2Cf199%2Cf128%2Cf198%2Cf259%2Cf260%2Cf261%2Cf171%2Cf277%2Cf278%2Cf279%2Cf288%2Cf152%2Cf250%2Cf251%2Cf252%2Cf253%2Cf254%2Cf269%2Cf270%2Cf271%2Cf272%2Cf273%2Cf274%2Cf275%2Cf276%2Cf265%2Cf266%2Cf289%2Cf290%2Cf286%2Cf285%2Cf292%2Cf293%2Cf294%2Cf295%2Cf43&secid=0.002895 (Caused by ProxyError('Unable to connect to proxy', RemoteDisconnected('Remote end closed connection without response')))
2025-11-21 20:01:09,485 - growth_stock_screener - WARNING - 获取股票 300661 的概念板块信息失败: HTTPSConnectionPool(host='push2.eastmoney.com', port=443): Max retries exceeded with url: /api/qt/stock/get?fltt=2&invt=2&fields=f120%2Cf121%2Cf122%2Cf174%2Cf175%2Cf59%2Cf163%2Cf43%2Cf57%2Cf58%2Cf169%2Cf170%2Cf46%2Cf44%2Cf51%2Cf168%2Cf47%2Cf164%2Cf116%2Cf60%2Cf45%2Cf52%2Cf50%2Cf48%2Cf167%2Cf117%2Cf71%2Cf161%2Cf49%2Cf530%2Cf135%2Cf136%2Cf137%2Cf138%2Cf139%2Cf141%2Cf142%2Cf144%2Cf145%2Cf147%2Cf148%2Cf140%2Cf143%2Cf146%2Cf149%2Cf55%2Cf62%2Cf162%2Cf92%2Cf173%2Cf104%2Cf105%2Cf84%2Cf85%2Cf183%2Cf184%2Cf185%2Cf186%2Cf187%2Cf188%2Cf189%2Cf190%2Cf191%2Cf192%2Cf107%2Cf111%2Cf86%2Cf177%2Cf78%2Cf110%2Cf262%2Cf263%2Cf264%2Cf267%2Cf268%2Cf255%2Cf256%2Cf257%2Cf258%2Cf127%2Cf199%2Cf128%2Cf198%2Cf259%2Cf260%2Cf261%2Cf171%2Cf277%2Cf278%2Cf279%2Cf288%2Cf152%2Cf250%2Cf251%2Cf252%2Cf253%2Cf254%2Cf269%2Cf270%2Cf271%2Cf272%2Cf273%2Cf274%2Cf275%2Cf276%2Cf265%2Cf266%2Cf289%2Cf290%2Cf286%2Cf285%2Cf292%2Cf293%2Cf294%2Cf295%2Cf43&secid=0.300661 (Caused by ProxyError('Unable to connect to proxy', RemoteDisconnected('Remote end closed connection without response')))
2025-11-21 20:01:10,436 - growth_stock_screener - WARNING - 获取股票 002484 的概念板块信息失败: HTTPSConnectionPool(host='push2.eastmoney.com', port=443): Max retries exceeded with url: /api/qt/stock/get?fltt=2&invt=2&fields=f120%2Cf121%2Cf122%2Cf174%2Cf175%2Cf59%2Cf163%2Cf43%2Cf57%2Cf58%2Cf169%2Cf170%2Cf46%2Cf44%2Cf51%2Cf168%2Cf47%2Cf164%2Cf116%2Cf60%2Cf45%2Cf52%2Cf50%2Cf48%2Cf167%2Cf117%2Cf71%2Cf161%2Cf49%2Cf530%2Cf135%2Cf136%2Cf137%2Cf138%2Cf139%2Cf141%2Cf142%2Cf144%2Cf145%2Cf147%2Cf148%2Cf140%2Cf143%2Cf146%2Cf149%2Cf55%2Cf62%2Cf162%2Cf92%2Cf173%2Cf104%2Cf105%2Cf84%2Cf85%2Cf183%2Cf184%2Cf185%2Cf186%2Cf187%2Cf188%2Cf189%2Cf190%2Cf191%2Cf192%2Cf107%2Cf111%2Cf86%2Cf177%2Cf78%2Cf110%2Cf262%2Cf263%2Cf264%2Cf267%2Cf268%2Cf255%2Cf256%2Cf257%2Cf258%2Cf127%2Cf199%2Cf128%2Cf198%2Cf259%2Cf260%2Cf261%2Cf171%2Cf277%2Cf278%2Cf279%2Cf288%2Cf152%2Cf250%2Cf251%2Cf252%2Cf253%2Cf254%2Cf269%2Cf270%2Cf271%2Cf272%2Cf273%2Cf274%2Cf275%2Cf276%2Cf265%2Cf266%2Cf289%2Cf290%2Cf286%2Cf285%2Cf292%2Cf293%2Cf294%2Cf295%2Cf43&secid=0.002484 (Caused by ProxyError('Unable to connect to proxy', RemoteDisconnected('Remote end closed connection without response')))
2025-11-21 20:01:11,673 - growth_stock_screener - WARNING - 获取股票 003010 的概念板块信息失败: HTTPSConnectionPool(host='push2.eastmoney.com', port=443): Max retries exceeded with url: /api/qt/stock/get?fltt=2&invt=2&fields=f120%2Cf121%2Cf122%2Cf174%2Cf175%2Cf59%2Cf163%2Cf43%2Cf57%2Cf58%2Cf169%2Cf170%2Cf46%2Cf44%2Cf51%2Cf168%2Cf47%2Cf164%2Cf116%2Cf60%2Cf45%2Cf52%2Cf50%2Cf48%2Cf167%2Cf117%2Cf71%2Cf161%2Cf49%2Cf530%2Cf135%2Cf136%2Cf137%2Cf138%2Cf139%2Cf141%2Cf142%2Cf144%2Cf145%2Cf147%2Cf148%2Cf140%2Cf143%2Cf146%2Cf149%2Cf55%2Cf62%2Cf162%2Cf92%2Cf173%2Cf104%2Cf105%2Cf84%2Cf85%2Cf183%2Cf184%2Cf185%2Cf186%2Cf187%2Cf188%2Cf189%2Cf190%2Cf191%2Cf192%2Cf107%2Cf111%2Cf86%2Cf177%2Cf78%2Cf110%2Cf262%2Cf263%2Cf264%2Cf267%2Cf268%2Cf255%2Cf256%2Cf257%2Cf258%2Cf127%2Cf199%2Cf128%2Cf198%2Cf259%2Cf260%2Cf261%2Cf171%2Cf277%2Cf278%2Cf279%2Cf288%2Cf152%2Cf250%2Cf251%2Cf252%2Cf253%2Cf254%2Cf269%2Cf270%2Cf271%2Cf272%2Cf273%2Cf274%2Cf275%2Cf276%2Cf265%2Cf266%2Cf289%2Cf290%2Cf286%2Cf285%2Cf292%2Cf293%2Cf294%2Cf295%2Cf43&secid=0.003010 (Caused by ProxyError('Unable to connect to proxy', RemoteDisconnected('Remote end closed connection without response')))
2025-11-21 20:01:13,123 - growth_stock_screener - WARNING - 获取股票 300153 的概念板块信息失败: HTTPSConnectionPool(host='push2.eastmoney.com', port=443): Max retries exceeded with url: /api/qt/stock/get?fltt=2&invt=2&fields=f120%2Cf121%2Cf122%2Cf174%2Cf175%2Cf59%2Cf163%2Cf43%2Cf57%2Cf58%2Cf169%2Cf170%2Cf46%2Cf44%2Cf51%2Cf168%2Cf47%2Cf164%2Cf116%2Cf60%2Cf45%2Cf52%2Cf50%2Cf48%2Cf167%2Cf117%2Cf71%2Cf161%2Cf49%2Cf530%2Cf135%2Cf136%2Cf137%2Cf138%2Cf139%2Cf141%2Cf142%2Cf144%2Cf145%2Cf147%2Cf148%2Cf140%2Cf143%2Cf146%2Cf149%2Cf55%2Cf62%2Cf162%2Cf92%2Cf173%2Cf104%2Cf105%2Cf84%2Cf85%2Cf183%2Cf184%2Cf185%2Cf186%2Cf187%2Cf188%2Cf189%2Cf190%2Cf191%2Cf192%2Cf107%2Cf111%2Cf86%2Cf177%2Cf78%2Cf110%2Cf262%2Cf263%2Cf264%2Cf267%2Cf268%2Cf255%2Cf256%2Cf257%2Cf258%2Cf127%2Cf199%2Cf128%2Cf198%2Cf259%2Cf260%2Cf261%2Cf171%2Cf277%2Cf278%2Cf279%2Cf288%2Cf152%2Cf250%2Cf251%2Cf252%2Cf253%2Cf254%2Cf269%2Cf270%2Cf271%2Cf272%2Cf273%2Cf274%2Cf275%2Cf276%2Cf265%2Cf266%2Cf289%2Cf290%2Cf286%2Cf285%2Cf292%2Cf293%2Cf294%2Cf295%2Cf43&secid=0.300153 (Caused by ProxyError('Unable to connect to proxy', RemoteDisconnected('Remote end closed connection without response')))
2025-11-21 20:01:14,010 - growth_stock_screener - WARNING - 获取股票 688631 的概念板块信息失败: HTTPSConnectionPool(host='push2.eastmoney.com', port=443): Max retries exceeded with url: /api/qt/stock/get?fltt=2&invt=2&fields=f120%2Cf121%2Cf122%2Cf174%2Cf175%2Cf59%2Cf163%2Cf43%2Cf57%2Cf58%2Cf169%2Cf170%2Cf46%2Cf44%2Cf51%2Cf168%2Cf47%2Cf164%2Cf116%2Cf60%2Cf45%2Cf52%2Cf50%2Cf48%2Cf167%2Cf117%2Cf71%2Cf161%2Cf49%2Cf530%2Cf135%2Cf136%2Cf137%2Cf138%2Cf139%2Cf141%2Cf142%2Cf144%2Cf145%2Cf147%2Cf148%2Cf140%2Cf143%2Cf146%2Cf149%2Cf55%2Cf62%2Cf162%2Cf92%2Cf173%2Cf104%2Cf105%2Cf84%2Cf85%2Cf183%2Cf184%2Cf185%2Cf186%2Cf187%2Cf188%2Cf189%2Cf190%2Cf191%2Cf192%2Cf107%2Cf111%2Cf86%2Cf177%2Cf78%2Cf110%2Cf262%2Cf263%2Cf264%2Cf267%2Cf268%2Cf255%2Cf256%2Cf257%2Cf258%2Cf127%2Cf199%2Cf128%2Cf198%2Cf259%2Cf260%2Cf261%2Cf171%2Cf277%2Cf278%2Cf279%2Cf288%2Cf152%2Cf250%2Cf251%2Cf252%2Cf253%2Cf254%2Cf269%2Cf270%2Cf271%2Cf272%2Cf273%2Cf274%2Cf275%2Cf276%2Cf265%2Cf266%2Cf289%2Cf290%2Cf286%2Cf285%2Cf292%2Cf293%2Cf294%2Cf295%2Cf43&secid=1.688631 (Caused by ProxyError('Unable to connect to proxy', RemoteDisconnected('Remote end closed connection without response')))
2025-11-21 20:01:14,924 - growth_stock_screener - WARNING - 获取股票 688037 的概念板块信息失败: HTTPSConnectionPool(host='push2.eastmoney.com', port=443): Max retries exceeded with url: /api/qt/stock/get?fltt=2&invt=2&fields=f120%2Cf121%2Cf122%2Cf174%2Cf175%2Cf59%2Cf163%2Cf43%2Cf57%2Cf58%2Cf169%2Cf170%2Cf46%2Cf44%2Cf51%2Cf168%2Cf47%2Cf164%2Cf116%2Cf60%2Cf45%2Cf52%2Cf50%2Cf48%2Cf167%2Cf117%2Cf71%2Cf161%2Cf49%2Cf530%2Cf135%2Cf136%2Cf137%2Cf138%2Cf139%2Cf141%2Cf142%2Cf144%2Cf145%2Cf147%2Cf148%2Cf140%2Cf143%2Cf146%2Cf149%2Cf55%2Cf62%2Cf162%2Cf92%2Cf173%2Cf104%2Cf105%2Cf84%2Cf85%2Cf183%2Cf184%2Cf185%2Cf186%2Cf187%2Cf188%2Cf189%2Cf190%2Cf191%2Cf192%2Cf107%2Cf111%2Cf86%2Cf177%2Cf78%2Cf110%2Cf262%2Cf263%2Cf264%2Cf267%2Cf268%2Cf255%2Cf256%2Cf257%2Cf258%2Cf127%2Cf199%2Cf128%2Cf198%2Cf259%2Cf260%2Cf261%2Cf171%2Cf277%2Cf278%2Cf279%2Cf288%2Cf152%2Cf250%2Cf251%2Cf252%2Cf253%2Cf254%2Cf269%2Cf270%2Cf271%2Cf272%2Cf273%2Cf274%2Cf275%2Cf276%2Cf265%2Cf266%2Cf289%2Cf290%2Cf286%2Cf285%2Cf292%2Cf293%2Cf294%2Cf295%2Cf43&secid=1.688037 (Caused by ProxyError('Unable to connect to proxy', RemoteDisconnected('Remote end closed connection without response')))
2025-11-21 20:01:16,061 - growth_stock_screener - WARNING - 获取股票 000880 的概念板块信息失败: HTTPSConnectionPool(host='push2.eastmoney.com', port=443): Max retries exceeded with url: /api/qt/stock/get?fltt=2&invt=2&fields=f120%2Cf121%2Cf122%2Cf174%2Cf175%2Cf59%2Cf163%2Cf43%2Cf57%2Cf58%2Cf169%2Cf170%2Cf46%2Cf44%2Cf51%2Cf168%2Cf47%2Cf164%2Cf116%2Cf60%2Cf45%2Cf52%2Cf50%2Cf48%2Cf167%2Cf117%2Cf71%2Cf161%2Cf49%2Cf530%2Cf135%2Cf136%2Cf137%2Cf138%2Cf139%2Cf141%2Cf142%2Cf144%2Cf145%2Cf147%2Cf148%2Cf140%2Cf143%2Cf146%2Cf149%2Cf55%2Cf62%2Cf162%2Cf92%2Cf173%2Cf104%2Cf105%2Cf84%2Cf85%2Cf183%2Cf184%2Cf185%2Cf186%2Cf187%2Cf188%2Cf189%2Cf190%2Cf191%2Cf192%2Cf107%2Cf111%2Cf86%2Cf177%2Cf78%2Cf110%2Cf262%2Cf263%2Cf264%2Cf267%2Cf268%2Cf255%2Cf256%2Cf257%2Cf258%2Cf127%2Cf199%2Cf128%2Cf198%2Cf259%2Cf260%2Cf261%2Cf171%2Cf277%2Cf278%2Cf279%2Cf288%2Cf152%2Cf250%2Cf251%2Cf252%2Cf253%2Cf254%2Cf269%2Cf270%2Cf271%2Cf272%2Cf273%2Cf274%2Cf275%2Cf276%2Cf265%2Cf266%2Cf289%2Cf290%2Cf286%2Cf285%2Cf292%2Cf293%2Cf294%2Cf295%2Cf43&secid=0.000880 (Caused by ProxyError('Unable to connect to proxy', RemoteDisconnected('Remote end closed connection without response')))
2025-11-21 20:01:17,072 - growth_stock_screener - WARNING - 获取股票 688213 的概念板块信息失败: HTTPSConnectionPool(host='push2.eastmoney.com', port=443): Max retries exceeded with url: /api/qt/stock/get?fltt=2&invt=2&fields=f120%2Cf121%2Cf122%2Cf174%2Cf175%2Cf59%2Cf163%2Cf43%2Cf57%2Cf58%2Cf169%2Cf170%2Cf46%2Cf44%2Cf51%2Cf168%2Cf47%2Cf164%2Cf116%2Cf60%2Cf45%2Cf52%2Cf50%2Cf48%2Cf167%2Cf117%2Cf71%2Cf161%2Cf49%2Cf530%2Cf135%2Cf136%2Cf137%2Cf138%2Cf139%2Cf141%2Cf142%2Cf144%2Cf145%2Cf147%2Cf148%2Cf140%2Cf143%2Cf146%2Cf149%2Cf55%2Cf62%2Cf162%2Cf92%2Cf173%2Cf104%2Cf105%2Cf84%2Cf85%2Cf183%2Cf184%2Cf185%2Cf186%2Cf187%2Cf188%2Cf189%2Cf190%2Cf191%2Cf192%2Cf107%2Cf111%2Cf86%2Cf177%2Cf78%2Cf110%2Cf262%2Cf263%2Cf264%2Cf267%2Cf268%2Cf255%2Cf256%2Cf257%2Cf258%2Cf127%2Cf199%2Cf128%2Cf198%2Cf259%2Cf260%2Cf261%2Cf171%2Cf277%2Cf278%2Cf279%2Cf288%2Cf152%2Cf250%2Cf251%2Cf252%2Cf253%2Cf254%2Cf269%2Cf270%2Cf271%2Cf272%2Cf273%2Cf274%2Cf275%2Cf276%2Cf265%2Cf266%2Cf289%2Cf290%2Cf286%2Cf285%2Cf292%2Cf293%2Cf294%2Cf295%2Cf43&secid=1.688213 (Caused by ProxyError('Unable to connect to proxy', RemoteDisconnected('Remote end closed connection without response')))
2025-11-21 20:01:17,966 - growth_stock_screener - WARNING - 获取股票 688012 的概念板块信息失败: HTTPSConnectionPool(host='push2.eastmoney.com', port=443): Max retries exceeded with url: /api/qt/stock/get?fltt=2&invt=2&fields=f120%2Cf121%2Cf122%2Cf174%2Cf175%2Cf59%2Cf163%2Cf43%2Cf57%2Cf58%2Cf169%2Cf170%2Cf46%2Cf44%2Cf51%2Cf168%2Cf47%2Cf164%2Cf116%2Cf60%2Cf45%2Cf52%2Cf50%2Cf48%2Cf167%2Cf117%2Cf71%2Cf161%2Cf49%2Cf530%2Cf135%2Cf136%2Cf137%2Cf138%2Cf139%2Cf141%2Cf142%2Cf144%2Cf145%2Cf147%2Cf148%2Cf140%2Cf143%2Cf146%2Cf149%2Cf55%2Cf62%2Cf162%2Cf92%2Cf173%2Cf104%2Cf105%2Cf84%2Cf85%2Cf183%2Cf184%2Cf185%2Cf186%2Cf187%2Cf188%2Cf189%2Cf190%2Cf191%2Cf192%2Cf107%2Cf111%2Cf86%2Cf177%2Cf78%2Cf110%2Cf262%2Cf263%2Cf264%2Cf267%2Cf268%2Cf255%2Cf256%2Cf257%2Cf258%2Cf127%2Cf199%2Cf128%2Cf198%2Cf259%2Cf260%2Cf261%2Cf171%2Cf277%2Cf278%2Cf279%2Cf288%2Cf152%2Cf250%2Cf251%2Cf252%2Cf253%2Cf254%2Cf269%2Cf270%2Cf271%2Cf272%2Cf273%2Cf274%2Cf275%2Cf276%2Cf265%2Cf266%2Cf289%2Cf290%2Cf286%2Cf285%2Cf292%2Cf293%2Cf294%2Cf295%2Cf43&secid=1.688012 (Caused by ProxyError('Unable to connect to proxy', RemoteDisconnected('Remote end closed connection without response')))
2025-11-21 20:01:18,828 - growth_stock_screener - WARNING - 获取股票 300408 的概念板块信息失败: HTTPSConnectionPool(host='push2.eastmoney.com', port=443): Max retries exceeded with url: /api/qt/stock/get?fltt=2&invt=2&fields=f120%2Cf121%2Cf122%2Cf174%2Cf175%2Cf59%2Cf163%2Cf43%2Cf57%2Cf58%2Cf169%2Cf170%2Cf46%2Cf44%2Cf51%2Cf168%2Cf47%2Cf164%2Cf116%2Cf60%2Cf45%2Cf52%2Cf50%2Cf48%2Cf167%2Cf117%2Cf71%2Cf161%2Cf49%2Cf530%2Cf135%2Cf136%2Cf137%2Cf138%2Cf139%2Cf141%2Cf142%2Cf144%2Cf145%2Cf147%2Cf148%2Cf140%2Cf143%2Cf146%2Cf149%2Cf55%2Cf62%2Cf162%2Cf92%2Cf173%2Cf104%2Cf105%2Cf84%2Cf85%2Cf183%2Cf184%2Cf185%2Cf186%2Cf187%2Cf188%2Cf189%2Cf190%2Cf191%2Cf192%2Cf107%2Cf111%2Cf86%2Cf177%2Cf78%2Cf110%2Cf262%2Cf263%2Cf264%2Cf267%2Cf268%2Cf255%2Cf256%2Cf257%2Cf258%2Cf127%2Cf199%2Cf128%2Cf198%2Cf259%2Cf260%2Cf261%2Cf171%2Cf277%2Cf278%2Cf279%2Cf288%2Cf152%2Cf250%2Cf251%2Cf252%2Cf253%2Cf254%2Cf269%2Cf270%2Cf271%2Cf272%2Cf273%2Cf274%2Cf275%2Cf276%2Cf265%2Cf266%2Cf289%2Cf290%2Cf286%2Cf285%2Cf292%2Cf293%2Cf294%2Cf295%2Cf43&secid=0.300408 (Caused by ProxyError('Unable to connect to proxy', RemoteDisconnected('Remote end closed connection without response')))
2025-11-21 20:01:19,728 - growth_stock_screener - WARNING - 获取股票 688521 的概念板块信息失败: HTTPSConnectionPool(host='push2.eastmoney.com', port=443): Max retries exceeded with url: /api/qt/stock/get?fltt=2&invt=2&fields=f120%2Cf121%2Cf122%2Cf174%2Cf175%2Cf59%2Cf163%2Cf43%2Cf57%2Cf58%2Cf169%2Cf170%2Cf46%2Cf44%2Cf51%2Cf168%2Cf47%2Cf164%2Cf116%2Cf60%2Cf45%2Cf52%2Cf50%2Cf48%2Cf167%2Cf117%2Cf71%2Cf161%2Cf49%2Cf530%2Cf135%2Cf136%2Cf137%2Cf138%2Cf139%2Cf141%2Cf142%2Cf144%2Cf145%2Cf147%2Cf148%2Cf140%2Cf143%2Cf146%2Cf149%2Cf55%2Cf62%2Cf162%2Cf92%2Cf173%2Cf104%2Cf105%2Cf84%2Cf85%2Cf183%2Cf184%2Cf185%2Cf186%2Cf187%2Cf188%2Cf189%2Cf190%2Cf191%2Cf192%2Cf107%2Cf111%2Cf86%2Cf177%2Cf78%2Cf110%2Cf262%2Cf263%2Cf264%2Cf267%2Cf268%2Cf255%2Cf256%2Cf257%2Cf258%2Cf127%2Cf199%2Cf128%2Cf198%2Cf259%2Cf260%2Cf261%2Cf171%2Cf277%2Cf278%2Cf279%2Cf288%2Cf152%2Cf250%2Cf251%2Cf252%2Cf253%2Cf254%2Cf269%2Cf270%2Cf271%2Cf272%2Cf273%2Cf274%2Cf275%2Cf276%2Cf265%2Cf266%2Cf289%2Cf290%2Cf286%2Cf285%2Cf292%2Cf293%2Cf294%2Cf295%2Cf43&secid=1.688521 (Caused by ProxyError('Unable to connect to proxy', RemoteDisconnected('Remote end closed connection without response')))
2025-11-21 20:01:20,807 - growth_stock_screener - WARNING - 获取股票 603228 的概念板块信息失败: HTTPSConnectionPool(host='push2.eastmoney.com', port=443): Max retries exceeded with url: /api/qt/stock/get?fltt=2&invt=2&fields=f120%2Cf121%2Cf122%2Cf174%2Cf175%2Cf59%2Cf163%2Cf43%2Cf57%2Cf58%2Cf169%2Cf170%2Cf46%2Cf44%2Cf51%2Cf168%2Cf47%2Cf164%2Cf116%2Cf60%2Cf45%2Cf52%2Cf50%2Cf48%2Cf167%2Cf117%2Cf71%2Cf161%2Cf49%2Cf530%2Cf135%2Cf136%2Cf137%2Cf138%2Cf139%2Cf141%2Cf142%2Cf144%2Cf145%2Cf147%2Cf148%2Cf140%2Cf143%2Cf146%2Cf149%2Cf55%2Cf62%2Cf162%2Cf92%2Cf173%2Cf104%2Cf105%2Cf84%2Cf85%2Cf183%2Cf184%2Cf185%2Cf186%2Cf187%2Cf188%2Cf189%2Cf190%2Cf191%2Cf192%2Cf107%2Cf111%2Cf86%2Cf177%2Cf78%2Cf110%2Cf262%2Cf263%2Cf264%2Cf267%2Cf268%2Cf255%2Cf256%2Cf257%2Cf258%2Cf127%2Cf199%2Cf128%2Cf198%2Cf259%2Cf260%2Cf261%2Cf171%2Cf277%2Cf278%2Cf279%2Cf288%2Cf152%2Cf250%2Cf251%2Cf252%2Cf253%2Cf254%2Cf269%2Cf270%2Cf271%2Cf272%2Cf273%2Cf274%2Cf275%2Cf276%2Cf265%2Cf266%2Cf289%2Cf290%2Cf286%2Cf285%2Cf292%2Cf293%2Cf294%2Cf295%2Cf43&secid=1.603228 (Caused by ProxyError('Unable to connect to proxy', RemoteDisconnected('Remote end closed connection without response')))
2025-11-21 20:01:26,757 - growth_stock_screener - WARNING - 获取股票 600516 的概念板块信息失败: HTTPSConnectionPool(host='push2.eastmoney.com', port=443): Max retries exceeded with url: /api/qt/stock/get?fltt=2&invt=2&fields=f120%2Cf121%2Cf122%2Cf174%2Cf175%2Cf59%2Cf163%2Cf43%2Cf57%2Cf58%2Cf169%2Cf170%2Cf46%2Cf44%2Cf51%2Cf168%2Cf47%2Cf164%2Cf116%2Cf60%2Cf45%2Cf52%2Cf50%2Cf48%2Cf167%2Cf117%2Cf71%2Cf161%2Cf49%2Cf530%2Cf135%2Cf136%2Cf137%2Cf138%2Cf139%2Cf141%2Cf142%2Cf144%2Cf145%2Cf147%2Cf148%2Cf140%2Cf143%2Cf146%2Cf149%2Cf55%2Cf62%2Cf162%2Cf92%2Cf173%2Cf104%2Cf105%2Cf84%2Cf85%2Cf183%2Cf184%2Cf185%2Cf186%2Cf187%2Cf188%2Cf189%2Cf190%2Cf191%2Cf192%2Cf107%2Cf111%2Cf86%2Cf177%2Cf78%2Cf110%2Cf262%2Cf263%2Cf264%2Cf267%2Cf268%2Cf255%2Cf256%2Cf257%2Cf258%2Cf127%2Cf199%2Cf128%2Cf198%2Cf259%2Cf260%2Cf261%2Cf171%2Cf277%2Cf278%2Cf279%2Cf288%2Cf152%2Cf250%2Cf251%2Cf252%2Cf253%2Cf254%2Cf269%2Cf270%2Cf271%2Cf272%2Cf273%2Cf274%2Cf275%2Cf276%2Cf265%2Cf266%2Cf289%2Cf290%2Cf286%2Cf285%2Cf292%2Cf293%2Cf294%2Cf295%2Cf43&secid=1.600516 (Caused by ProxyError('Unable to connect to proxy', RemoteDisconnected('Remote end closed connection without response')))
2025-11-21 20:01:27,730 - growth_stock_screener - WARNING - 获取股票 688668 的概念板块信息失败: HTTPSConnectionPool(host='push2.eastmoney.com', port=443): Max retries exceeded with url: /api/qt/stock/get?fltt=2&invt=2&fields=f120%2Cf121%2Cf122%2Cf174%2Cf175%2Cf59%2Cf163%2Cf43%2Cf57%2Cf58%2Cf169%2Cf170%2Cf46%2Cf44%2Cf51%2Cf168%2Cf47%2Cf164%2Cf116%2Cf60%2Cf45%2Cf52%2Cf50%2Cf48%2Cf167%2Cf117%2Cf71%2Cf161%2Cf49%2Cf530%2Cf135%2Cf136%2Cf137%2Cf138%2Cf139%2Cf141%2Cf142%2Cf144%2Cf145%2Cf147%2Cf148%2Cf140%2Cf143%2Cf146%2Cf149%2Cf55%2Cf62%2Cf162%2Cf92%2Cf173%2Cf104%2Cf105%2Cf84%2Cf85%2Cf183%2Cf184%2Cf185%2Cf186%2Cf187%2Cf188%2Cf189%2Cf190%2Cf191%2Cf192%2Cf107%2Cf111%2Cf86%2Cf177%2Cf78%2Cf110%2Cf262%2Cf263%2Cf264%2Cf267%2Cf268%2Cf255%2Cf256%2Cf257%2Cf258%2Cf127%2Cf199%2Cf128%2Cf198%2Cf259%2Cf260%2Cf261%2Cf171%2Cf277%2Cf278%2Cf279%2Cf288%2Cf152%2Cf250%2Cf251%2Cf252%2Cf253%2Cf254%2Cf269%2Cf270%2Cf271%2Cf272%2Cf273%2Cf274%2Cf275%2Cf276%2Cf265%2Cf266%2Cf289%2Cf290%2Cf286%2Cf285%2Cf292%2Cf293%2Cf294%2Cf295%2Cf43&secid=1.688668 (Caused by ProxyError('Unable to connect to proxy', RemoteDisconnected('Remote end closed connection without response')))
2025-11-21 20:01:28,721 - growth_stock_screener - WARNING - 获取股票 09863 的概念板块信息失败: HTTPSConnectionPool(host='push2.eastmoney.com', port=443): Max retries exceeded with url: /api/qt/stock/get?fltt=2&invt=2&fields=f120%2Cf121%2Cf122%2Cf174%2Cf175%2Cf59%2Cf163%2Cf43%2Cf57%2Cf58%2Cf169%2Cf170%2Cf46%2Cf44%2Cf51%2Cf168%2Cf47%2Cf164%2Cf116%2Cf60%2Cf45%2Cf52%2Cf50%2Cf48%2Cf167%2Cf117%2Cf71%2Cf161%2Cf49%2Cf530%2Cf135%2Cf136%2Cf137%2Cf138%2Cf139%2Cf141%2Cf142%2Cf144%2Cf145%2Cf147%2Cf148%2Cf140%2Cf143%2Cf146%2Cf149%2Cf55%2Cf62%2Cf162%2Cf92%2Cf173%2Cf104%2Cf105%2Cf84%2Cf85%2Cf183%2Cf184%2Cf185%2Cf186%2Cf187%2Cf188%2Cf189%2Cf190%2Cf191%2Cf192%2Cf107%2Cf111%2Cf86%2Cf177%2Cf78%2Cf110%2Cf262%2Cf263%2Cf264%2Cf267%2Cf268%2Cf255%2Cf256%2Cf257%2Cf258%2Cf127%2Cf199%2Cf128%2Cf198%2Cf259%2Cf260%2Cf261%2Cf171%2Cf277%2Cf278%2Cf279%2Cf288%2Cf152%2Cf250%2Cf251%2Cf252%2Cf253%2Cf254%2Cf269%2Cf270%2Cf271%2Cf272%2Cf273%2Cf274%2Cf275%2Cf276%2Cf265%2Cf266%2Cf289%2Cf290%2Cf286%2Cf285%2Cf292%2Cf293%2Cf294%2Cf295%2Cf43&secid=0.09863 (Caused by ProxyError('Unable to connect to proxy', RemoteDisconnected('Remote end closed connection without response')))
2025-11-21 20:01:29,779 - growth_stock_screener - WARNING - 获取股票 002353 的概念板块信息失败: HTTPSConnectionPool(host='push2.eastmoney.com', port=443): Max retries exceeded with url: /api/qt/stock/get?fltt=2&invt=2&fields=f120%2Cf121%2Cf122%2Cf174%2Cf175%2Cf59%2Cf163%2Cf43%2Cf57%2Cf58%2Cf169%2Cf170%2Cf46%2Cf44%2Cf51%2Cf168%2Cf47%2Cf164%2Cf116%2Cf60%2Cf45%2Cf52%2Cf50%2Cf48%2Cf167%2Cf117%2Cf71%2Cf161%2Cf49%2Cf530%2Cf135%2Cf136%2Cf137%2Cf138%2Cf139%2Cf141%2Cf142%2Cf144%2Cf145%2Cf147%2Cf148%2Cf140%2Cf143%2Cf146%2Cf149%2Cf55%2Cf62%2Cf162%2Cf92%2Cf173%2Cf104%2Cf105%2Cf84%2Cf85%2Cf183%2Cf184%2Cf185%2Cf186%2Cf187%2Cf188%2Cf189%2Cf190%2Cf191%2Cf192%2Cf107%2Cf111%2Cf86%2Cf177%2Cf78%2Cf110%2Cf262%2Cf263%2Cf264%2Cf267%2Cf268%2Cf255%2Cf256%2Cf257%2Cf258%2Cf127%2Cf199%2Cf128%2Cf198%2Cf259%2Cf260%2Cf261%2Cf171%2Cf277%2Cf278%2Cf279%2Cf288%2Cf152%2Cf250%2Cf251%2Cf252%2Cf253%2Cf254%2Cf269%2Cf270%2Cf271%2Cf272%2Cf273%2Cf274%2Cf275%2Cf276%2Cf265%2Cf266%2Cf289%2Cf290%2Cf286%2Cf285%2Cf292%2Cf293%2Cf294%2Cf295%2Cf43&secid=0.002353 (Caused by ProxyError('Unable to connect to proxy', RemoteDisconnected('Remote end closed connection without response')))
2025-11-21 20:01:30,697 - growth_stock_screener - WARNING - 获取股票 301291 的概念板块信息失败: HTTPSConnectionPool(host='push2.eastmoney.com', port=443): Max retries exceeded with url: /api/qt/stock/get?fltt=2&invt=2&fields=f120%2Cf121%2Cf122%2Cf174%2Cf175%2Cf59%2Cf163%2Cf43%2Cf57%2Cf58%2Cf169%2Cf170%2Cf46%2Cf44%2Cf51%2Cf168%2Cf47%2Cf164%2Cf116%2Cf60%2Cf45%2Cf52%2Cf50%2Cf48%2Cf167%2Cf117%2Cf71%2Cf161%2Cf49%2Cf530%2Cf135%2Cf136%2Cf137%2Cf138%2Cf139%2Cf141%2Cf142%2Cf144%2Cf145%2Cf147%2Cf148%2Cf140%2Cf143%2Cf146%2Cf149%2Cf55%2Cf62%2Cf162%2Cf92%2Cf173%2Cf104%2Cf105%2Cf84%2Cf85%2Cf183%2Cf184%2Cf185%2Cf186%2Cf187%2Cf188%2Cf189%2Cf190%2Cf191%2Cf192%2Cf107%2Cf111%2Cf86%2Cf177%2Cf78%2Cf110%2Cf262%2Cf263%2Cf264%2Cf267%2Cf268%2Cf255%2Cf256%2Cf257%2Cf258%2Cf127%2Cf199%2Cf128%2Cf198%2Cf259%2Cf260%2Cf261%2Cf171%2Cf277%2Cf278%2Cf279%2Cf288%2Cf152%2Cf250%2Cf251%2Cf252%2Cf253%2Cf254%2Cf269%2Cf270%2Cf271%2Cf272%2Cf273%2Cf274%2Cf275%2Cf276%2Cf265%2Cf266%2Cf289%2Cf290%2Cf286%2Cf285%2Cf292%2Cf293%2Cf294%2Cf295%2Cf43&secid=0.301291 (Caused by ProxyError('Unable to connect to proxy', RemoteDisconnected('Remote end closed connection without response')))
2025-11-21 20:01:31,606 - growth_stock_screener - WARNING - 获取股票 300548 的概念板块信息失败: HTTPSConnectionPool(host='push2.eastmoney.com', port=443): Max retries exceeded with url: /api/qt/stock/get?fltt=2&invt=2&fields=f120%2Cf121%2Cf122%2Cf174%2Cf175%2Cf59%2Cf163%2Cf43%2Cf57%2Cf58%2Cf169%2Cf170%2Cf46%2Cf44%2Cf51%2Cf168%2Cf47%2Cf164%2Cf116%2Cf60%2Cf45%2Cf52%2Cf50%2Cf48%2Cf167%2Cf117%2Cf71%2Cf161%2Cf49%2Cf530%2Cf135%2Cf136%2Cf137%2Cf138%2Cf139%2Cf141%2Cf142%2Cf144%2Cf145%2Cf147%2Cf148%2Cf140%2Cf143%2Cf146%2Cf149%2Cf55%2Cf62%2Cf162%2Cf92%2Cf173%2Cf104%2Cf105%2Cf84%2Cf85%2Cf183%2Cf184%2Cf185%2Cf186%2Cf187%2Cf188%2Cf189%2Cf190%2Cf191%2Cf192%2Cf107%2Cf111%2Cf86%2Cf177%2Cf78%2Cf110%2Cf262%2Cf263%2Cf264%2Cf267%2Cf268%2Cf255%2Cf256%2Cf257%2Cf258%2Cf127%2Cf199%2Cf128%2Cf198%2Cf259%2Cf260%2Cf261%2Cf171%2Cf277%2Cf278%2Cf279%2Cf288%2Cf152%2Cf250%2Cf251%2Cf252%2Cf253%2Cf254%2Cf269%2Cf270%2Cf271%2Cf272%2Cf273%2Cf274%2Cf275%2Cf276%2Cf265%2Cf266%2Cf289%2Cf290%2Cf286%2Cf285%2Cf292%2Cf293%2Cf294%2Cf295%2Cf43&secid=0.300548 (Caused by ProxyError('Unable to connect to proxy', RemoteDisconnected('Remote end closed connection without response')))
2025-11-21 20:01:32,484 - growth_stock_screener - WARNING - 获取股票 00762 的概念板块信息失败: HTTPSConnectionPool(host='push2.eastmoney.com', port=443): Max retries exceeded with url: /api/qt/stock/get?fltt=2&invt=2&fields=f120%2Cf121%2Cf122%2Cf174%2Cf175%2Cf59%2Cf163%2Cf43%2Cf57%2Cf58%2Cf169%2Cf170%2Cf46%2Cf44%2Cf51%2Cf168%2Cf47%2Cf164%2Cf116%2Cf60%2Cf45%2Cf52%2Cf50%2Cf48%2Cf167%2Cf117%2Cf71%2Cf161%2Cf49%2Cf530%2Cf135%2Cf136%2Cf137%2Cf138%2Cf139%2Cf141%2Cf142%2Cf144%2Cf145%2Cf147%2Cf148%2Cf140%2Cf143%2Cf146%2Cf149%2Cf55%2Cf62%2Cf162%2Cf92%2Cf173%2Cf104%2Cf105%2Cf84%2Cf85%2Cf183%2Cf184%2Cf185%2Cf186%2Cf187%2Cf188%2Cf189%2Cf190%2Cf191%2Cf192%2Cf107%2Cf111%2Cf86%2Cf177%2Cf78%2Cf110%2Cf262%2Cf263%2Cf264%2Cf267%2Cf268%2Cf255%2Cf256%2Cf257%2Cf258%2Cf127%2Cf199%2Cf128%2Cf198%2Cf259%2Cf260%2Cf261%2Cf171%2Cf277%2Cf278%2Cf279%2Cf288%2Cf152%2Cf250%2Cf251%2Cf252%2Cf253%2Cf254%2Cf269%2Cf270%2Cf271%2Cf272%2Cf273%2Cf274%2Cf275%2Cf276%2Cf265%2Cf266%2Cf289%2Cf290%2Cf286%2Cf285%2Cf292%2Cf293%2Cf294%2Cf295%2Cf43&secid=0.00762 (Caused by ProxyError('Unable to connect to proxy', RemoteDisconnected('Remote end closed connection without response')))
2025-11-21 20:01:33,336 - growth_stock_screener - WARNING - 获取股票 002558 的概念板块信息失败: HTTPSConnectionPool(host='push2.eastmoney.com', port=443): Max retries exceeded with url: /api/qt/stock/get?fltt=2&invt=2&fields=f120%2Cf121%2Cf122%2Cf174%2Cf175%2Cf59%2Cf163%2Cf43%2Cf57%2Cf58%2Cf169%2Cf170%2Cf46%2Cf44%2Cf51%2Cf168%2Cf47%2Cf164%2Cf116%2Cf60%2Cf45%2Cf52%2Cf50%2Cf48%2Cf167%2Cf117%2Cf71%2Cf161%2Cf49%2Cf530%2Cf135%2Cf136%2Cf137%2Cf138%2Cf139%2Cf141%2Cf142%2Cf144%2Cf145%2Cf147%2Cf148%2Cf140%2Cf143%2Cf146%2Cf149%2Cf55%2Cf62%2Cf162%2Cf92%2Cf173%2Cf104%2Cf105%2Cf84%2Cf85%2Cf183%2Cf184%2Cf185%2Cf186%2Cf187%2Cf188%2Cf189%2Cf190%2Cf191%2Cf192%2Cf107%2Cf111%2Cf86%2Cf177%2Cf78%2Cf110%2Cf262%2Cf263%2Cf264%2Cf267%2Cf268%2Cf255%2Cf256%2Cf257%2Cf258%2Cf127%2Cf199%2Cf128%2Cf198%2Cf259%2Cf260%2Cf261%2Cf171%2Cf277%2Cf278%2Cf279%2Cf288%2Cf152%2Cf250%2Cf251%2Cf252%2Cf253%2Cf254%2Cf269%2Cf270%2Cf271%2Cf272%2Cf273%2Cf274%2Cf275%2Cf276%2Cf265%2Cf266%2Cf289%2Cf290%2Cf286%2Cf285%2Cf292%2Cf293%2Cf294%2Cf295%2Cf43&secid=0.002558 (Caused by ProxyError('Unable to connect to proxy', RemoteDisconnected('Remote end closed connection without response')))
2025-11-21 20:01:34,204 - growth_stock_screener - WARNING - 获取股票 603893 的概念板块信息失败: HTTPSConnectionPool(host='push2.eastmoney.com', port=443): Max retries exceeded with url: /api/qt/stock/get?fltt=2&invt=2&fields=f120%2Cf121%2Cf122%2Cf174%2Cf175%2Cf59%2Cf163%2Cf43%2Cf57%2Cf58%2Cf169%2Cf170%2Cf46%2Cf44%2Cf51%2Cf168%2Cf47%2Cf164%2Cf116%2Cf60%2Cf45%2Cf52%2Cf50%2Cf48%2Cf167%2Cf117%2Cf71%2Cf161%2Cf49%2Cf530%2Cf135%2Cf136%2Cf137%2Cf138%2Cf139%2Cf141%2Cf142%2Cf144%2Cf145%2Cf147%2Cf148%2Cf140%2Cf143%2Cf146%2Cf149%2Cf55%2Cf62%2Cf162%2Cf92%2Cf173%2Cf104%2Cf105%2Cf84%2Cf85%2Cf183%2Cf184%2Cf185%2Cf186%2Cf187%2Cf188%2Cf189%2Cf190%2Cf191%2Cf192%2Cf107%2Cf111%2Cf86%2Cf177%2Cf78%2Cf110%2Cf262%2Cf263%2Cf264%2Cf267%2Cf268%2Cf255%2Cf256%2Cf257%2Cf258%2Cf127%2Cf199%2Cf128%2Cf198%2Cf259%2Cf260%2Cf261%2Cf171%2Cf277%2Cf278%2Cf279%2Cf288%2Cf152%2Cf250%2Cf251%2Cf252%2Cf253%2Cf254%2Cf269%2Cf270%2Cf271%2Cf272%2Cf273%2Cf274%2Cf275%2Cf276%2Cf265%2Cf266%2Cf289%2Cf290%2Cf286%2Cf285%2Cf292%2Cf293%2Cf294%2Cf295%2Cf43&secid=1.603893 (Caused by ProxyError('Unable to connect to proxy', RemoteDisconnected('Remote end closed connection without response')))
2025-11-21 20:01:35,136 - growth_stock_screener - WARNING - 获取股票 688036 的概念板块信息失败: HTTPSConnectionPool(host='push2.eastmoney.com', port=443): Max retries exceeded with url: /api/qt/stock/get?fltt=2&invt=2&fields=f120%2Cf121%2Cf122%2Cf174%2Cf175%2Cf59%2Cf163%2Cf43%2Cf57%2Cf58%2Cf169%2Cf170%2Cf46%2Cf44%2Cf51%2Cf168%2Cf47%2Cf164%2Cf116%2Cf60%2Cf45%2Cf52%2Cf50%2Cf48%2Cf167%2Cf117%2Cf71%2Cf161%2Cf49%2Cf530%2Cf135%2Cf136%2Cf137%2Cf138%2Cf139%2Cf141%2Cf142%2Cf144%2Cf145%2Cf147%2Cf148%2Cf140%2Cf143%2Cf146%2Cf149%2Cf55%2Cf62%2Cf162%2Cf92%2Cf173%2Cf104%2Cf105%2Cf84%2Cf85%2Cf183%2Cf184%2Cf185%2Cf186%2Cf187%2Cf188%2Cf189%2Cf190%2Cf191%2Cf192%2Cf107%2Cf111%2Cf86%2Cf177%2Cf78%2Cf110%2Cf262%2Cf263%2Cf264%2Cf267%2Cf268%2Cf255%2Cf256%2Cf257%2Cf258%2Cf127%2Cf199%2Cf128%2Cf198%2Cf259%2Cf260%2Cf261%2Cf171%2Cf277%2Cf278%2Cf279%2Cf288%2Cf152%2Cf250%2Cf251%2Cf252%2Cf253%2Cf254%2Cf269%2Cf270%2Cf271%2Cf272%2Cf273%2Cf274%2Cf275%2Cf276%2Cf265%2Cf266%2Cf289%2Cf290%2Cf286%2Cf285%2Cf292%2Cf293%2Cf294%2Cf295%2Cf43&secid=1.688036 (Caused by ProxyError('Unable to connect to proxy', RemoteDisconnected('Remote end closed connection without response')))
2025-11-21 20:01:36,037 - growth_stock_screener - WARNING - 获取股票 002993 的概念板块信息失败: HTTPSConnectionPool(host='push2.eastmoney.com', port=443): Max retries exceeded with url: /api/qt/stock/get?fltt=2&invt=2&fields=f120%2Cf121%2Cf122%2Cf174%2Cf175%2Cf59%2Cf163%2Cf43%2Cf57%2Cf58%2Cf169%2Cf170%2Cf46%2Cf44%2Cf51%2Cf168%2Cf47%2Cf164%2Cf116%2Cf60%2Cf45%2Cf52%2Cf50%2Cf48%2Cf167%2Cf117%2Cf71%2Cf161%2Cf49%2Cf530%2Cf135%2Cf136%2Cf137%2Cf138%2Cf139%2Cf141%2Cf142%2Cf144%2Cf145%2Cf147%2Cf148%2Cf140%2Cf143%2Cf146%2Cf149%2Cf55%2Cf62%2Cf162%2Cf92%2Cf173%2Cf104%2Cf105%2Cf84%2Cf85%2Cf183%2Cf184%2Cf185%2Cf186%2Cf187%2Cf188%2Cf189%2Cf190%2Cf191%2Cf192%2Cf107%2Cf111%2Cf86%2Cf177%2Cf78%2Cf110%2Cf262%2Cf263%2Cf264%2Cf267%2Cf268%2Cf255%2Cf256%2Cf257%2Cf258%2Cf127%2Cf199%2Cf128%2Cf198%2Cf259%2Cf260%2Cf261%2Cf171%2Cf277%2Cf278%2Cf279%2Cf288%2Cf152%2Cf250%2Cf251%2Cf252%2Cf253%2Cf254%2Cf269%2Cf270%2Cf271%2Cf272%2Cf273%2Cf274%2Cf275%2Cf276%2Cf265%2Cf266%2Cf289%2Cf290%2Cf286%2Cf285%2Cf292%2Cf293%2Cf294%2Cf295%2Cf43&secid=0.002993 (Caused by ProxyError('Unable to connect to proxy', RemoteDisconnected('Remote end closed connection without response')))
2025-11-21 20:01:36,968 - growth_stock_screener - WARNING - 获取股票 002602 的概念板块信息失败: HTTPSConnectionPool(host='push2.eastmoney.com', port=443): Max retries exceeded with url: /api/qt/stock/get?fltt=2&invt=2&fields=f120%2Cf121%2Cf122%2Cf174%2Cf175%2Cf59%2Cf163%2Cf43%2Cf57%2Cf58%2Cf169%2Cf170%2Cf46%2Cf44%2Cf51%2Cf168%2Cf47%2Cf164%2Cf116%2Cf60%2Cf45%2Cf52%2Cf50%2Cf48%2Cf167%2Cf117%2Cf71%2Cf161%2Cf49%2Cf530%2Cf135%2Cf136%2Cf137%2Cf138%2Cf139%2Cf141%2Cf142%2Cf144%2Cf145%2Cf147%2Cf148%2Cf140%2Cf143%2Cf146%2Cf149%2Cf55%2Cf62%2Cf162%2Cf92%2Cf173%2Cf104%2Cf105%2Cf84%2Cf85%2Cf183%2Cf184%2Cf185%2Cf186%2Cf187%2Cf188%2Cf189%2Cf190%2Cf191%2Cf192%2Cf107%2Cf111%2Cf86%2Cf177%2Cf78%2Cf110%2Cf262%2Cf263%2Cf264%2Cf267%2Cf268%2Cf255%2Cf256%2Cf257%2Cf258%2Cf127%2Cf199%2Cf128%2Cf198%2Cf259%2Cf260%2Cf261%2Cf171%2Cf277%2Cf278%2Cf279%2Cf288%2Cf152%2Cf250%2Cf251%2Cf252%2Cf253%2Cf254%2Cf269%2Cf270%2Cf271%2Cf272%2Cf273%2Cf274%2Cf275%2Cf276%2Cf265%2Cf266%2Cf289%2Cf290%2Cf286%2Cf285%2Cf292%2Cf293%2Cf294%2Cf295%2Cf43&secid=0.002602 (Caused by ProxyError('Unable to connect to proxy', RemoteDisconnected('Remote end closed connection without response')))
2025-11-21 20:01:37,835 - growth_stock_screener - WARNING - 获取股票 300866 的概念板块信息失败: HTTPSConnectionPool(host='push2.eastmoney.com', port=443): Max retries exceeded with url: /api/qt/stock/get?fltt=2&invt=2&fields=f120%2Cf121%2Cf122%2Cf174%2Cf175%2Cf59%2Cf163%2Cf43%2Cf57%2Cf58%2Cf169%2Cf170%2Cf46%2Cf44%2Cf51%2Cf168%2Cf47%2Cf164%2Cf116%2Cf60%2Cf45%2Cf52%2Cf50%2Cf48%2Cf167%2Cf117%2Cf71%2Cf161%2Cf49%2Cf530%2Cf135%2Cf136%2Cf137%2Cf138%2Cf139%2Cf141%2Cf142%2Cf144%2Cf145%2Cf147%2Cf148%2Cf140%2Cf143%2Cf146%2Cf149%2Cf55%2Cf62%2Cf162%2Cf92%2Cf173%2Cf104%2Cf105%2Cf84%2Cf85%2Cf183%2Cf184%2Cf185%2Cf186%2Cf187%2Cf188%2Cf189%2Cf190%2Cf191%2Cf192%2Cf107%2Cf111%2Cf86%2Cf177%2Cf78%2Cf110%2Cf262%2Cf263%2Cf264%2Cf267%2Cf268%2Cf255%2Cf256%2Cf257%2Cf258%2Cf127%2Cf199%2Cf128%2Cf198%2Cf259%2Cf260%2Cf261%2Cf171%2Cf277%2Cf278%2Cf279%2Cf288%2Cf152%2Cf250%2Cf251%2Cf252%2Cf253%2Cf254%2Cf269%2Cf270%2Cf271%2Cf272%2Cf273%2Cf274%2Cf275%2Cf276%2Cf265%2Cf266%2Cf289%2Cf290%2Cf286%2Cf285%2Cf292%2Cf293%2Cf294%2Cf295%2Cf43&secid=0.300866 (Caused by ProxyError('Unable to connect to proxy', RemoteDisconnected('Remote end closed connection without response')))
2025-11-21 20:01:38,844 - growth_stock_screener - WARNING - 获取股票 002497 的概念板块信息失败: HTTPSConnectionPool(host='push2.eastmoney.com', port=443): Max retries exceeded with url: /api/qt/stock/get?fltt=2&invt=2&fields=f120%2Cf121%2Cf122%2Cf174%2Cf175%2Cf59%2Cf163%2Cf43%2Cf57%2Cf58%2Cf169%2Cf170%2Cf46%2Cf44%2Cf51%2Cf168%2Cf47%2Cf164%2Cf116%2Cf60%2Cf45%2Cf52%2Cf50%2Cf48%2Cf167%2Cf117%2Cf71%2Cf161%2Cf49%2Cf530%2Cf135%2Cf136%2Cf137%2Cf138%2Cf139%2Cf141%2Cf142%2Cf144%2Cf145%2Cf147%2Cf148%2Cf140%2Cf143%2Cf146%2Cf149%2Cf55%2Cf62%2Cf162%2Cf92%2Cf173%2Cf104%2Cf105%2Cf84%2Cf85%2Cf183%2Cf184%2Cf185%2Cf186%2Cf187%2Cf188%2Cf189%2Cf190%2Cf191%2Cf192%2Cf107%2Cf111%2Cf86%2Cf177%2Cf78%2Cf110%2Cf262%2Cf263%2Cf264%2Cf267%2Cf268%2Cf255%2Cf256%2Cf257%2Cf258%2Cf127%2Cf199%2Cf128%2Cf198%2Cf259%2Cf260%2Cf261%2Cf171%2Cf277%2Cf278%2Cf279%2Cf288%2Cf152%2Cf250%2Cf251%2Cf252%2Cf253%2Cf254%2Cf269%2Cf270%2Cf271%2Cf272%2Cf273%2Cf274%2Cf275%2Cf276%2Cf265%2Cf266%2Cf289%2Cf290%2Cf286%2Cf285%2Cf292%2Cf293%2Cf294%2Cf295%2Cf43&secid=0.002497 (Caused by ProxyError('Unable to connect to proxy', RemoteDisconnected('Remote end closed connection without response')))
2025-11-21 20:01:39,757 - growth_stock_screener - WARNING - 获取股票 688981 的概念板块信息失败: HTTPSConnectionPool(host='push2.eastmoney.com', port=443): Max retries exceeded with url: /api/qt/stock/get?fltt=2&invt=2&fields=f120%2Cf121%2Cf122%2Cf174%2Cf175%2Cf59%2Cf163%2Cf43%2Cf57%2Cf58%2Cf169%2Cf170%2Cf46%2Cf44%2Cf51%2Cf168%2Cf47%2Cf164%2Cf116%2Cf60%2Cf45%2Cf52%2Cf50%2Cf48%2Cf167%2Cf117%2Cf71%2Cf161%2Cf49%2Cf530%2Cf135%2Cf136%2Cf137%2Cf138%2Cf139%2Cf141%2Cf142%2Cf144%2Cf145%2Cf147%2Cf148%2Cf140%2Cf143%2Cf146%2Cf149%2Cf55%2Cf62%2Cf162%2Cf92%2Cf173%2Cf104%2Cf105%2Cf84%2Cf85%2Cf183%2Cf184%2Cf185%2Cf186%2Cf187%2Cf188%2Cf189%2Cf190%2Cf191%2Cf192%2Cf107%2Cf111%2Cf86%2Cf177%2Cf78%2Cf110%2Cf262%2Cf263%2Cf264%2Cf267%2Cf268%2Cf255%2Cf256%2Cf257%2Cf258%2Cf127%2Cf199%2Cf128%2Cf198%2Cf259%2Cf260%2Cf261%2Cf171%2Cf277%2Cf278%2Cf279%2Cf288%2Cf152%2Cf250%2Cf251%2Cf252%2Cf253%2Cf254%2Cf269%2Cf270%2Cf271%2Cf272%2Cf273%2Cf274%2Cf275%2Cf276%2Cf265%2Cf266%2Cf289%2Cf290%2Cf286%2Cf285%2Cf292%2Cf293%2Cf294%2Cf295%2Cf43&secid=1.688981 (Caused by ProxyError('Unable to connect to proxy', RemoteDisconnected('Remote end closed connection without response')))
2025-11-21 20:01:40,900 - growth_stock_screener - WARNING - 获取股票 002241 的概念板块信息失败: HTTPSConnectionPool(host='push2.eastmoney.com', port=443): Max retries exceeded with url: /api/qt/stock/get?fltt=2&invt=2&fields=f120%2Cf121%2Cf122%2Cf174%2Cf175%2Cf59%2Cf163%2Cf43%2Cf57%2Cf58%2Cf169%2Cf170%2Cf46%2Cf44%2Cf51%2Cf168%2Cf47%2Cf164%2Cf116%2Cf60%2Cf45%2Cf52%2Cf50%2Cf48%2Cf167%2Cf117%2Cf71%2Cf161%2Cf49%2Cf530%2Cf135%2Cf136%2Cf137%2Cf138%2Cf139%2Cf141%2Cf142%2Cf144%2Cf145%2Cf147%2Cf148%2Cf140%2Cf143%2Cf146%2Cf149%2Cf55%2Cf62%2Cf162%2Cf92%2Cf173%2Cf104%2Cf105%2Cf84%2Cf85%2Cf183%2Cf184%2Cf185%2Cf186%2Cf187%2Cf188%2Cf189%2Cf190%2Cf191%2Cf192%2Cf107%2Cf111%2Cf86%2Cf177%2Cf78%2Cf110%2Cf262%2Cf263%2Cf264%2Cf267%2Cf268%2Cf255%2Cf256%2Cf257%2Cf258%2Cf127%2Cf199%2Cf128%2Cf198%2Cf259%2Cf260%2Cf261%2Cf171%2Cf277%2Cf278%2Cf279%2Cf288%2Cf152%2Cf250%2Cf251%2Cf252%2Cf253%2Cf254%2Cf269%2Cf270%2Cf271%2Cf272%2Cf273%2Cf274%2Cf275%2Cf276%2Cf265%2Cf266%2Cf289%2Cf290%2Cf286%2Cf285%2Cf292%2Cf293%2Cf294%2Cf295%2Cf43&secid=0.002241 (Caused by ProxyError('Unable to connect to proxy', RemoteDisconnected('Remote end closed connection without response')))
2025-11-21 20:01:41,882 - growth_stock_screener - WARNING - 获取股票 603166 的概念板块信息失败: HTTPSConnectionPool(host='push2.eastmoney.com', port=443): Max retries exceeded with url: /api/qt/stock/get?fltt=2&invt=2&fields=f120%2Cf121%2Cf122%2Cf174%2Cf175%2Cf59%2Cf163%2Cf43%2Cf57%2Cf58%2Cf169%2Cf170%2Cf46%2Cf44%2Cf51%2Cf168%2Cf47%2Cf164%2Cf116%2Cf60%2Cf45%2Cf52%2Cf50%2Cf48%2Cf167%2Cf117%2Cf71%2Cf161%2Cf49%2Cf530%2Cf135%2Cf136%2Cf137%2Cf138%2Cf139%2Cf141%2Cf142%2Cf144%2Cf145%2Cf147%2Cf148%2Cf140%2Cf143%2Cf146%2Cf149%2Cf55%2Cf62%2Cf162%2Cf92%2Cf173%2Cf104%2Cf105%2Cf84%2Cf85%2Cf183%2Cf184%2Cf185%2Cf186%2Cf187%2Cf188%2Cf189%2Cf190%2Cf191%2Cf192%2Cf107%2Cf111%2Cf86%2Cf177%2Cf78%2Cf110%2Cf262%2Cf263%2Cf264%2Cf267%2Cf268%2Cf255%2Cf256%2Cf257%2Cf258%2Cf127%2Cf199%2Cf128%2Cf198%2Cf259%2Cf260%2Cf261%2Cf171%2Cf277%2Cf278%2Cf279%2Cf288%2Cf152%2Cf250%2Cf251%2Cf252%2Cf253%2Cf254%2Cf269%2Cf270%2Cf271%2Cf272%2Cf273%2Cf274%2Cf275%2Cf276%2Cf265%2Cf266%2Cf289%2Cf290%2Cf286%2Cf285%2Cf292%2Cf293%2Cf294%2Cf295%2Cf43&secid=1.603166 (Caused by ProxyError('Unable to connect to proxy', RemoteDisconnected('Remote end closed connection without response')))
2025-11-21 20:01:42,722 - growth_stock_screener - WARNING - 获取股票 300033 的概念板块信息失败: HTTPSConnectionPool(host='push2.eastmoney.com', port=443): Max retries exceeded with url: /api/qt/stock/get?fltt=2&invt=2&fields=f120%2Cf121%2Cf122%2Cf174%2Cf175%2Cf59%2Cf163%2Cf43%2Cf57%2Cf58%2Cf169%2Cf170%2Cf46%2Cf44%2Cf51%2Cf168%2Cf47%2Cf164%2Cf116%2Cf60%2Cf45%2Cf52%2Cf50%2Cf48%2Cf167%2Cf117%2Cf71%2Cf161%2Cf49%2Cf530%2Cf135%2Cf136%2Cf137%2Cf138%2Cf139%2Cf141%2Cf142%2Cf144%2Cf145%2Cf147%2Cf148%2Cf140%2Cf143%2Cf146%2Cf149%2Cf55%2Cf62%2Cf162%2Cf92%2Cf173%2Cf104%2Cf105%2Cf84%2Cf85%2Cf183%2Cf184%2Cf185%2Cf186%2Cf187%2Cf188%2Cf189%2Cf190%2Cf191%2Cf192%2Cf107%2Cf111%2Cf86%2Cf177%2Cf78%2Cf110%2Cf262%2Cf263%2Cf264%2Cf267%2Cf268%2Cf255%2Cf256%2Cf257%2Cf258%2Cf127%2Cf199%2Cf128%2Cf198%2Cf259%2Cf260%2Cf261%2Cf171%2Cf277%2Cf278%2Cf279%2Cf288%2Cf152%2Cf250%2Cf251%2Cf252%2Cf253%2Cf254%2Cf269%2Cf270%2Cf271%2Cf272%2Cf273%2Cf274%2Cf275%2Cf276%2Cf265%2Cf266%2Cf289%2Cf290%2Cf286%2Cf285%2Cf292%2Cf293%2Cf294%2Cf295%2Cf43&secid=0.300033 (Caused by ProxyError('Unable to connect to proxy', RemoteDisconnected('Remote end closed connection without response')))
2025-11-21 20:01:43,612 - growth_stock_screener - WARNING - 获取股票 688702 的概念板块信息失败: HTTPSConnectionPool(host='push2.eastmoney.com', port=443): Max retries exceeded with url: /api/qt/stock/get?fltt=2&invt=2&fields=f120%2Cf121%2Cf122%2Cf174%2Cf175%2Cf59%2Cf163%2Cf43%2Cf57%2Cf58%2Cf169%2Cf170%2Cf46%2Cf44%2Cf51%2Cf168%2Cf47%2Cf164%2Cf116%2Cf60%2Cf45%2Cf52%2Cf50%2Cf48%2Cf167%2Cf117%2Cf71%2Cf161%2Cf49%2Cf530%2Cf135%2Cf136%2Cf137%2Cf138%2Cf139%2Cf141%2Cf142%2Cf144%2Cf145%2Cf147%2Cf148%2Cf140%2Cf143%2Cf146%2Cf149%2Cf55%2Cf62%2Cf162%2Cf92%2Cf173%2Cf104%2Cf105%2Cf84%2Cf85%2Cf183%2Cf184%2Cf185%2Cf186%2Cf187%2Cf188%2Cf189%2Cf190%2Cf191%2Cf192%2Cf107%2Cf111%2Cf86%2Cf177%2Cf78%2Cf110%2Cf262%2Cf263%2Cf264%2Cf267%2Cf268%2Cf255%2Cf256%2Cf257%2Cf258%2Cf127%2Cf199%2Cf128%2Cf198%2Cf259%2Cf260%2Cf261%2Cf171%2Cf277%2Cf278%2Cf279%2Cf288%2Cf152%2Cf250%2Cf251%2Cf252%2Cf253%2Cf254%2Cf269%2Cf270%2Cf271%2Cf272%2Cf273%2Cf274%2Cf275%2Cf276%2Cf265%2Cf266%2Cf289%2Cf290%2Cf286%2Cf285%2Cf292%2Cf293%2Cf294%2Cf295%2Cf43&secid=1.688702 (Caused by ProxyError('Unable to connect to proxy', RemoteDisconnected('Remote end closed connection without response')))
2025-11-21 20:01:44,585 - growth_stock_screener - WARNING - 获取股票 002409 的概念板块信息失败: HTTPSConnectionPool(host='push2.eastmoney.com', port=443): Max retries exceeded with url: /api/qt/stock/get?fltt=2&invt=2&fields=f120%2Cf121%2Cf122%2Cf174%2Cf175%2Cf59%2Cf163%2Cf43%2Cf57%2Cf58%2Cf169%2Cf170%2Cf46%2Cf44%2Cf51%2Cf168%2Cf47%2Cf164%2Cf116%2Cf60%2Cf45%2Cf52%2Cf50%2Cf48%2Cf167%2Cf117%2Cf71%2Cf161%2Cf49%2Cf530%2Cf135%2Cf136%2Cf137%2Cf138%2Cf139%2Cf141%2Cf142%2Cf144%2Cf145%2Cf147%2Cf148%2Cf140%2Cf143%2Cf146%2Cf149%2Cf55%2Cf62%2Cf162%2Cf92%2Cf173%2Cf104%2Cf105%2Cf84%2Cf85%2Cf183%2Cf184%2Cf185%2Cf186%2Cf187%2Cf188%2Cf189%2Cf190%2Cf191%2Cf192%2Cf107%2Cf111%2Cf86%2Cf177%2Cf78%2Cf110%2Cf262%2Cf263%2Cf264%2Cf267%2Cf268%2Cf255%2Cf256%2Cf257%2Cf258%2Cf127%2Cf199%2Cf128%2Cf198%2Cf259%2Cf260%2Cf261%2Cf171%2Cf277%2Cf278%2Cf279%2Cf288%2Cf152%2Cf250%2Cf251%2Cf252%2Cf253%2Cf254%2Cf269%2Cf270%2Cf271%2Cf272%2Cf273%2Cf274%2Cf275%2Cf276%2Cf265%2Cf266%2Cf289%2Cf290%2Cf286%2Cf285%2Cf292%2Cf293%2Cf294%2Cf295%2Cf43&secid=0.002409 (Caused by ProxyError('Unable to connect to proxy', RemoteDisconnected('Remote end closed connection without response')))
2025-11-21 20:01:45,497 - growth_stock_screener - WARNING - 获取股票 920185 的概念板块信息失败: HTTPSConnectionPool(host='push2.eastmoney.com', port=443): Max retries exceeded with url: /api/qt/stock/get?fltt=2&invt=2&fields=f120%2Cf121%2Cf122%2Cf174%2Cf175%2Cf59%2Cf163%2Cf43%2Cf57%2Cf58%2Cf169%2Cf170%2Cf46%2Cf44%2Cf51%2Cf168%2Cf47%2Cf164%2Cf116%2Cf60%2Cf45%2Cf52%2Cf50%2Cf48%2Cf167%2Cf117%2Cf71%2Cf161%2Cf49%2Cf530%2Cf135%2Cf136%2Cf137%2Cf138%2Cf139%2Cf141%2Cf142%2Cf144%2Cf145%2Cf147%2Cf148%2Cf140%2Cf143%2Cf146%2Cf149%2Cf55%2Cf62%2Cf162%2Cf92%2Cf173%2Cf104%2Cf105%2Cf84%2Cf85%2Cf183%2Cf184%2Cf185%2Cf186%2Cf187%2Cf188%2Cf189%2Cf190%2Cf191%2Cf192%2Cf107%2Cf111%2Cf86%2Cf177%2Cf78%2Cf110%2Cf262%2Cf263%2Cf264%2Cf267%2Cf268%2Cf255%2Cf256%2Cf257%2Cf258%2Cf127%2Cf199%2Cf128%2Cf198%2Cf259%2Cf260%2Cf261%2Cf171%2Cf277%2Cf278%2Cf279%2Cf288%2Cf152%2Cf250%2Cf251%2Cf252%2Cf253%2Cf254%2Cf269%2Cf270%2Cf271%2Cf272%2Cf273%2Cf274%2Cf275%2Cf276%2Cf265%2Cf266%2Cf289%2Cf290%2Cf286%2Cf285%2Cf292%2Cf293%2Cf294%2Cf295%2Cf43&secid=0.920185 (Caused by ProxyError('Unable to connect to proxy', RemoteDisconnected('Remote end closed connection without response')))
2025-11-21 20:01:46,373 - growth_stock_screener - WARNING - 获取股票 688486 的概念板块信息失败: HTTPSConnectionPool(host='push2.eastmoney.com', port=443): Max retries exceeded with url: /api/qt/stock/get?fltt=2&invt=2&fields=f120%2Cf121%2Cf122%2Cf174%2Cf175%2Cf59%2Cf163%2Cf43%2Cf57%2Cf58%2Cf169%2Cf170%2Cf46%2Cf44%2Cf51%2Cf168%2Cf47%2Cf164%2Cf116%2Cf60%2Cf45%2Cf52%2Cf50%2Cf48%2Cf167%2Cf117%2Cf71%2Cf161%2Cf49%2Cf530%2Cf135%2Cf136%2Cf137%2Cf138%2Cf139%2Cf141%2Cf142%2Cf144%2Cf145%2Cf147%2Cf148%2Cf140%2Cf143%2Cf146%2Cf149%2Cf55%2Cf62%2Cf162%2Cf92%2Cf173%2Cf104%2Cf105%2Cf84%2Cf85%2Cf183%2Cf184%2Cf185%2Cf186%2Cf187%2Cf188%2Cf189%2Cf190%2Cf191%2Cf192%2Cf107%2Cf111%2Cf86%2Cf177%2Cf78%2Cf110%2Cf262%2Cf263%2Cf264%2Cf267%2Cf268%2Cf255%2Cf256%2Cf257%2Cf258%2Cf127%2Cf199%2Cf128%2Cf198%2Cf259%2Cf260%2Cf261%2Cf171%2Cf277%2Cf278%2Cf279%2Cf288%2Cf152%2Cf250%2Cf251%2Cf252%2Cf253%2Cf254%2Cf269%2Cf270%2Cf271%2Cf272%2Cf273%2Cf274%2Cf275%2Cf276%2Cf265%2Cf266%2Cf289%2Cf290%2Cf286%2Cf285%2Cf292%2Cf293%2Cf294%2Cf295%2Cf43&secid=1.688486 (Caused by ProxyError('Unable to connect to proxy', RemoteDisconnected('Remote end closed connection without response')))
2025-11-21 20:01:47,482 - growth_stock_screener - WARNING - 获取股票 603129 的概念板块信息失败: HTTPSConnectionPool(host='push2.eastmoney.com', port=443): Max retries exceeded with url: /api/qt/stock/get?fltt=2&invt=2&fields=f120%2Cf121%2Cf122%2Cf174%2Cf175%2Cf59%2Cf163%2Cf43%2Cf57%2Cf58%2Cf169%2Cf170%2Cf46%2Cf44%2Cf51%2Cf168%2Cf47%2Cf164%2Cf116%2Cf60%2Cf45%2Cf52%2Cf50%2Cf48%2Cf167%2Cf117%2Cf71%2Cf161%2Cf49%2Cf530%2Cf135%2Cf136%2Cf137%2Cf138%2Cf139%2Cf141%2Cf142%2Cf144%2Cf145%2Cf147%2Cf148%2Cf140%2Cf143%2Cf146%2Cf149%2Cf55%2Cf62%2Cf162%2Cf92%2Cf173%2Cf104%2Cf105%2Cf84%2Cf85%2Cf183%2Cf184%2Cf185%2Cf186%2Cf187%2Cf188%2Cf189%2Cf190%2Cf191%2Cf192%2Cf107%2Cf111%2Cf86%2Cf177%2Cf78%2Cf110%2Cf262%2Cf263%2Cf264%2Cf267%2Cf268%2Cf255%2Cf256%2Cf257%2Cf258%2Cf127%2Cf199%2Cf128%2Cf198%2Cf259%2Cf260%2Cf261%2Cf171%2Cf277%2Cf278%2Cf279%2Cf288%2Cf152%2Cf250%2Cf251%2Cf252%2Cf253%2Cf254%2Cf269%2Cf270%2Cf271%2Cf272%2Cf273%2Cf274%2Cf275%2Cf276%2Cf265%2Cf266%2Cf289%2Cf290%2Cf286%2Cf285%2Cf292%2Cf293%2Cf294%2Cf295%2Cf43&secid=1.603129 (Caused by ProxyError('Unable to connect to proxy', RemoteDisconnected('Remote end closed connection without response')))
2025-11-21 20:01:48,599 - growth_stock_screener - WARNING - 获取股票 00179 的概念板块信息失败: HTTPSConnectionPool(host='push2.eastmoney.com', port=443): Max retries exceeded with url: /api/qt/stock/get?fltt=2&invt=2&fields=f120%2Cf121%2Cf122%2Cf174%2Cf175%2Cf59%2Cf163%2Cf43%2Cf57%2Cf58%2Cf169%2Cf170%2Cf46%2Cf44%2Cf51%2Cf168%2Cf47%2Cf164%2Cf116%2Cf60%2Cf45%2Cf52%2Cf50%2Cf48%2Cf167%2Cf117%2Cf71%2Cf161%2Cf49%2Cf530%2Cf135%2Cf136%2Cf137%2Cf138%2Cf139%2Cf141%2Cf142%2Cf144%2Cf145%2Cf147%2Cf148%2Cf140%2Cf143%2Cf146%2Cf149%2Cf55%2Cf62%2Cf162%2Cf92%2Cf173%2Cf104%2Cf105%2Cf84%2Cf85%2Cf183%2Cf184%2Cf185%2Cf186%2Cf187%2Cf188%2Cf189%2Cf190%2Cf191%2Cf192%2Cf107%2Cf111%2Cf86%2Cf177%2Cf78%2Cf110%2Cf262%2Cf263%2Cf264%2Cf267%2Cf268%2Cf255%2Cf256%2Cf257%2Cf258%2Cf127%2Cf199%2Cf128%2Cf198%2Cf259%2Cf260%2Cf261%2Cf171%2Cf277%2Cf278%2Cf279%2Cf288%2Cf152%2Cf250%2Cf251%2Cf252%2Cf253%2Cf254%2Cf269%2Cf270%2Cf271%2Cf272%2Cf273%2Cf274%2Cf275%2Cf276%2Cf265%2Cf266%2Cf289%2Cf290%2Cf286%2Cf285%2Cf292%2Cf293%2Cf294%2Cf295%2Cf43&secid=0.00179 (Caused by ProxyError('Unable to connect to proxy', RemoteDisconnected('Remote end closed connection without response')))
2025-11-21 20:01:49,559 - growth_stock_screener - WARNING - 获取股票 688183 的概念板块信息失败: HTTPSConnectionPool(host='push2.eastmoney.com', port=443): Max retries exceeded with url: /api/qt/stock/get?fltt=2&invt=2&fields=f120%2Cf121%2Cf122%2Cf174%2Cf175%2Cf59%2Cf163%2Cf43%2Cf57%2Cf58%2Cf169%2Cf170%2Cf46%2Cf44%2Cf51%2Cf168%2Cf47%2Cf164%2Cf116%2Cf60%2Cf45%2Cf52%2Cf50%2Cf48%2Cf167%2Cf117%2Cf71%2Cf161%2Cf49%2Cf530%2Cf135%2Cf136%2Cf137%2Cf138%2Cf139%2Cf141%2Cf142%2Cf144%2Cf145%2Cf147%2Cf148%2Cf140%2Cf143%2Cf146%2Cf149%2Cf55%2Cf62%2Cf162%2Cf92%2Cf173%2Cf104%2Cf105%2Cf84%2Cf85%2Cf183%2Cf184%2Cf185%2Cf186%2Cf187%2Cf188%2Cf189%2Cf190%2Cf191%2Cf192%2Cf107%2Cf111%2Cf86%2Cf177%2Cf78%2Cf110%2Cf262%2Cf263%2Cf264%2Cf267%2Cf268%2Cf255%2Cf256%2Cf257%2Cf258%2Cf127%2Cf199%2Cf128%2Cf198%2Cf259%2Cf260%2Cf261%2Cf171%2Cf277%2Cf278%2Cf279%2Cf288%2Cf152%2Cf250%2Cf251%2Cf252%2Cf253%2Cf254%2Cf269%2Cf270%2Cf271%2Cf272%2Cf273%2Cf274%2Cf275%2Cf276%2Cf265%2Cf266%2Cf289%2Cf290%2Cf286%2Cf285%2Cf292%2Cf293%2Cf294%2Cf295%2Cf43&secid=1.688183 (Caused by ProxyError('Unable to connect to proxy', RemoteDisconnected('Remote end closed connection without response')))
2025-11-21 20:01:50,508 - growth_stock_screener - WARNING - 获取股票 002609 的概念板块信息失败: HTTPSConnectionPool(host='push2.eastmoney.com', port=443): Max retries exceeded with url: /api/qt/stock/get?fltt=2&invt=2&fields=f120%2Cf121%2Cf122%2Cf174%2Cf175%2Cf59%2Cf163%2Cf43%2Cf57%2Cf58%2Cf169%2Cf170%2Cf46%2Cf44%2Cf51%2Cf168%2Cf47%2Cf164%2Cf116%2Cf60%2Cf45%2Cf52%2Cf50%2Cf48%2Cf167%2Cf117%2Cf71%2Cf161%2Cf49%2Cf530%2Cf135%2Cf136%2Cf137%2Cf138%2Cf139%2Cf141%2Cf142%2Cf144%2Cf145%2Cf147%2Cf148%2Cf140%2Cf143%2Cf146%2Cf149%2Cf55%2Cf62%2Cf162%2Cf92%2Cf173%2Cf104%2Cf105%2Cf84%2Cf85%2Cf183%2Cf184%2Cf185%2Cf186%2Cf187%2Cf188%2Cf189%2Cf190%2Cf191%2Cf192%2Cf107%2Cf111%2Cf86%2Cf177%2Cf78%2Cf110%2Cf262%2Cf263%2Cf264%2Cf267%2Cf268%2Cf255%2Cf256%2Cf257%2Cf258%2Cf127%2Cf199%2Cf128%2Cf198%2Cf259%2Cf260%2Cf261%2Cf171%2Cf277%2Cf278%2Cf279%2Cf288%2Cf152%2Cf250%2Cf251%2Cf252%2Cf253%2Cf254%2Cf269%2Cf270%2Cf271%2Cf272%2Cf273%2Cf274%2Cf275%2Cf276%2Cf265%2Cf266%2Cf289%2Cf290%2Cf286%2Cf285%2Cf292%2Cf293%2Cf294%2Cf295%2Cf43&secid=0.002609 (Caused by ProxyError('Unable to connect to proxy', RemoteDisconnected('Remote end closed connection without response')))
2025-11-21 20:01:51,660 - growth_stock_screener - WARNING - 获取股票 688411 的概念板块信息失败: HTTPSConnectionPool(host='push2.eastmoney.com', port=443): Max retries exceeded with url: /api/qt/stock/get?fltt=2&invt=2&fields=f120%2Cf121%2Cf122%2Cf174%2Cf175%2Cf59%2Cf163%2Cf43%2Cf57%2Cf58%2Cf169%2Cf170%2Cf46%2Cf44%2Cf51%2Cf168%2Cf47%2Cf164%2Cf116%2Cf60%2Cf45%2Cf52%2Cf50%2Cf48%2Cf167%2Cf117%2Cf71%2Cf161%2Cf49%2Cf530%2Cf135%2Cf136%2Cf137%2Cf138%2Cf139%2Cf141%2Cf142%2Cf144%2Cf145%2Cf147%2Cf148%2Cf140%2Cf143%2Cf146%2Cf149%2Cf55%2Cf62%2Cf162%2Cf92%2Cf173%2Cf104%2Cf105%2Cf84%2Cf85%2Cf183%2Cf184%2Cf185%2Cf186%2Cf187%2Cf188%2Cf189%2Cf190%2Cf191%2Cf192%2Cf107%2Cf111%2Cf86%2Cf177%2Cf78%2Cf110%2Cf262%2Cf263%2Cf264%2Cf267%2Cf268%2Cf255%2Cf256%2Cf257%2Cf258%2Cf127%2Cf199%2Cf128%2Cf198%2Cf259%2Cf260%2Cf261%2Cf171%2Cf277%2Cf278%2Cf279%2Cf288%2Cf152%2Cf250%2Cf251%2Cf252%2Cf253%2Cf254%2Cf269%2Cf270%2Cf271%2Cf272%2Cf273%2Cf274%2Cf275%2Cf276%2Cf265%2Cf266%2Cf289%2Cf290%2Cf286%2Cf285%2Cf292%2Cf293%2Cf294%2Cf295%2Cf43&secid=1.688411 (Caused by ProxyError('Unable to connect to proxy', RemoteDisconnected('Remote end closed connection without response')))
2025-11-21 20:01:52,765 - growth_stock_screener - WARNING - 获取股票 300037 的概念板块信息失败: HTTPSConnectionPool(host='push2.eastmoney.com', port=443): Max retries exceeded with url: /api/qt/stock/get?fltt=2&invt=2&fields=f120%2Cf121%2Cf122%2Cf174%2Cf175%2Cf59%2Cf163%2Cf43%2Cf57%2Cf58%2Cf169%2Cf170%2Cf46%2Cf44%2Cf51%2Cf168%2Cf47%2Cf164%2Cf116%2Cf60%2Cf45%2Cf52%2Cf50%2Cf48%2Cf167%2Cf117%2Cf71%2Cf161%2Cf49%2Cf530%2Cf135%2Cf136%2Cf137%2Cf138%2Cf139%2Cf141%2Cf142%2Cf144%2Cf145%2Cf147%2Cf148%2Cf140%2Cf143%2Cf146%2Cf149%2Cf55%2Cf62%2Cf162%2Cf92%2Cf173%2Cf104%2Cf105%2Cf84%2Cf85%2Cf183%2Cf184%2Cf185%2Cf186%2Cf187%2Cf188%2Cf189%2Cf190%2Cf191%2Cf192%2Cf107%2Cf111%2Cf86%2Cf177%2Cf78%2Cf110%2Cf262%2Cf263%2Cf264%2Cf267%2Cf268%2Cf255%2Cf256%2Cf257%2Cf258%2Cf127%2Cf199%2Cf128%2Cf198%2Cf259%2Cf260%2Cf261%2Cf171%2Cf277%2Cf278%2Cf279%2Cf288%2Cf152%2Cf250%2Cf251%2Cf252%2Cf253%2Cf254%2Cf269%2Cf270%2Cf271%2Cf272%2Cf273%2Cf274%2Cf275%2Cf276%2Cf265%2Cf266%2Cf289%2Cf290%2Cf286%2Cf285%2Cf292%2Cf293%2Cf294%2Cf295%2Cf43&secid=0.300037 (Caused by ProxyError('Unable to connect to proxy', RemoteDisconnected('Remote end closed connection without response')))
2025-11-21 20:01:53,737 - growth_stock_screener - WARNING - 获取股票 000997 的概念板块信息失败: HTTPSConnectionPool(host='push2.eastmoney.com', port=443): Max retries exceeded with url: /api/qt/stock/get?fltt=2&invt=2&fields=f120%2Cf121%2Cf122%2Cf174%2Cf175%2Cf59%2Cf163%2Cf43%2Cf57%2Cf58%2Cf169%2Cf170%2Cf46%2Cf44%2Cf51%2Cf168%2Cf47%2Cf164%2Cf116%2Cf60%2Cf45%2Cf52%2Cf50%2Cf48%2Cf167%2Cf117%2Cf71%2Cf161%2Cf49%2Cf530%2Cf135%2Cf136%2Cf137%2Cf138%2Cf139%2Cf141%2Cf142%2Cf144%2Cf145%2Cf147%2Cf148%2Cf140%2Cf143%2Cf146%2Cf149%2Cf55%2Cf62%2Cf162%2Cf92%2Cf173%2Cf104%2Cf105%2Cf84%2Cf85%2Cf183%2Cf184%2Cf185%2Cf186%2Cf187%2Cf188%2Cf189%2Cf190%2Cf191%2Cf192%2Cf107%2Cf111%2Cf86%2Cf177%2Cf78%2Cf110%2Cf262%2Cf263%2Cf264%2Cf267%2Cf268%2Cf255%2Cf256%2Cf257%2Cf258%2Cf127%2Cf199%2Cf128%2Cf198%2Cf259%2Cf260%2Cf261%2Cf171%2Cf277%2Cf278%2Cf279%2Cf288%2Cf152%2Cf250%2Cf251%2Cf252%2Cf253%2Cf254%2Cf269%2Cf270%2Cf271%2Cf272%2Cf273%2Cf274%2Cf275%2Cf276%2Cf265%2Cf266%2Cf289%2Cf290%2Cf286%2Cf285%2Cf292%2Cf293%2Cf294%2Cf295%2Cf43&secid=0.000997 (Caused by ProxyError('Unable to connect to proxy', RemoteDisconnected('Remote end closed connection without response')))
2025-11-21 20:01:54,678 - growth_stock_screener - WARNING - 获取股票 000603 的概念板块信息失败: HTTPSConnectionPool(host='push2.eastmoney.com', port=443): Max retries exceeded with url: /api/qt/stock/get?fltt=2&invt=2&fields=f120%2Cf121%2Cf122%2Cf174%2Cf175%2Cf59%2Cf163%2Cf43%2Cf57%2Cf58%2Cf169%2Cf170%2Cf46%2Cf44%2Cf51%2Cf168%2Cf47%2Cf164%2Cf116%2Cf60%2Cf45%2Cf52%2Cf50%2Cf48%2Cf167%2Cf117%2Cf71%2Cf161%2Cf49%2Cf530%2Cf135%2Cf136%2Cf137%2Cf138%2Cf139%2Cf141%2Cf142%2Cf144%2Cf145%2Cf147%2Cf148%2Cf140%2Cf143%2Cf146%2Cf149%2Cf55%2Cf62%2Cf162%2Cf92%2Cf173%2Cf104%2Cf105%2Cf84%2Cf85%2Cf183%2Cf184%2Cf185%2Cf186%2Cf187%2Cf188%2Cf189%2Cf190%2Cf191%2Cf192%2Cf107%2Cf111%2Cf86%2Cf177%2Cf78%2Cf110%2Cf262%2Cf263%2Cf264%2Cf267%2Cf268%2Cf255%2Cf256%2Cf257%2Cf258%2Cf127%2Cf199%2Cf128%2Cf198%2Cf259%2Cf260%2Cf261%2Cf171%2Cf277%2Cf278%2Cf279%2Cf288%2Cf152%2Cf250%2Cf251%2Cf252%2Cf253%2Cf254%2Cf269%2Cf270%2Cf271%2Cf272%2Cf273%2Cf274%2Cf275%2Cf276%2Cf265%2Cf266%2Cf289%2Cf290%2Cf286%2Cf285%2Cf292%2Cf293%2Cf294%2Cf295%2Cf43&secid=0.000603 (Caused by ProxyError('Unable to connect to proxy', RemoteDisconnected('Remote end closed connection without response')))
2025-11-21 20:01:55,510 - growth_stock_screener - WARNING - 获取股票 000933 的概念板块信息失败: HTTPSConnectionPool(host='push2.eastmoney.com', port=443): Max retries exceeded with url: /api/qt/stock/get?fltt=2&invt=2&fields=f120%2Cf121%2Cf122%2Cf174%2Cf175%2Cf59%2Cf163%2Cf43%2Cf57%2Cf58%2Cf169%2Cf170%2Cf46%2Cf44%2Cf51%2Cf168%2Cf47%2Cf164%2Cf116%2Cf60%2Cf45%2Cf52%2Cf50%2Cf48%2Cf167%2Cf117%2Cf71%2Cf161%2Cf49%2Cf530%2Cf135%2Cf136%2Cf137%2Cf138%2Cf139%2Cf141%2Cf142%2Cf144%2Cf145%2Cf147%2Cf148%2Cf140%2Cf143%2Cf146%2Cf149%2Cf55%2Cf62%2Cf162%2Cf92%2Cf173%2Cf104%2Cf105%2Cf84%2Cf85%2Cf183%2Cf184%2Cf185%2Cf186%2Cf187%2Cf188%2Cf189%2Cf190%2Cf191%2Cf192%2Cf107%2Cf111%2Cf86%2Cf177%2Cf78%2Cf110%2Cf262%2Cf263%2Cf264%2Cf267%2Cf268%2Cf255%2Cf256%2Cf257%2Cf258%2Cf127%2Cf199%2Cf128%2Cf198%2Cf259%2Cf260%2Cf261%2Cf171%2Cf277%2Cf278%2Cf279%2Cf288%2Cf152%2Cf250%2Cf251%2Cf252%2Cf253%2Cf254%2Cf269%2Cf270%2Cf271%2Cf272%2Cf273%2Cf274%2Cf275%2Cf276%2Cf265%2Cf266%2Cf289%2Cf290%2Cf286%2Cf285%2Cf292%2Cf293%2Cf294%2Cf295%2Cf43&secid=0.000933 (Caused by ProxyError('Unable to connect to proxy', RemoteDisconnected('Remote end closed connection without response')))
2025-11-21 20:01:56,356 - growth_stock_screener - WARNING - 获取股票 000630 的概念板块信息失败: HTTPSConnectionPool(host='push2.eastmoney.com', port=443): Max retries exceeded with url: /api/qt/stock/get?fltt=2&invt=2&fields=f120%2Cf121%2Cf122%2Cf174%2Cf175%2Cf59%2Cf163%2Cf43%2Cf57%2Cf58%2Cf169%2Cf170%2Cf46%2Cf44%2Cf51%2Cf168%2Cf47%2Cf164%2Cf116%2Cf60%2Cf45%2Cf52%2Cf50%2Cf48%2Cf167%2Cf117%2Cf71%2Cf161%2Cf49%2Cf530%2Cf135%2Cf136%2Cf137%2Cf138%2Cf139%2Cf141%2Cf142%2Cf144%2Cf145%2Cf147%2Cf148%2Cf140%2Cf143%2Cf146%2Cf149%2Cf55%2Cf62%2Cf162%2Cf92%2Cf173%2Cf104%2Cf105%2Cf84%2Cf85%2Cf183%2Cf184%2Cf185%2Cf186%2Cf187%2Cf188%2Cf189%2Cf190%2Cf191%2Cf192%2Cf107%2Cf111%2Cf86%2Cf177%2Cf78%2Cf110%2Cf262%2Cf263%2Cf264%2Cf267%2Cf268%2Cf255%2Cf256%2Cf257%2Cf258%2Cf127%2Cf199%2Cf128%2Cf198%2Cf259%2Cf260%2Cf261%2Cf171%2Cf277%2Cf278%2Cf279%2Cf288%2Cf152%2Cf250%2Cf251%2Cf252%2Cf253%2Cf254%2Cf269%2Cf270%2Cf271%2Cf272%2Cf273%2Cf274%2Cf275%2Cf276%2Cf265%2Cf266%2Cf289%2Cf290%2Cf286%2Cf285%2Cf292%2Cf293%2Cf294%2Cf295%2Cf43&secid=0.000630 (Caused by ProxyError('Unable to connect to proxy', RemoteDisconnected('Remote end closed connection without response')))
2025-11-21 20:01:56,375 - growth_stock_screener - INFO - 筛选出 3 只成长板块股票
2025-11-21 20:01:57,235 - growth_stock_screener - WARNING - 获取股票 300394 的行业信息失败: HTTPSConnectionPool(host='push2.eastmoney.com', port=443): Max retries exceeded with url: /api/qt/stock/get?fltt=2&invt=2&fields=f120%2Cf121%2Cf122%2Cf174%2Cf175%2Cf59%2Cf163%2Cf43%2Cf57%2Cf58%2Cf169%2Cf170%2Cf46%2Cf44%2Cf51%2Cf168%2Cf47%2Cf164%2Cf116%2Cf60%2Cf45%2Cf52%2Cf50%2Cf48%2Cf167%2Cf117%2Cf71%2Cf161%2Cf49%2Cf530%2Cf135%2Cf136%2Cf137%2Cf138%2Cf139%2Cf141%2Cf142%2Cf144%2Cf145%2Cf147%2Cf148%2Cf140%2Cf143%2Cf146%2Cf149%2Cf55%2Cf62%2Cf162%2Cf92%2Cf173%2Cf104%2Cf105%2Cf84%2Cf85%2Cf183%2Cf184%2Cf185%2Cf186%2Cf187%2Cf188%2Cf189%2Cf190%2Cf191%2Cf192%2Cf107%2Cf111%2Cf86%2Cf177%2Cf78%2Cf110%2Cf262%2Cf263%2Cf264%2Cf267%2Cf268%2Cf255%2Cf256%2Cf257%2Cf258%2Cf127%2Cf199%2Cf128%2Cf198%2Cf259%2Cf260%2Cf261%2Cf171%2Cf277%2Cf278%2Cf279%2Cf288%2Cf152%2Cf250%2Cf251%2Cf252%2Cf253%2Cf254%2Cf269%2Cf270%2Cf271%2Cf272%2Cf273%2Cf274%2Cf275%2Cf276%2Cf265%2Cf266%2Cf289%2Cf290%2Cf286%2Cf285%2Cf292%2Cf293%2Cf294%2Cf295%2Cf43&secid=0.300394 (Caused by ProxyError('Unable to connect to proxy', RemoteDisconnected('Remote end closed connection without response')))
2025-11-21 20:01:58,104 - growth_stock_screener - WARNING - 获取股票 600536 的行业信息失败: HTTPSConnectionPool(host='push2.eastmoney.com', port=443): Max retries exceeded with url: /api/qt/stock/get?fltt=2&invt=2&fields=f120%2Cf121%2Cf122%2Cf174%2Cf175%2Cf59%2Cf163%2Cf43%2Cf57%2Cf58%2Cf169%2Cf170%2Cf46%2Cf44%2Cf51%2Cf168%2Cf47%2Cf164%2Cf116%2Cf60%2Cf45%2Cf52%2Cf50%2Cf48%2Cf167%2Cf117%2Cf71%2Cf161%2Cf49%2Cf530%2Cf135%2Cf136%2Cf137%2Cf138%2Cf139%2Cf141%2Cf142%2Cf144%2Cf145%2Cf147%2Cf148%2Cf140%2Cf143%2Cf146%2Cf149%2Cf55%2Cf62%2Cf162%2Cf92%2Cf173%2Cf104%2Cf105%2Cf84%2Cf85%2Cf183%2Cf184%2Cf185%2Cf186%2Cf187%2Cf188%2Cf189%2Cf190%2Cf191%2Cf192%2Cf107%2Cf111%2Cf86%2Cf177%2Cf78%2Cf110%2Cf262%2Cf263%2Cf264%2Cf267%2Cf268%2Cf255%2Cf256%2Cf257%2Cf258%2Cf127%2Cf199%2Cf128%2Cf198%2Cf259%2Cf260%2Cf261%2Cf171%2Cf277%2Cf278%2Cf279%2Cf288%2Cf152%2Cf250%2Cf251%2Cf252%2Cf253%2Cf254%2Cf269%2Cf270%2Cf271%2Cf272%2Cf273%2Cf274%2Cf275%2Cf276%2Cf265%2Cf266%2Cf289%2Cf290%2Cf286%2Cf285%2Cf292%2Cf293%2Cf294%2Cf295%2Cf43&secid=1.600536 (Caused by ProxyError('Unable to connect to proxy', RemoteDisconnected('Remote end closed connection without response')))
2025-11-21 20:01:58,950 - growth_stock_screener - WARNING - 获取股票 688702 的行业信息失败: HTTPSConnectionPool(host='push2.eastmoney.com', port=443): Max retries exceeded with url: /api/qt/stock/get?fltt=2&invt=2&fields=f120%2Cf121%2Cf122%2Cf174%2Cf175%2Cf59%2Cf163%2Cf43%2Cf57%2Cf58%2Cf169%2Cf170%2Cf46%2Cf44%2Cf51%2Cf168%2Cf47%2Cf164%2Cf116%2Cf60%2Cf45%2Cf52%2Cf50%2Cf48%2Cf167%2Cf117%2Cf71%2Cf161%2Cf49%2Cf530%2Cf135%2Cf136%2Cf137%2Cf138%2Cf139%2Cf141%2Cf142%2Cf144%2Cf145%2Cf147%2Cf148%2Cf140%2Cf143%2Cf146%2Cf149%2Cf55%2Cf62%2Cf162%2Cf92%2Cf173%2Cf104%2Cf105%2Cf84%2Cf85%2Cf183%2Cf184%2Cf185%2Cf186%2Cf187%2Cf188%2Cf189%2Cf190%2Cf191%2Cf192%2Cf107%2Cf111%2Cf86%2Cf177%2Cf78%2Cf110%2Cf262%2Cf263%2Cf264%2Cf267%2Cf268%2Cf255%2Cf256%2Cf257%2Cf258%2Cf127%2Cf199%2Cf128%2Cf198%2Cf259%2Cf260%2Cf261%2Cf171%2Cf277%2Cf278%2Cf279%2Cf288%2Cf152%2Cf250%2Cf251%2Cf252%2Cf253%2Cf254%2Cf269%2Cf270%2Cf271%2Cf272%2Cf273%2Cf274%2Cf275%2Cf276%2Cf265%2Cf266%2Cf289%2Cf290%2Cf286%2Cf285%2Cf292%2Cf293%2Cf294%2Cf295%2Cf43&secid=1.688702 (Caused by ProxyError('Unable to connect to proxy', RemoteDisconnected('Remote end closed connection without response')))
