2025-11-23 12:37:15,713 - growth_stock_screener - INFO - 从文件 growth_stock.txt 读取了 45 个基金代码
2025-11-23 12:37:15,717 - growth_stock_screener - INFO - 开始分析 45 只基金的共同增仓股票...
2025-11-23 12:37:25,888 - fund_data_fetcher - INFO - 正在获取基金 006502 在 2025 年的持仓数据...
2025-11-23 12:37:27,794 - fund_data_fetcher - INFO - 成功获取基金 006502 的持仓数据，共 56 条记录
2025-11-23 12:37:27,794 - fund_holdings_analyzer - INFO - 自动使用最新季度: 2025-09-30 -> 2025-12-31
2025-11-23 12:37:27,796 - fund_holdings_analyzer - INFO - 开始分析 45 只基金的共同增仓股票...
2025-11-23 12:37:27,796 - fund_holdings_analyzer - INFO - 报告期: 2025 -> 2025
2025-11-23 12:37:27,797 - fund_holdings_analyzer - INFO - 正在分析基金 006502 的增仓股票...
2025-11-23 12:37:40,273 - fund_data_fetcher - INFO - 获取基金 006502 在 2025 年的持仓数据，共 56 条记录
2025-11-23 12:37:40,274 - fund_data_fetcher - INFO - 正在获取基金 006502 在 2025 年的持仓数据...
2025-11-23 12:37:41,533 - fund_data_fetcher - INFO - 成功获取基金 006502 的持仓数据，共 56 条记录
2025-11-23 12:37:41,588 - fund_holdings_analyzer - INFO - 基金 006502 共有 5 只增仓股票
2025-11-23 12:37:41,589 - fund_holdings_analyzer - INFO - 正在分析基金 010013 的增仓股票...
2025-11-23 12:37:54,722 - fund_data_fetcher - INFO - 获取基金 010013 在 2025 年的持仓数据，共 173 条记录
2025-11-23 12:37:54,723 - fund_data_fetcher - INFO - 正在获取基金 010013 在 2025 年的持仓数据...
2025-11-23 12:37:58,771 - fund_data_fetcher - INFO - 成功获取基金 010013 的持仓数据，共 173 条记录
2025-11-23 12:37:58,811 - fund_holdings_analyzer - INFO - 基金 010013 共有 22 只增仓股票
2025-11-23 12:37:58,812 - fund_holdings_analyzer - INFO - 正在分析基金 019024 的增仓股票...
2025-11-23 12:38:11,060 - fund_data_fetcher - INFO - 获取基金 019024 在 2025 年的持仓数据，共 173 条记录
2025-11-23 12:38:11,061 - fund_data_fetcher - INFO - 正在获取基金 019024 在 2025 年的持仓数据...
2025-11-23 12:38:12,876 - fund_data_fetcher - INFO - 成功获取基金 019024 的持仓数据，共 173 条记录
2025-11-23 12:38:12,915 - fund_holdings_analyzer - INFO - 基金 019024 共有 22 只增仓股票
2025-11-23 12:38:12,915 - fund_holdings_analyzer - INFO - 正在分析基金 001956 的增仓股票...
2025-11-23 12:38:24,382 - fund_data_fetcher - INFO - 获取基金 001956 在 2025 年的持仓数据，共 60 条记录
2025-11-23 12:38:24,382 - fund_data_fetcher - INFO - 正在获取基金 001956 在 2025 年的持仓数据...
2025-11-23 12:38:25,944 - fund_data_fetcher - INFO - 成功获取基金 001956 的持仓数据，共 60 条记录
2025-11-23 12:38:25,965 - fund_holdings_analyzer - INFO - 基金 001956 共有 12 只增仓股票
2025-11-23 12:38:25,965 - fund_holdings_analyzer - INFO - 正在分析基金 010391 的增仓股票...
2025-11-23 12:38:41,457 - fund_data_fetcher - INFO - 获取基金 010391 在 2025 年的持仓数据，共 128 条记录
2025-11-23 12:38:41,458 - fund_data_fetcher - INFO - 正在获取基金 010391 在 2025 年的持仓数据...
2025-11-23 12:38:43,780 - fund_data_fetcher - INFO - 成功获取基金 010391 的持仓数据，共 128 条记录
2025-11-23 12:38:43,827 - fund_holdings_analyzer - INFO - 基金 010391 共有 25 只增仓股票
2025-11-23 12:38:43,828 - fund_holdings_analyzer - INFO - 正在分析基金 519935 的增仓股票...
2025-11-23 12:38:58,464 - fund_data_fetcher - INFO - 获取基金 519935 在 2025 年的持仓数据，共 46 条记录
2025-11-23 12:38:58,464 - fund_data_fetcher - INFO - 正在获取基金 519935 在 2023 年的持仓数据...
2025-11-23 12:39:00,489 - fund_data_fetcher - INFO - 成功获取基金 519935 的持仓数据，共 89 条记录
2025-11-23 12:39:00,515 - fund_holdings_analyzer - INFO - 基金 519935 共有 58 只增仓股票
2025-11-23 12:39:00,515 - fund_holdings_analyzer - INFO - 正在分析基金 006081 的增仓股票...
2025-11-23 12:39:13,044 - fund_data_fetcher - INFO - 获取基金 006081 在 2025 年的持仓数据，共 69 条记录
2025-11-23 12:39:13,044 - fund_data_fetcher - INFO - 正在获取基金 006081 在 2025 年的持仓数据...
2025-11-23 12:39:14,917 - fund_data_fetcher - INFO - 成功获取基金 006081 的持仓数据，共 69 条记录
2025-11-23 12:39:14,944 - fund_holdings_analyzer - INFO - 基金 006081 共有 17 只增仓股票
2025-11-23 12:39:14,944 - fund_holdings_analyzer - INFO - 正在分析基金 010392 的增仓股票...
2025-11-23 12:39:34,660 - fund_data_fetcher - INFO - 获取基金 010392 在 2025 年的持仓数据，共 125 条记录
2025-11-23 12:39:34,661 - fund_data_fetcher - INFO - 正在获取基金 010392 在 2025 年的持仓数据...
2025-11-23 12:39:36,138 - fund_data_fetcher - INFO - 成功获取基金 010392 的持仓数据，共 125 条记录
2025-11-23 12:39:36,174 - fund_holdings_analyzer - INFO - 基金 010392 共有 23 只增仓股票
2025-11-23 12:39:36,174 - fund_holdings_analyzer - INFO - 正在分析基金 000828 的增仓股票...
2025-11-23 12:39:47,816 - fund_data_fetcher - INFO - 获取基金 000828 在 2025 年的持仓数据，共 73 条记录
2025-11-23 12:39:47,816 - fund_data_fetcher - INFO - 正在获取基金 000828 在 2025 年的持仓数据...
2025-11-23 12:39:49,254 - fund_data_fetcher - INFO - 成功获取基金 000828 的持仓数据，共 73 条记录
2025-11-23 12:39:49,284 - fund_holdings_analyzer - INFO - 基金 000828 共有 23 只增仓股票
2025-11-23 12:39:49,285 - fund_holdings_analyzer - INFO - 正在分析基金 012800 的增仓股票...
2025-11-23 12:40:02,752 - fund_data_fetcher - INFO - 获取基金 012800 在 2025 年的持仓数据，共 72 条记录
2025-11-23 12:40:02,753 - fund_data_fetcher - INFO - 正在获取基金 012800 在 2025 年的持仓数据...
2025-11-23 12:40:04,497 - fund_data_fetcher - INFO - 成功获取基金 012800 的持仓数据，共 72 条记录
2025-11-23 12:40:04,538 - fund_holdings_analyzer - INFO - 基金 012800 共有 23 只增仓股票
2025-11-23 12:40:04,538 - fund_holdings_analyzer - INFO - 正在分析基金 006080 的增仓股票...
2025-11-23 12:40:15,511 - fund_data_fetcher - INFO - 获取基金 006080 在 2025 年的持仓数据，共 69 条记录
2025-11-23 12:40:15,512 - fund_data_fetcher - INFO - 正在获取基金 006080 在 2025 年的持仓数据...
2025-11-23 12:40:16,993 - fund_data_fetcher - INFO - 成功获取基金 006080 的持仓数据，共 69 条记录
2025-11-23 12:40:17,025 - fund_holdings_analyzer - INFO - 基金 006080 共有 17 只增仓股票
2025-11-23 12:40:17,025 - fund_holdings_analyzer - INFO - 正在分析基金 012696 的增仓股票...
2025-11-23 12:40:30,873 - fund_data_fetcher - INFO - 获取基金 012696 在 2025 年的持仓数据，共 71 条记录
2025-11-23 12:40:30,873 - fund_data_fetcher - INFO - 正在获取基金 012696 在 2025 年的持仓数据...
2025-11-23 12:40:34,403 - fund_data_fetcher - INFO - 成功获取基金 012696 的持仓数据，共 71 条记录
2025-11-23 12:40:34,433 - fund_holdings_analyzer - INFO - 基金 012696 共有 10 只增仓股票
2025-11-23 12:40:34,434 - fund_holdings_analyzer - INFO - 正在分析基金 000411 的增仓股票...
2025-11-23 12:40:45,355 - fund_data_fetcher - INFO - 获取基金 000411 在 2025 年的持仓数据，共 53 条记录
2025-11-23 12:40:45,356 - fund_data_fetcher - INFO - 正在获取基金 000411 在 2025 年的持仓数据...
2025-11-23 12:40:46,475 - fund_data_fetcher - INFO - 成功获取基金 000411 的持仓数据，共 53 条记录
2025-11-23 12:40:46,496 - fund_holdings_analyzer - INFO - 基金 000411 共有 16 只增仓股票
2025-11-23 12:40:46,496 - fund_holdings_analyzer - INFO - 正在分析基金 012697 的增仓股票...
2025-11-23 12:40:56,994 - fund_data_fetcher - INFO - 获取基金 012697 在 2025 年的持仓数据，共 71 条记录
2025-11-23 12:40:56,994 - fund_data_fetcher - INFO - 正在获取基金 012697 在 2025 年的持仓数据...
2025-11-23 12:41:04,649 - fund_data_fetcher - INFO - 成功获取基金 012697 的持仓数据，共 71 条记录
2025-11-23 12:41:04,690 - fund_holdings_analyzer - INFO - 基金 012697 共有 10 只增仓股票
2025-11-23 12:41:04,690 - fund_holdings_analyzer - INFO - 正在分析基金 021500 的增仓股票...
2025-11-23 12:41:17,166 - fund_data_fetcher - INFO - 获取基金 021500 在 2025 年的持仓数据，共 53 条记录
2025-11-23 12:41:17,167 - fund_data_fetcher - INFO - 正在获取基金 021500 在 2025 年的持仓数据...
2025-11-23 12:41:18,698 - fund_data_fetcher - INFO - 成功获取基金 021500 的持仓数据，共 53 条记录
2025-11-23 12:41:18,720 - fund_holdings_analyzer - INFO - 基金 021500 共有 16 只增仓股票
2025-11-23 12:41:18,721 - fund_holdings_analyzer - INFO - 正在分析基金 021875 的增仓股票...
2025-11-23 12:41:27,958 - fund_data_fetcher - INFO - 获取基金 021875 在 2025 年的持仓数据，共 55 条记录
2025-11-23 12:41:27,959 - fund_data_fetcher - INFO - 正在获取基金 021875 在 2025 年的持仓数据...
2025-11-23 12:41:29,246 - fund_data_fetcher - INFO - 成功获取基金 021875 的持仓数据，共 55 条记录
2025-11-23 12:41:29,267 - fund_holdings_analyzer - INFO - 基金 021875 共有 17 只增仓股票
2025-11-23 12:41:29,268 - fund_holdings_analyzer - INFO - 正在分析基金 006265 的增仓股票...
2025-11-23 12:41:38,809 - fund_data_fetcher - INFO - 获取基金 006265 在 2025 年的持仓数据，共 63 条记录
2025-11-23 12:41:38,811 - fund_data_fetcher - INFO - 正在获取基金 006265 在 2025 年的持仓数据...
2025-11-23 12:41:40,131 - fund_data_fetcher - INFO - 成功获取基金 006265 的持仓数据，共 63 条记录
2025-11-23 12:41:40,161 - fund_holdings_analyzer - INFO - 基金 006265 共有 11 只增仓股票
2025-11-23 12:41:40,162 - fund_holdings_analyzer - INFO - 正在分析基金 540010 的增仓股票...
2025-11-23 12:41:49,662 - fund_data_fetcher - INFO - 获取基金 540010 在 2025 年的持仓数据，共 48 条记录
2025-11-23 12:41:49,662 - fund_data_fetcher - INFO - 正在获取基金 540010 在 2025 年的持仓数据...
2025-11-23 12:41:51,124 - fund_data_fetcher - INFO - 成功获取基金 540010 的持仓数据，共 48 条记录
2025-11-23 12:41:51,160 - fund_holdings_analyzer - INFO - 基金 540010 共有 27 只增仓股票
2025-11-23 12:41:51,160 - fund_holdings_analyzer - INFO - 正在分析基金 000697 的增仓股票...
2025-11-23 12:42:05,453 - fund_data_fetcher - INFO - 获取基金 000697 在 2025 年的持仓数据，共 109 条记录
2025-11-23 12:42:05,453 - fund_data_fetcher - INFO - 正在获取基金 000697 在 2025 年的持仓数据...
2025-11-23 12:42:07,334 - fund_data_fetcher - INFO - 成功获取基金 000697 的持仓数据，共 109 条记录
2025-11-23 12:42:07,368 - fund_holdings_analyzer - INFO - 基金 000697 共有 19 只增仓股票
2025-11-23 12:42:07,368 - fund_holdings_analyzer - INFO - 正在分析基金 015198 的增仓股票...
2025-11-23 12:42:19,553 - fund_data_fetcher - INFO - 获取基金 015198 在 2025 年的持仓数据，共 105 条记录
2025-11-23 12:42:19,553 - fund_data_fetcher - INFO - 正在获取基金 015198 在 2025 年的持仓数据...
2025-11-23 12:42:20,836 - fund_data_fetcher - INFO - 成功获取基金 015198 的持仓数据，共 105 条记录
2025-11-23 12:42:20,872 - fund_holdings_analyzer - INFO - 基金 015198 共有 19 只增仓股票
2025-11-23 12:42:20,872 - fund_holdings_analyzer - INFO - 正在分析基金 014191 的增仓股票...
2025-11-23 12:42:32,254 - fund_data_fetcher - INFO - 获取基金 014191 在 2025 年的持仓数据，共 79 条记录
2025-11-23 12:42:32,254 - fund_data_fetcher - INFO - 正在获取基金 014191 在 2025 年的持仓数据...
2025-11-23 12:42:34,477 - fund_data_fetcher - INFO - 成功获取基金 014191 的持仓数据，共 79 条记录
2025-11-23 12:42:34,523 - fund_holdings_analyzer - INFO - 基金 014191 共有 15 只增仓股票
2025-11-23 12:42:34,523 - fund_holdings_analyzer - INFO - 正在分析基金 008009 的增仓股票...
2025-11-23 12:42:46,436 - fund_data_fetcher - INFO - 获取基金 008009 在 2025 年的持仓数据，共 137 条记录
2025-11-23 12:42:46,436 - fund_data_fetcher - INFO - 正在获取基金 008009 在 2025 年的持仓数据...
2025-11-23 12:42:49,151 - fund_data_fetcher - INFO - 成功获取基金 008009 的持仓数据，共 137 条记录
2025-11-23 12:42:49,189 - fund_holdings_analyzer - INFO - 基金 008009 共有 10 只增仓股票
2025-11-23 12:42:49,190 - fund_holdings_analyzer - INFO - 正在分析基金 017073 的增仓股票...
2025-11-23 12:43:02,486 - fund_data_fetcher - INFO - 获取基金 017073 在 2025 年的持仓数据，共 50 条记录
2025-11-23 12:43:02,487 - fund_data_fetcher - INFO - 正在获取基金 017073 在 2025 年的持仓数据...
2025-11-23 12:43:03,757 - fund_data_fetcher - INFO - 成功获取基金 017073 的持仓数据，共 50 条记录
2025-11-23 12:43:03,791 - fund_holdings_analyzer - INFO - 基金 017073 共有 24 只增仓股票
2025-11-23 12:43:03,791 - fund_holdings_analyzer - INFO - 正在分析基金 016050 的增仓股票...
2025-11-23 12:43:16,166 - fund_data_fetcher - INFO - 获取基金 016050 在 2025 年的持仓数据，共 137 条记录
2025-11-23 12:43:16,167 - fund_data_fetcher - INFO - 正在获取基金 016050 在 2025 年的持仓数据...
2025-11-23 12:43:18,258 - fund_data_fetcher - INFO - 成功获取基金 016050 的持仓数据，共 137 条记录
2025-11-23 12:43:18,292 - fund_holdings_analyzer - INFO - 基金 016050 共有 10 只增仓股票
2025-11-23 12:43:18,293 - fund_holdings_analyzer - INFO - 正在分析基金 017074 的增仓股票...
2025-11-23 12:43:27,749 - fund_data_fetcher - INFO - 获取基金 017074 在 2025 年的持仓数据，共 50 条记录
2025-11-23 12:43:27,750 - fund_data_fetcher - INFO - 正在获取基金 017074 在 2025 年的持仓数据...
2025-11-23 12:43:29,047 - fund_data_fetcher - INFO - 成功获取基金 017074 的持仓数据，共 50 条记录
2025-11-23 12:43:29,078 - fund_holdings_analyzer - INFO - 基金 017074 共有 24 只增仓股票
2025-11-23 12:43:29,079 - fund_holdings_analyzer - INFO - 正在分析基金 006751 的增仓股票...
2025-11-23 12:43:39,843 - fund_data_fetcher - INFO - 获取基金 006751 在 2025 年的持仓数据，共 64 条记录
2025-11-23 12:43:39,844 - fund_data_fetcher - INFO - 正在获取基金 006751 在 2025 年的持仓数据...
2025-11-23 12:43:40,980 - fund_data_fetcher - INFO - 成功获取基金 006751 的持仓数据，共 64 条记录
2025-11-23 12:43:41,016 - fund_holdings_analyzer - INFO - 基金 006751 共有 18 只增仓股票
2025-11-23 12:43:41,016 - fund_holdings_analyzer - INFO - 正在分析基金 005825 的增仓股票...
2025-11-23 12:43:52,638 - fund_data_fetcher - INFO - 获取基金 005825 在 2025 年的持仓数据，共 81 条记录
2025-11-23 12:43:52,639 - fund_data_fetcher - INFO - 正在获取基金 005825 在 2025 年的持仓数据...
2025-11-23 12:43:54,385 - fund_data_fetcher - INFO - 成功获取基金 005825 的持仓数据，共 81 条记录
2025-11-23 12:43:54,422 - fund_holdings_analyzer - INFO - 基金 005825 共有 9 只增仓股票
2025-11-23 12:43:54,422 - fund_holdings_analyzer - INFO - 正在分析基金 005660 的增仓股票...
2025-11-23 12:44:04,755 - fund_data_fetcher - INFO - 获取基金 005660 在 2025 年的持仓数据，共 60 条记录
2025-11-23 12:44:04,756 - fund_data_fetcher - INFO - 正在获取基金 005660 在 2025 年的持仓数据...
2025-11-23 12:44:06,049 - fund_data_fetcher - INFO - 成功获取基金 005660 的持仓数据，共 60 条记录
2025-11-23 12:44:06,093 - fund_holdings_analyzer - INFO - 基金 005660 共有 31 只增仓股票
2025-11-23 12:44:06,093 - fund_holdings_analyzer - INFO - 正在分析基金 011126 的增仓股票...
2025-11-23 12:44:16,149 - fund_data_fetcher - INFO - 获取基金 011126 在 2025 年的持仓数据，共 64 条记录
2025-11-23 12:44:16,150 - fund_data_fetcher - INFO - 正在获取基金 011126 在 2025 年的持仓数据...
2025-11-23 12:44:17,704 - fund_data_fetcher - INFO - 成功获取基金 011126 的持仓数据，共 64 条记录
2025-11-23 12:44:17,743 - fund_holdings_analyzer - INFO - 基金 011126 共有 18 只增仓股票
2025-11-23 12:44:17,743 - fund_holdings_analyzer - INFO - 正在分析基金 009863 的增仓股票...
2025-11-23 12:44:30,344 - fund_data_fetcher - INFO - 获取基金 009863 在 2025 年的持仓数据，共 108 条记录
2025-11-23 12:44:30,345 - fund_data_fetcher - INFO - 正在获取基金 009863 在 2025 年的持仓数据...
2025-11-23 12:44:32,071 - fund_data_fetcher - INFO - 成功获取基金 009863 的持仓数据，共 108 条记录
2025-11-23 12:44:32,104 - fund_holdings_analyzer - INFO - 基金 009863 共有 21 只增仓股票
2025-11-23 12:44:32,105 - fund_holdings_analyzer - INFO - 正在分析基金 015159 的增仓股票...
2025-11-23 12:44:44,656 - fund_data_fetcher - INFO - 获取基金 015159 在 2025 年的持仓数据，共 81 条记录
2025-11-23 12:44:44,657 - fund_data_fetcher - INFO - 正在获取基金 015159 在 2025 年的持仓数据...
2025-11-23 12:44:45,965 - fund_data_fetcher - INFO - 成功获取基金 015159 的持仓数据，共 81 条记录
2025-11-23 12:44:45,994 - fund_holdings_analyzer - INFO - 基金 015159 共有 9 只增仓股票
2025-11-23 12:44:45,995 - fund_holdings_analyzer - INFO - 正在分析基金 005661 的增仓股票...
2025-11-23 12:44:56,759 - fund_data_fetcher - INFO - 获取基金 005661 在 2025 年的持仓数据，共 60 条记录
2025-11-23 12:44:56,760 - fund_data_fetcher - INFO - 正在获取基金 005661 在 2025 年的持仓数据...
2025-11-23 12:44:58,220 - fund_data_fetcher - INFO - 成功获取基金 005661 的持仓数据，共 60 条记录
2025-11-23 12:44:58,252 - fund_holdings_analyzer - INFO - 基金 005661 共有 31 只增仓股票
2025-11-23 12:44:58,252 - fund_holdings_analyzer - INFO - 正在分析基金 008382 的增仓股票...
2025-11-23 12:45:10,775 - fund_data_fetcher - INFO - 获取基金 008382 在 2025 年的持仓数据，共 43 条记录
2025-11-23 12:45:10,775 - fund_data_fetcher - INFO - 正在获取基金 008382 在 2025 年的持仓数据...
2025-11-23 12:45:12,139 - fund_data_fetcher - INFO - 成功获取基金 008382 的持仓数据，共 43 条记录
2025-11-23 12:45:12,174 - fund_holdings_analyzer - INFO - 基金 008382 共有 9 只增仓股票
2025-11-23 12:45:12,174 - fund_holdings_analyzer - INFO - 正在分析基金 519606 的增仓股票...
2025-11-23 12:45:25,664 - fund_data_fetcher - INFO - 获取基金 519606 在 2025 年的持仓数据，共 123 条记录
2025-11-23 12:45:25,664 - fund_data_fetcher - INFO - 正在获取基金 519606 在 2025 年的持仓数据...
2025-11-23 12:45:27,205 - fund_data_fetcher - INFO - 成功获取基金 519606 的持仓数据，共 123 条记录
2025-11-23 12:45:27,239 - fund_holdings_analyzer - INFO - 基金 519606 共有 16 只增仓股票
2025-11-23 12:45:27,239 - fund_holdings_analyzer - INFO - 正在分析基金 015593 的增仓股票...
2025-11-23 12:45:39,914 - fund_data_fetcher - INFO - 获取基金 015593 在 2025 年的持仓数据，共 123 条记录
2025-11-23 12:45:39,914 - fund_data_fetcher - INFO - 正在获取基金 015593 在 2025 年的持仓数据...
2025-11-23 12:45:41,271 - fund_data_fetcher - INFO - 成功获取基金 015593 的持仓数据，共 123 条记录
2025-11-23 12:45:41,307 - fund_holdings_analyzer - INFO - 基金 015593 共有 16 只增仓股票
2025-11-23 12:45:41,308 - fund_holdings_analyzer - INFO - 正在分析基金 005983 的增仓股票...
2025-11-23 12:45:53,232 - fund_data_fetcher - INFO - 获取基金 005983 在 2025 年的持仓数据，共 62 条记录
2025-11-23 12:45:53,232 - fund_data_fetcher - INFO - 正在获取基金 005983 在 2025 年的持仓数据...
2025-11-23 12:45:55,030 - fund_data_fetcher - INFO - 成功获取基金 005983 的持仓数据，共 62 条记录
2025-11-23 12:45:55,062 - fund_holdings_analyzer - INFO - 基金 005983 共有 27 只增仓股票
2025-11-23 12:45:55,063 - fund_holdings_analyzer - INFO - 正在分析基金 017165 的增仓股票...
2025-11-23 12:46:05,897 - fund_data_fetcher - INFO - 获取基金 017165 在 2025 年的持仓数据，共 40 条记录
2025-11-23 12:46:05,897 - fund_data_fetcher - INFO - 正在获取基金 017165 在 2025 年的持仓数据...
2025-11-23 12:46:07,651 - fund_data_fetcher - INFO - 成功获取基金 017165 的持仓数据，共 40 条记录
2025-11-23 12:46:07,683 - fund_holdings_analyzer - INFO - 基金 017165 共有 13 只增仓股票
2025-11-23 12:46:07,684 - fund_holdings_analyzer - INFO - 正在分析基金 014937 的增仓股票...
2025-11-23 12:46:20,012 - fund_data_fetcher - INFO - 获取基金 014937 在 2025 年的持仓数据，共 62 条记录
2025-11-23 12:46:20,013 - fund_data_fetcher - INFO - 正在获取基金 014937 在 2025 年的持仓数据...
2025-11-23 12:46:22,638 - fund_data_fetcher - INFO - 成功获取基金 014937 的持仓数据，共 62 条记录
2025-11-23 12:46:22,669 - fund_holdings_analyzer - INFO - 基金 014937 共有 27 只增仓股票
2025-11-23 12:46:22,669 - fund_holdings_analyzer - INFO - 正在分析基金 009891 的增仓股票...
2025-11-23 12:46:34,381 - fund_data_fetcher - INFO - 获取基金 009891 在 2025 年的持仓数据，共 81 条记录
2025-11-23 12:46:34,382 - fund_data_fetcher - INFO - 正在获取基金 009891 在 2025 年的持仓数据...
2025-11-23 12:46:35,972 - fund_data_fetcher - INFO - 成功获取基金 009891 的持仓数据，共 81 条记录
2025-11-23 12:46:36,030 - fund_holdings_analyzer - INFO - 基金 009891 共有 15 只增仓股票
2025-11-23 12:46:36,031 - fund_holdings_analyzer - INFO - 正在分析基金 017166 的增仓股票...
2025-11-23 12:46:49,898 - fund_data_fetcher - INFO - 获取基金 017166 在 2025 年的持仓数据，共 40 条记录
2025-11-23 12:46:49,899 - fund_data_fetcher - INFO - 正在获取基金 017166 在 2025 年的持仓数据...
2025-11-23 12:46:51,164 - fund_data_fetcher - INFO - 成功获取基金 017166 的持仓数据，共 40 条记录
2025-11-23 12:46:51,189 - fund_holdings_analyzer - INFO - 基金 017166 共有 13 只增仓股票
2025-11-23 12:46:51,190 - fund_holdings_analyzer - INFO - 正在分析基金 018495 的增仓股票...
2025-11-23 12:47:11,006 - fund_data_fetcher - INFO - 获取基金 018495 在 2025 年的持仓数据，共 81 条记录
2025-11-23 12:47:11,007 - fund_data_fetcher - INFO - 正在获取基金 018495 在 2025 年的持仓数据...
2025-11-23 12:47:12,624 - fund_data_fetcher - INFO - 成功获取基金 018495 的持仓数据，共 81 条记录
2025-11-23 12:47:12,654 - fund_holdings_analyzer - INFO - 基金 018495 共有 15 只增仓股票
2025-11-23 12:47:12,655 - fund_holdings_analyzer - INFO - 正在分析基金 001040 的增仓股票...
2025-11-23 12:47:24,641 - fund_data_fetcher - INFO - 获取基金 001040 在 2025 年的持仓数据，共 60 条记录
2025-11-23 12:47:24,641 - fund_data_fetcher - INFO - 正在获取基金 001040 在 2025 年的持仓数据...
2025-11-23 12:47:26,280 - fund_data_fetcher - INFO - 成功获取基金 001040 的持仓数据，共 60 条记录
2025-11-23 12:47:26,326 - fund_holdings_analyzer - INFO - 基金 001040 共有 15 只增仓股票
2025-11-23 12:47:26,326 - fund_holdings_analyzer - INFO - 正在分析基金 017488 的增仓股票...
2025-11-23 12:47:40,898 - fund_data_fetcher - INFO - 获取基金 017488 在 2025 年的持仓数据，共 57 条记录
2025-11-23 12:47:40,899 - fund_data_fetcher - INFO - 正在获取基金 017488 在 2025 年的持仓数据...
2025-11-23 12:47:42,280 - fund_data_fetcher - INFO - 成功获取基金 017488 的持仓数据，共 57 条记录
2025-11-23 12:47:42,321 - fund_holdings_analyzer - INFO - 基金 017488 共有 25 只增仓股票
2025-11-23 12:47:42,322 - fund_holdings_analyzer - INFO - 正在分析基金 003984 的增仓股票...
2025-11-23 12:47:54,729 - fund_data_fetcher - INFO - 获取基金 003984 在 2025 年的持仓数据，共 71 条记录
2025-11-23 12:47:54,729 - fund_data_fetcher - INFO - 正在获取基金 003984 在 2025 年的持仓数据...
2025-11-23 12:47:56,675 - fund_data_fetcher - INFO - 成功获取基金 003984 的持仓数据，共 71 条记录
2025-11-23 12:47:56,711 - fund_holdings_analyzer - INFO - 基金 003984 共有 33 只增仓股票
2025-11-23 12:47:56,711 - fund_holdings_analyzer - INFO - 正在分析基金 009491 的增仓股票...
2025-11-23 12:48:15,630 - fund_data_fetcher - INFO - 获取基金 009491 在 2025 年的持仓数据，共 90 条记录
2025-11-23 12:48:15,631 - fund_data_fetcher - INFO - 正在获取基金 009491 在 2025 年的持仓数据...
2025-11-23 12:48:16,991 - fund_data_fetcher - INFO - 成功获取基金 009491 的持仓数据，共 90 条记录
2025-11-23 12:48:17,037 - fund_holdings_analyzer - INFO - 基金 009491 共有 26 只增仓股票
2025-11-23 12:48:17,125 - fund_holdings_analyzer - INFO - 找到 123 只共同增仓股票
2025-11-23 12:48:17,127 - growth_stock_screener - INFO - 开始筛选成长板块股票...
2025-11-23 12:48:19,495 - growth_stock_screener - WARNING - 获取股票 00700 的概念板块信息失败: If using all scalar values, you must pass an index
2025-11-23 12:48:25,347 - growth_stock_screener - WARNING - 获取股票 002916 的概念板块信息失败: HTTPSConnectionPool(host='push2.eastmoney.com', port=443): Max retries exceeded with url: /api/qt/stock/get?fltt=2&invt=2&fields=f120%2Cf121%2Cf122%2Cf174%2Cf175%2Cf59%2Cf163%2Cf43%2Cf57%2Cf58%2Cf169%2Cf170%2Cf46%2Cf44%2Cf51%2Cf168%2Cf47%2Cf164%2Cf116%2Cf60%2Cf45%2Cf52%2Cf50%2Cf48%2Cf167%2Cf117%2Cf71%2Cf161%2Cf49%2Cf530%2Cf135%2Cf136%2Cf137%2Cf138%2Cf139%2Cf141%2Cf142%2Cf144%2Cf145%2Cf147%2Cf148%2Cf140%2Cf143%2Cf146%2Cf149%2Cf55%2Cf62%2Cf162%2Cf92%2Cf173%2Cf104%2Cf105%2Cf84%2Cf85%2Cf183%2Cf184%2Cf185%2Cf186%2Cf187%2Cf188%2Cf189%2Cf190%2Cf191%2Cf192%2Cf107%2Cf111%2Cf86%2Cf177%2Cf78%2Cf110%2Cf262%2Cf263%2Cf264%2Cf267%2Cf268%2Cf255%2Cf256%2Cf257%2Cf258%2Cf127%2Cf199%2Cf128%2Cf198%2Cf259%2Cf260%2Cf261%2Cf171%2Cf277%2Cf278%2Cf279%2Cf288%2Cf152%2Cf250%2Cf251%2Cf252%2Cf253%2Cf254%2Cf269%2Cf270%2Cf271%2Cf272%2Cf273%2Cf274%2Cf275%2Cf276%2Cf265%2Cf266%2Cf289%2Cf290%2Cf286%2Cf285%2Cf292%2Cf293%2Cf294%2Cf295%2Cf43&secid=0.002916 (Caused by ProxyError('Unable to connect to proxy', RemoteDisconnected('Remote end closed connection without response')))
2025-11-23 12:48:26,749 - growth_stock_screener - WARNING - 获取股票 688256 的概念板块信息失败: HTTPSConnectionPool(host='push2.eastmoney.com', port=443): Max retries exceeded with url: /api/qt/stock/get?fltt=2&invt=2&fields=f120%2Cf121%2Cf122%2Cf174%2Cf175%2Cf59%2Cf163%2Cf43%2Cf57%2Cf58%2Cf169%2Cf170%2Cf46%2Cf44%2Cf51%2Cf168%2Cf47%2Cf164%2Cf116%2Cf60%2Cf45%2Cf52%2Cf50%2Cf48%2Cf167%2Cf117%2Cf71%2Cf161%2Cf49%2Cf530%2Cf135%2Cf136%2Cf137%2Cf138%2Cf139%2Cf141%2Cf142%2Cf144%2Cf145%2Cf147%2Cf148%2Cf140%2Cf143%2Cf146%2Cf149%2Cf55%2Cf62%2Cf162%2Cf92%2Cf173%2Cf104%2Cf105%2Cf84%2Cf85%2Cf183%2Cf184%2Cf185%2Cf186%2Cf187%2Cf188%2Cf189%2Cf190%2Cf191%2Cf192%2Cf107%2Cf111%2Cf86%2Cf177%2Cf78%2Cf110%2Cf262%2Cf263%2Cf264%2Cf267%2Cf268%2Cf255%2Cf256%2Cf257%2Cf258%2Cf127%2Cf199%2Cf128%2Cf198%2Cf259%2Cf260%2Cf261%2Cf171%2Cf277%2Cf278%2Cf279%2Cf288%2Cf152%2Cf250%2Cf251%2Cf252%2Cf253%2Cf254%2Cf269%2Cf270%2Cf271%2Cf272%2Cf273%2Cf274%2Cf275%2Cf276%2Cf265%2Cf266%2Cf289%2Cf290%2Cf286%2Cf285%2Cf292%2Cf293%2Cf294%2Cf295%2Cf43&secid=1.688256 (Caused by ProxyError('Unable to connect to proxy', RemoteDisconnected('Remote end closed connection without response')))
2025-11-23 12:48:28,077 - growth_stock_screener - WARNING - 获取股票 00981 的概念板块信息失败: HTTPSConnectionPool(host='push2.eastmoney.com', port=443): Max retries exceeded with url: /api/qt/stock/get?fltt=2&invt=2&fields=f120%2Cf121%2Cf122%2Cf174%2Cf175%2Cf59%2Cf163%2Cf43%2Cf57%2Cf58%2Cf169%2Cf170%2Cf46%2Cf44%2Cf51%2Cf168%2Cf47%2Cf164%2Cf116%2Cf60%2Cf45%2Cf52%2Cf50%2Cf48%2Cf167%2Cf117%2Cf71%2Cf161%2Cf49%2Cf530%2Cf135%2Cf136%2Cf137%2Cf138%2Cf139%2Cf141%2Cf142%2Cf144%2Cf145%2Cf147%2Cf148%2Cf140%2Cf143%2Cf146%2Cf149%2Cf55%2Cf62%2Cf162%2Cf92%2Cf173%2Cf104%2Cf105%2Cf84%2Cf85%2Cf183%2Cf184%2Cf185%2Cf186%2Cf187%2Cf188%2Cf189%2Cf190%2Cf191%2Cf192%2Cf107%2Cf111%2Cf86%2Cf177%2Cf78%2Cf110%2Cf262%2Cf263%2Cf264%2Cf267%2Cf268%2Cf255%2Cf256%2Cf257%2Cf258%2Cf127%2Cf199%2Cf128%2Cf198%2Cf259%2Cf260%2Cf261%2Cf171%2Cf277%2Cf278%2Cf279%2Cf288%2Cf152%2Cf250%2Cf251%2Cf252%2Cf253%2Cf254%2Cf269%2Cf270%2Cf271%2Cf272%2Cf273%2Cf274%2Cf275%2Cf276%2Cf265%2Cf266%2Cf289%2Cf290%2Cf286%2Cf285%2Cf292%2Cf293%2Cf294%2Cf295%2Cf43&secid=0.00981 (Caused by ProxyError('Unable to connect to proxy', RemoteDisconnected('Remote end closed connection without response')))
2025-11-23 12:48:29,672 - growth_stock_screener - WARNING - 获取股票 600183 的概念板块信息失败: HTTPSConnectionPool(host='push2.eastmoney.com', port=443): Max retries exceeded with url: /api/qt/stock/get?fltt=2&invt=2&fields=f120%2Cf121%2Cf122%2Cf174%2Cf175%2Cf59%2Cf163%2Cf43%2Cf57%2Cf58%2Cf169%2Cf170%2Cf46%2Cf44%2Cf51%2Cf168%2Cf47%2Cf164%2Cf116%2Cf60%2Cf45%2Cf52%2Cf50%2Cf48%2Cf167%2Cf117%2Cf71%2Cf161%2Cf49%2Cf530%2Cf135%2Cf136%2Cf137%2Cf138%2Cf139%2Cf141%2Cf142%2Cf144%2Cf145%2Cf147%2Cf148%2Cf140%2Cf143%2Cf146%2Cf149%2Cf55%2Cf62%2Cf162%2Cf92%2Cf173%2Cf104%2Cf105%2Cf84%2Cf85%2Cf183%2Cf184%2Cf185%2Cf186%2Cf187%2Cf188%2Cf189%2Cf190%2Cf191%2Cf192%2Cf107%2Cf111%2Cf86%2Cf177%2Cf78%2Cf110%2Cf262%2Cf263%2Cf264%2Cf267%2Cf268%2Cf255%2Cf256%2Cf257%2Cf258%2Cf127%2Cf199%2Cf128%2Cf198%2Cf259%2Cf260%2Cf261%2Cf171%2Cf277%2Cf278%2Cf279%2Cf288%2Cf152%2Cf250%2Cf251%2Cf252%2Cf253%2Cf254%2Cf269%2Cf270%2Cf271%2Cf272%2Cf273%2Cf274%2Cf275%2Cf276%2Cf265%2Cf266%2Cf289%2Cf290%2Cf286%2Cf285%2Cf292%2Cf293%2Cf294%2Cf295%2Cf43&secid=1.600183 (Caused by ProxyError('Unable to connect to proxy', RemoteDisconnected('Remote end closed connection without response')))
2025-11-23 12:48:30,639 - growth_stock_screener - WARNING - 获取股票 688041 的概念板块信息失败: HTTPSConnectionPool(host='push2.eastmoney.com', port=443): Max retries exceeded with url: /api/qt/stock/get?fltt=2&invt=2&fields=f120%2Cf121%2Cf122%2Cf174%2Cf175%2Cf59%2Cf163%2Cf43%2Cf57%2Cf58%2Cf169%2Cf170%2Cf46%2Cf44%2Cf51%2Cf168%2Cf47%2Cf164%2Cf116%2Cf60%2Cf45%2Cf52%2Cf50%2Cf48%2Cf167%2Cf117%2Cf71%2Cf161%2Cf49%2Cf530%2Cf135%2Cf136%2Cf137%2Cf138%2Cf139%2Cf141%2Cf142%2Cf144%2Cf145%2Cf147%2Cf148%2Cf140%2Cf143%2Cf146%2Cf149%2Cf55%2Cf62%2Cf162%2Cf92%2Cf173%2Cf104%2Cf105%2Cf84%2Cf85%2Cf183%2Cf184%2Cf185%2Cf186%2Cf187%2Cf188%2Cf189%2Cf190%2Cf191%2Cf192%2Cf107%2Cf111%2Cf86%2Cf177%2Cf78%2Cf110%2Cf262%2Cf263%2Cf264%2Cf267%2Cf268%2Cf255%2Cf256%2Cf257%2Cf258%2Cf127%2Cf199%2Cf128%2Cf198%2Cf259%2Cf260%2Cf261%2Cf171%2Cf277%2Cf278%2Cf279%2Cf288%2Cf152%2Cf250%2Cf251%2Cf252%2Cf253%2Cf254%2Cf269%2Cf270%2Cf271%2Cf272%2Cf273%2Cf274%2Cf275%2Cf276%2Cf265%2Cf266%2Cf289%2Cf290%2Cf286%2Cf285%2Cf292%2Cf293%2Cf294%2Cf295%2Cf43&secid=1.688041 (Caused by ProxyError('Unable to connect to proxy', RemoteDisconnected('Remote end closed connection without response')))
2025-11-23 12:48:32,486 - growth_stock_screener - WARNING - 获取股票 603986 的概念板块信息失败: HTTPSConnectionPool(host='push2.eastmoney.com', port=443): Max retries exceeded with url: /api/qt/stock/get?fltt=2&invt=2&fields=f120%2Cf121%2Cf122%2Cf174%2Cf175%2Cf59%2Cf163%2Cf43%2Cf57%2Cf58%2Cf169%2Cf170%2Cf46%2Cf44%2Cf51%2Cf168%2Cf47%2Cf164%2Cf116%2Cf60%2Cf45%2Cf52%2Cf50%2Cf48%2Cf167%2Cf117%2Cf71%2Cf161%2Cf49%2Cf530%2Cf135%2Cf136%2Cf137%2Cf138%2Cf139%2Cf141%2Cf142%2Cf144%2Cf145%2Cf147%2Cf148%2Cf140%2Cf143%2Cf146%2Cf149%2Cf55%2Cf62%2Cf162%2Cf92%2Cf173%2Cf104%2Cf105%2Cf84%2Cf85%2Cf183%2Cf184%2Cf185%2Cf186%2Cf187%2Cf188%2Cf189%2Cf190%2Cf191%2Cf192%2Cf107%2Cf111%2Cf86%2Cf177%2Cf78%2Cf110%2Cf262%2Cf263%2Cf264%2Cf267%2Cf268%2Cf255%2Cf256%2Cf257%2Cf258%2Cf127%2Cf199%2Cf128%2Cf198%2Cf259%2Cf260%2Cf261%2Cf171%2Cf277%2Cf278%2Cf279%2Cf288%2Cf152%2Cf250%2Cf251%2Cf252%2Cf253%2Cf254%2Cf269%2Cf270%2Cf271%2Cf272%2Cf273%2Cf274%2Cf275%2Cf276%2Cf265%2Cf266%2Cf289%2Cf290%2Cf286%2Cf285%2Cf292%2Cf293%2Cf294%2Cf295%2Cf43&secid=1.603986 (Caused by ProxyError('Unable to connect to proxy', RemoteDisconnected('Remote end closed connection without response')))
2025-11-23 12:48:33,405 - growth_stock_screener - WARNING - 获取股票 601899 的概念板块信息失败: HTTPSConnectionPool(host='push2.eastmoney.com', port=443): Max retries exceeded with url: /api/qt/stock/get?fltt=2&invt=2&fields=f120%2Cf121%2Cf122%2Cf174%2Cf175%2Cf59%2Cf163%2Cf43%2Cf57%2Cf58%2Cf169%2Cf170%2Cf46%2Cf44%2Cf51%2Cf168%2Cf47%2Cf164%2Cf116%2Cf60%2Cf45%2Cf52%2Cf50%2Cf48%2Cf167%2Cf117%2Cf71%2Cf161%2Cf49%2Cf530%2Cf135%2Cf136%2Cf137%2Cf138%2Cf139%2Cf141%2Cf142%2Cf144%2Cf145%2Cf147%2Cf148%2Cf140%2Cf143%2Cf146%2Cf149%2Cf55%2Cf62%2Cf162%2Cf92%2Cf173%2Cf104%2Cf105%2Cf84%2Cf85%2Cf183%2Cf184%2Cf185%2Cf186%2Cf187%2Cf188%2Cf189%2Cf190%2Cf191%2Cf192%2Cf107%2Cf111%2Cf86%2Cf177%2Cf78%2Cf110%2Cf262%2Cf263%2Cf264%2Cf267%2Cf268%2Cf255%2Cf256%2Cf257%2Cf258%2Cf127%2Cf199%2Cf128%2Cf198%2Cf259%2Cf260%2Cf261%2Cf171%2Cf277%2Cf278%2Cf279%2Cf288%2Cf152%2Cf250%2Cf251%2Cf252%2Cf253%2Cf254%2Cf269%2Cf270%2Cf271%2Cf272%2Cf273%2Cf274%2Cf275%2Cf276%2Cf265%2Cf266%2Cf289%2Cf290%2Cf286%2Cf285%2Cf292%2Cf293%2Cf294%2Cf295%2Cf43&secid=1.601899 (Caused by ProxyError('Unable to connect to proxy', RemoteDisconnected('Remote end closed connection without response')))
2025-11-23 12:48:34,429 - growth_stock_screener - WARNING - 获取股票 300014 的概念板块信息失败: HTTPSConnectionPool(host='push2.eastmoney.com', port=443): Max retries exceeded with url: /api/qt/stock/get?fltt=2&invt=2&fields=f120%2Cf121%2Cf122%2Cf174%2Cf175%2Cf59%2Cf163%2Cf43%2Cf57%2Cf58%2Cf169%2Cf170%2Cf46%2Cf44%2Cf51%2Cf168%2Cf47%2Cf164%2Cf116%2Cf60%2Cf45%2Cf52%2Cf50%2Cf48%2Cf167%2Cf117%2Cf71%2Cf161%2Cf49%2Cf530%2Cf135%2Cf136%2Cf137%2Cf138%2Cf139%2Cf141%2Cf142%2Cf144%2Cf145%2Cf147%2Cf148%2Cf140%2Cf143%2Cf146%2Cf149%2Cf55%2Cf62%2Cf162%2Cf92%2Cf173%2Cf104%2Cf105%2Cf84%2Cf85%2Cf183%2Cf184%2Cf185%2Cf186%2Cf187%2Cf188%2Cf189%2Cf190%2Cf191%2Cf192%2Cf107%2Cf111%2Cf86%2Cf177%2Cf78%2Cf110%2Cf262%2Cf263%2Cf264%2Cf267%2Cf268%2Cf255%2Cf256%2Cf257%2Cf258%2Cf127%2Cf199%2Cf128%2Cf198%2Cf259%2Cf260%2Cf261%2Cf171%2Cf277%2Cf278%2Cf279%2Cf288%2Cf152%2Cf250%2Cf251%2Cf252%2Cf253%2Cf254%2Cf269%2Cf270%2Cf271%2Cf272%2Cf273%2Cf274%2Cf275%2Cf276%2Cf265%2Cf266%2Cf289%2Cf290%2Cf286%2Cf285%2Cf292%2Cf293%2Cf294%2Cf295%2Cf43&secid=0.300014 (Caused by ProxyError('Unable to connect to proxy', RemoteDisconnected('Remote end closed connection without response')))
2025-11-23 12:48:35,952 - growth_stock_screener - WARNING - 获取股票 601138 的概念板块信息失败: HTTPSConnectionPool(host='push2.eastmoney.com', port=443): Max retries exceeded with url: /api/qt/stock/get?fltt=2&invt=2&fields=f120%2Cf121%2Cf122%2Cf174%2Cf175%2Cf59%2Cf163%2Cf43%2Cf57%2Cf58%2Cf169%2Cf170%2Cf46%2Cf44%2Cf51%2Cf168%2Cf47%2Cf164%2Cf116%2Cf60%2Cf45%2Cf52%2Cf50%2Cf48%2Cf167%2Cf117%2Cf71%2Cf161%2Cf49%2Cf530%2Cf135%2Cf136%2Cf137%2Cf138%2Cf139%2Cf141%2Cf142%2Cf144%2Cf145%2Cf147%2Cf148%2Cf140%2Cf143%2Cf146%2Cf149%2Cf55%2Cf62%2Cf162%2Cf92%2Cf173%2Cf104%2Cf105%2Cf84%2Cf85%2Cf183%2Cf184%2Cf185%2Cf186%2Cf187%2Cf188%2Cf189%2Cf190%2Cf191%2Cf192%2Cf107%2Cf111%2Cf86%2Cf177%2Cf78%2Cf110%2Cf262%2Cf263%2Cf264%2Cf267%2Cf268%2Cf255%2Cf256%2Cf257%2Cf258%2Cf127%2Cf199%2Cf128%2Cf198%2Cf259%2Cf260%2Cf261%2Cf171%2Cf277%2Cf278%2Cf279%2Cf288%2Cf152%2Cf250%2Cf251%2Cf252%2Cf253%2Cf254%2Cf269%2Cf270%2Cf271%2Cf272%2Cf273%2Cf274%2Cf275%2Cf276%2Cf265%2Cf266%2Cf289%2Cf290%2Cf286%2Cf285%2Cf292%2Cf293%2Cf294%2Cf295%2Cf43&secid=1.601138 (Caused by ProxyError('Unable to connect to proxy', RemoteDisconnected('Remote end closed connection without response')))
2025-11-23 12:48:37,110 - growth_stock_screener - WARNING - 获取股票 300394 的概念板块信息失败: HTTPSConnectionPool(host='push2.eastmoney.com', port=443): Max retries exceeded with url: /api/qt/stock/get?fltt=2&invt=2&fields=f120%2Cf121%2Cf122%2Cf174%2Cf175%2Cf59%2Cf163%2Cf43%2Cf57%2Cf58%2Cf169%2Cf170%2Cf46%2Cf44%2Cf51%2Cf168%2Cf47%2Cf164%2Cf116%2Cf60%2Cf45%2Cf52%2Cf50%2Cf48%2Cf167%2Cf117%2Cf71%2Cf161%2Cf49%2Cf530%2Cf135%2Cf136%2Cf137%2Cf138%2Cf139%2Cf141%2Cf142%2Cf144%2Cf145%2Cf147%2Cf148%2Cf140%2Cf143%2Cf146%2Cf149%2Cf55%2Cf62%2Cf162%2Cf92%2Cf173%2Cf104%2Cf105%2Cf84%2Cf85%2Cf183%2Cf184%2Cf185%2Cf186%2Cf187%2Cf188%2Cf189%2Cf190%2Cf191%2Cf192%2Cf107%2Cf111%2Cf86%2Cf177%2Cf78%2Cf110%2Cf262%2Cf263%2Cf264%2Cf267%2Cf268%2Cf255%2Cf256%2Cf257%2Cf258%2Cf127%2Cf199%2Cf128%2Cf198%2Cf259%2Cf260%2Cf261%2Cf171%2Cf277%2Cf278%2Cf279%2Cf288%2Cf152%2Cf250%2Cf251%2Cf252%2Cf253%2Cf254%2Cf269%2Cf270%2Cf271%2Cf272%2Cf273%2Cf274%2Cf275%2Cf276%2Cf265%2Cf266%2Cf289%2Cf290%2Cf286%2Cf285%2Cf292%2Cf293%2Cf294%2Cf295%2Cf43&secid=0.300394 (Caused by ProxyError('Unable to connect to proxy', RemoteDisconnected('Remote end closed connection without response')))
2025-11-23 12:48:38,120 - growth_stock_screener - WARNING - 获取股票 002371 的概念板块信息失败: HTTPSConnectionPool(host='push2.eastmoney.com', port=443): Max retries exceeded with url: /api/qt/stock/get?fltt=2&invt=2&fields=f120%2Cf121%2Cf122%2Cf174%2Cf175%2Cf59%2Cf163%2Cf43%2Cf57%2Cf58%2Cf169%2Cf170%2Cf46%2Cf44%2Cf51%2Cf168%2Cf47%2Cf164%2Cf116%2Cf60%2Cf45%2Cf52%2Cf50%2Cf48%2Cf167%2Cf117%2Cf71%2Cf161%2Cf49%2Cf530%2Cf135%2Cf136%2Cf137%2Cf138%2Cf139%2Cf141%2Cf142%2Cf144%2Cf145%2Cf147%2Cf148%2Cf140%2Cf143%2Cf146%2Cf149%2Cf55%2Cf62%2Cf162%2Cf92%2Cf173%2Cf104%2Cf105%2Cf84%2Cf85%2Cf183%2Cf184%2Cf185%2Cf186%2Cf187%2Cf188%2Cf189%2Cf190%2Cf191%2Cf192%2Cf107%2Cf111%2Cf86%2Cf177%2Cf78%2Cf110%2Cf262%2Cf263%2Cf264%2Cf267%2Cf268%2Cf255%2Cf256%2Cf257%2Cf258%2Cf127%2Cf199%2Cf128%2Cf198%2Cf259%2Cf260%2Cf261%2Cf171%2Cf277%2Cf278%2Cf279%2Cf288%2Cf152%2Cf250%2Cf251%2Cf252%2Cf253%2Cf254%2Cf269%2Cf270%2Cf271%2Cf272%2Cf273%2Cf274%2Cf275%2Cf276%2Cf265%2Cf266%2Cf289%2Cf290%2Cf286%2Cf285%2Cf292%2Cf293%2Cf294%2Cf295%2Cf43&secid=0.002371 (Caused by ProxyError('Unable to connect to proxy', RemoteDisconnected('Remote end closed connection without response')))
2025-11-23 12:48:39,378 - growth_stock_screener - WARNING - 获取股票 002475 的概念板块信息失败: HTTPSConnectionPool(host='push2.eastmoney.com', port=443): Max retries exceeded with url: /api/qt/stock/get?fltt=2&invt=2&fields=f120%2Cf121%2Cf122%2Cf174%2Cf175%2Cf59%2Cf163%2Cf43%2Cf57%2Cf58%2Cf169%2Cf170%2Cf46%2Cf44%2Cf51%2Cf168%2Cf47%2Cf164%2Cf116%2Cf60%2Cf45%2Cf52%2Cf50%2Cf48%2Cf167%2Cf117%2Cf71%2Cf161%2Cf49%2Cf530%2Cf135%2Cf136%2Cf137%2Cf138%2Cf139%2Cf141%2Cf142%2Cf144%2Cf145%2Cf147%2Cf148%2Cf140%2Cf143%2Cf146%2Cf149%2Cf55%2Cf62%2Cf162%2Cf92%2Cf173%2Cf104%2Cf105%2Cf84%2Cf85%2Cf183%2Cf184%2Cf185%2Cf186%2Cf187%2Cf188%2Cf189%2Cf190%2Cf191%2Cf192%2Cf107%2Cf111%2Cf86%2Cf177%2Cf78%2Cf110%2Cf262%2Cf263%2Cf264%2Cf267%2Cf268%2Cf255%2Cf256%2Cf257%2Cf258%2Cf127%2Cf199%2Cf128%2Cf198%2Cf259%2Cf260%2Cf261%2Cf171%2Cf277%2Cf278%2Cf279%2Cf288%2Cf152%2Cf250%2Cf251%2Cf252%2Cf253%2Cf254%2Cf269%2Cf270%2Cf271%2Cf272%2Cf273%2Cf274%2Cf275%2Cf276%2Cf265%2Cf266%2Cf289%2Cf290%2Cf286%2Cf285%2Cf292%2Cf293%2Cf294%2Cf295%2Cf43&secid=0.002475 (Caused by ProxyError('Unable to connect to proxy', RemoteDisconnected('Remote end closed connection without response')))
2025-11-23 12:48:40,401 - growth_stock_screener - WARNING - 获取股票 09988 的概念板块信息失败: HTTPSConnectionPool(host='push2.eastmoney.com', port=443): Max retries exceeded with url: /api/qt/stock/get?fltt=2&invt=2&fields=f120%2Cf121%2Cf122%2Cf174%2Cf175%2Cf59%2Cf163%2Cf43%2Cf57%2Cf58%2Cf169%2Cf170%2Cf46%2Cf44%2Cf51%2Cf168%2Cf47%2Cf164%2Cf116%2Cf60%2Cf45%2Cf52%2Cf50%2Cf48%2Cf167%2Cf117%2Cf71%2Cf161%2Cf49%2Cf530%2Cf135%2Cf136%2Cf137%2Cf138%2Cf139%2Cf141%2Cf142%2Cf144%2Cf145%2Cf147%2Cf148%2Cf140%2Cf143%2Cf146%2Cf149%2Cf55%2Cf62%2Cf162%2Cf92%2Cf173%2Cf104%2Cf105%2Cf84%2Cf85%2Cf183%2Cf184%2Cf185%2Cf186%2Cf187%2Cf188%2Cf189%2Cf190%2Cf191%2Cf192%2Cf107%2Cf111%2Cf86%2Cf177%2Cf78%2Cf110%2Cf262%2Cf263%2Cf264%2Cf267%2Cf268%2Cf255%2Cf256%2Cf257%2Cf258%2Cf127%2Cf199%2Cf128%2Cf198%2Cf259%2Cf260%2Cf261%2Cf171%2Cf277%2Cf278%2Cf279%2Cf288%2Cf152%2Cf250%2Cf251%2Cf252%2Cf253%2Cf254%2Cf269%2Cf270%2Cf271%2Cf272%2Cf273%2Cf274%2Cf275%2Cf276%2Cf265%2Cf266%2Cf289%2Cf290%2Cf286%2Cf285%2Cf292%2Cf293%2Cf294%2Cf295%2Cf43&secid=0.09988 (Caused by ProxyError('Unable to connect to proxy', RemoteDisconnected('Remote end closed connection without response')))
2025-11-23 12:48:41,945 - growth_stock_screener - WARNING - 获取股票 002384 的概念板块信息失败: HTTPSConnectionPool(host='push2.eastmoney.com', port=443): Max retries exceeded with url: /api/qt/stock/get?fltt=2&invt=2&fields=f120%2Cf121%2Cf122%2Cf174%2Cf175%2Cf59%2Cf163%2Cf43%2Cf57%2Cf58%2Cf169%2Cf170%2Cf46%2Cf44%2Cf51%2Cf168%2Cf47%2Cf164%2Cf116%2Cf60%2Cf45%2Cf52%2Cf50%2Cf48%2Cf167%2Cf117%2Cf71%2Cf161%2Cf49%2Cf530%2Cf135%2Cf136%2Cf137%2Cf138%2Cf139%2Cf141%2Cf142%2Cf144%2Cf145%2Cf147%2Cf148%2Cf140%2Cf143%2Cf146%2Cf149%2Cf55%2Cf62%2Cf162%2Cf92%2Cf173%2Cf104%2Cf105%2Cf84%2Cf85%2Cf183%2Cf184%2Cf185%2Cf186%2Cf187%2Cf188%2Cf189%2Cf190%2Cf191%2Cf192%2Cf107%2Cf111%2Cf86%2Cf177%2Cf78%2Cf110%2Cf262%2Cf263%2Cf264%2Cf267%2Cf268%2Cf255%2Cf256%2Cf257%2Cf258%2Cf127%2Cf199%2Cf128%2Cf198%2Cf259%2Cf260%2Cf261%2Cf171%2Cf277%2Cf278%2Cf279%2Cf288%2Cf152%2Cf250%2Cf251%2Cf252%2Cf253%2Cf254%2Cf269%2Cf270%2Cf271%2Cf272%2Cf273%2Cf274%2Cf275%2Cf276%2Cf265%2Cf266%2Cf289%2Cf290%2Cf286%2Cf285%2Cf292%2Cf293%2Cf294%2Cf295%2Cf43&secid=0.002384 (Caused by ProxyError('Unable to connect to proxy', RemoteDisconnected('Remote end closed connection without response')))
2025-11-23 12:48:45,100 - growth_stock_screener - WARNING - 获取股票 300570 的概念板块信息失败: HTTPSConnectionPool(host='push2.eastmoney.com', port=443): Max retries exceeded with url: /api/qt/stock/get?fltt=2&invt=2&fields=f120%2Cf121%2Cf122%2Cf174%2Cf175%2Cf59%2Cf163%2Cf43%2Cf57%2Cf58%2Cf169%2Cf170%2Cf46%2Cf44%2Cf51%2Cf168%2Cf47%2Cf164%2Cf116%2Cf60%2Cf45%2Cf52%2Cf50%2Cf48%2Cf167%2Cf117%2Cf71%2Cf161%2Cf49%2Cf530%2Cf135%2Cf136%2Cf137%2Cf138%2Cf139%2Cf141%2Cf142%2Cf144%2Cf145%2Cf147%2Cf148%2Cf140%2Cf143%2Cf146%2Cf149%2Cf55%2Cf62%2Cf162%2Cf92%2Cf173%2Cf104%2Cf105%2Cf84%2Cf85%2Cf183%2Cf184%2Cf185%2Cf186%2Cf187%2Cf188%2Cf189%2Cf190%2Cf191%2Cf192%2Cf107%2Cf111%2Cf86%2Cf177%2Cf78%2Cf110%2Cf262%2Cf263%2Cf264%2Cf267%2Cf268%2Cf255%2Cf256%2Cf257%2Cf258%2Cf127%2Cf199%2Cf128%2Cf198%2Cf259%2Cf260%2Cf261%2Cf171%2Cf277%2Cf278%2Cf279%2Cf288%2Cf152%2Cf250%2Cf251%2Cf252%2Cf253%2Cf254%2Cf269%2Cf270%2Cf271%2Cf272%2Cf273%2Cf274%2Cf275%2Cf276%2Cf265%2Cf266%2Cf289%2Cf290%2Cf286%2Cf285%2Cf292%2Cf293%2Cf294%2Cf295%2Cf43&secid=0.300570 (Caused by ProxyError('Unable to connect to proxy', RemoteDisconnected('Remote end closed connection without response')))
2025-11-23 12:48:45,954 - growth_stock_screener - WARNING - 获取股票 688498 的概念板块信息失败: HTTPSConnectionPool(host='push2.eastmoney.com', port=443): Max retries exceeded with url: /api/qt/stock/get?fltt=2&invt=2&fields=f120%2Cf121%2Cf122%2Cf174%2Cf175%2Cf59%2Cf163%2Cf43%2Cf57%2Cf58%2Cf169%2Cf170%2Cf46%2Cf44%2Cf51%2Cf168%2Cf47%2Cf164%2Cf116%2Cf60%2Cf45%2Cf52%2Cf50%2Cf48%2Cf167%2Cf117%2Cf71%2Cf161%2Cf49%2Cf530%2Cf135%2Cf136%2Cf137%2Cf138%2Cf139%2Cf141%2Cf142%2Cf144%2Cf145%2Cf147%2Cf148%2Cf140%2Cf143%2Cf146%2Cf149%2Cf55%2Cf62%2Cf162%2Cf92%2Cf173%2Cf104%2Cf105%2Cf84%2Cf85%2Cf183%2Cf184%2Cf185%2Cf186%2Cf187%2Cf188%2Cf189%2Cf190%2Cf191%2Cf192%2Cf107%2Cf111%2Cf86%2Cf177%2Cf78%2Cf110%2Cf262%2Cf263%2Cf264%2Cf267%2Cf268%2Cf255%2Cf256%2Cf257%2Cf258%2Cf127%2Cf199%2Cf128%2Cf198%2Cf259%2Cf260%2Cf261%2Cf171%2Cf277%2Cf278%2Cf279%2Cf288%2Cf152%2Cf250%2Cf251%2Cf252%2Cf253%2Cf254%2Cf269%2Cf270%2Cf271%2Cf272%2Cf273%2Cf274%2Cf275%2Cf276%2Cf265%2Cf266%2Cf289%2Cf290%2Cf286%2Cf285%2Cf292%2Cf293%2Cf294%2Cf295%2Cf43&secid=1.688498 (Caused by ProxyError('Unable to connect to proxy', RemoteDisconnected('Remote end closed connection without response')))
2025-11-23 12:48:47,272 - growth_stock_screener - WARNING - 获取股票 603979 的概念板块信息失败: HTTPSConnectionPool(host='push2.eastmoney.com', port=443): Max retries exceeded with url: /api/qt/stock/get?fltt=2&invt=2&fields=f120%2Cf121%2Cf122%2Cf174%2Cf175%2Cf59%2Cf163%2Cf43%2Cf57%2Cf58%2Cf169%2Cf170%2Cf46%2Cf44%2Cf51%2Cf168%2Cf47%2Cf164%2Cf116%2Cf60%2Cf45%2Cf52%2Cf50%2Cf48%2Cf167%2Cf117%2Cf71%2Cf161%2Cf49%2Cf530%2Cf135%2Cf136%2Cf137%2Cf138%2Cf139%2Cf141%2Cf142%2Cf144%2Cf145%2Cf147%2Cf148%2Cf140%2Cf143%2Cf146%2Cf149%2Cf55%2Cf62%2Cf162%2Cf92%2Cf173%2Cf104%2Cf105%2Cf84%2Cf85%2Cf183%2Cf184%2Cf185%2Cf186%2Cf187%2Cf188%2Cf189%2Cf190%2Cf191%2Cf192%2Cf107%2Cf111%2Cf86%2Cf177%2Cf78%2Cf110%2Cf262%2Cf263%2Cf264%2Cf267%2Cf268%2Cf255%2Cf256%2Cf257%2Cf258%2Cf127%2Cf199%2Cf128%2Cf198%2Cf259%2Cf260%2Cf261%2Cf171%2Cf277%2Cf278%2Cf279%2Cf288%2Cf152%2Cf250%2Cf251%2Cf252%2Cf253%2Cf254%2Cf269%2Cf270%2Cf271%2Cf272%2Cf273%2Cf274%2Cf275%2Cf276%2Cf265%2Cf266%2Cf289%2Cf290%2Cf286%2Cf285%2Cf292%2Cf293%2Cf294%2Cf295%2Cf43&secid=1.603979 (Caused by ProxyError('Unable to connect to proxy', RemoteDisconnected('Remote end closed connection without response')))
2025-11-23 12:48:48,486 - growth_stock_screener - WARNING - 获取股票 603993 的概念板块信息失败: HTTPSConnectionPool(host='push2.eastmoney.com', port=443): Max retries exceeded with url: /api/qt/stock/get?fltt=2&invt=2&fields=f120%2Cf121%2Cf122%2Cf174%2Cf175%2Cf59%2Cf163%2Cf43%2Cf57%2Cf58%2Cf169%2Cf170%2Cf46%2Cf44%2Cf51%2Cf168%2Cf47%2Cf164%2Cf116%2Cf60%2Cf45%2Cf52%2Cf50%2Cf48%2Cf167%2Cf117%2Cf71%2Cf161%2Cf49%2Cf530%2Cf135%2Cf136%2Cf137%2Cf138%2Cf139%2Cf141%2Cf142%2Cf144%2Cf145%2Cf147%2Cf148%2Cf140%2Cf143%2Cf146%2Cf149%2Cf55%2Cf62%2Cf162%2Cf92%2Cf173%2Cf104%2Cf105%2Cf84%2Cf85%2Cf183%2Cf184%2Cf185%2Cf186%2Cf187%2Cf188%2Cf189%2Cf190%2Cf191%2Cf192%2Cf107%2Cf111%2Cf86%2Cf177%2Cf78%2Cf110%2Cf262%2Cf263%2Cf264%2Cf267%2Cf268%2Cf255%2Cf256%2Cf257%2Cf258%2Cf127%2Cf199%2Cf128%2Cf198%2Cf259%2Cf260%2Cf261%2Cf171%2Cf277%2Cf278%2Cf279%2Cf288%2Cf152%2Cf250%2Cf251%2Cf252%2Cf253%2Cf254%2Cf269%2Cf270%2Cf271%2Cf272%2Cf273%2Cf274%2Cf275%2Cf276%2Cf265%2Cf266%2Cf289%2Cf290%2Cf286%2Cf285%2Cf292%2Cf293%2Cf294%2Cf295%2Cf43&secid=1.603993 (Caused by ProxyError('Unable to connect to proxy', RemoteDisconnected('Remote end closed connection without response')))
2025-11-23 12:48:49,748 - growth_stock_screener - WARNING - 获取股票 603659 的概念板块信息失败: HTTPSConnectionPool(host='push2.eastmoney.com', port=443): Max retries exceeded with url: /api/qt/stock/get?fltt=2&invt=2&fields=f120%2Cf121%2Cf122%2Cf174%2Cf175%2Cf59%2Cf163%2Cf43%2Cf57%2Cf58%2Cf169%2Cf170%2Cf46%2Cf44%2Cf51%2Cf168%2Cf47%2Cf164%2Cf116%2Cf60%2Cf45%2Cf52%2Cf50%2Cf48%2Cf167%2Cf117%2Cf71%2Cf161%2Cf49%2Cf530%2Cf135%2Cf136%2Cf137%2Cf138%2Cf139%2Cf141%2Cf142%2Cf144%2Cf145%2Cf147%2Cf148%2Cf140%2Cf143%2Cf146%2Cf149%2Cf55%2Cf62%2Cf162%2Cf92%2Cf173%2Cf104%2Cf105%2Cf84%2Cf85%2Cf183%2Cf184%2Cf185%2Cf186%2Cf187%2Cf188%2Cf189%2Cf190%2Cf191%2Cf192%2Cf107%2Cf111%2Cf86%2Cf177%2Cf78%2Cf110%2Cf262%2Cf263%2Cf264%2Cf267%2Cf268%2Cf255%2Cf256%2Cf257%2Cf258%2Cf127%2Cf199%2Cf128%2Cf198%2Cf259%2Cf260%2Cf261%2Cf171%2Cf277%2Cf278%2Cf279%2Cf288%2Cf152%2Cf250%2Cf251%2Cf252%2Cf253%2Cf254%2Cf269%2Cf270%2Cf271%2Cf272%2Cf273%2Cf274%2Cf275%2Cf276%2Cf265%2Cf266%2Cf289%2Cf290%2Cf286%2Cf285%2Cf292%2Cf293%2Cf294%2Cf295%2Cf43&secid=1.603659 (Caused by ProxyError('Unable to connect to proxy', RemoteDisconnected('Remote end closed connection without response')))
2025-11-23 12:48:50,766 - growth_stock_screener - WARNING - 获取股票 002850 的概念板块信息失败: HTTPSConnectionPool(host='push2.eastmoney.com', port=443): Max retries exceeded with url: /api/qt/stock/get?fltt=2&invt=2&fields=f120%2Cf121%2Cf122%2Cf174%2Cf175%2Cf59%2Cf163%2Cf43%2Cf57%2Cf58%2Cf169%2Cf170%2Cf46%2Cf44%2Cf51%2Cf168%2Cf47%2Cf164%2Cf116%2Cf60%2Cf45%2Cf52%2Cf50%2Cf48%2Cf167%2Cf117%2Cf71%2Cf161%2Cf49%2Cf530%2Cf135%2Cf136%2Cf137%2Cf138%2Cf139%2Cf141%2Cf142%2Cf144%2Cf145%2Cf147%2Cf148%2Cf140%2Cf143%2Cf146%2Cf149%2Cf55%2Cf62%2Cf162%2Cf92%2Cf173%2Cf104%2Cf105%2Cf84%2Cf85%2Cf183%2Cf184%2Cf185%2Cf186%2Cf187%2Cf188%2Cf189%2Cf190%2Cf191%2Cf192%2Cf107%2Cf111%2Cf86%2Cf177%2Cf78%2Cf110%2Cf262%2Cf263%2Cf264%2Cf267%2Cf268%2Cf255%2Cf256%2Cf257%2Cf258%2Cf127%2Cf199%2Cf128%2Cf198%2Cf259%2Cf260%2Cf261%2Cf171%2Cf277%2Cf278%2Cf279%2Cf288%2Cf152%2Cf250%2Cf251%2Cf252%2Cf253%2Cf254%2Cf269%2Cf270%2Cf271%2Cf272%2Cf273%2Cf274%2Cf275%2Cf276%2Cf265%2Cf266%2Cf289%2Cf290%2Cf286%2Cf285%2Cf292%2Cf293%2Cf294%2Cf295%2Cf43&secid=0.002850 (Caused by ProxyError('Unable to connect to proxy', RemoteDisconnected('Remote end closed connection without response')))
2025-11-23 12:48:51,789 - growth_stock_screener - WARNING - 获取股票 688072 的概念板块信息失败: HTTPSConnectionPool(host='push2.eastmoney.com', port=443): Max retries exceeded with url: /api/qt/stock/get?fltt=2&invt=2&fields=f120%2Cf121%2Cf122%2Cf174%2Cf175%2Cf59%2Cf163%2Cf43%2Cf57%2Cf58%2Cf169%2Cf170%2Cf46%2Cf44%2Cf51%2Cf168%2Cf47%2Cf164%2Cf116%2Cf60%2Cf45%2Cf52%2Cf50%2Cf48%2Cf167%2Cf117%2Cf71%2Cf161%2Cf49%2Cf530%2Cf135%2Cf136%2Cf137%2Cf138%2Cf139%2Cf141%2Cf142%2Cf144%2Cf145%2Cf147%2Cf148%2Cf140%2Cf143%2Cf146%2Cf149%2Cf55%2Cf62%2Cf162%2Cf92%2Cf173%2Cf104%2Cf105%2Cf84%2Cf85%2Cf183%2Cf184%2Cf185%2Cf186%2Cf187%2Cf188%2Cf189%2Cf190%2Cf191%2Cf192%2Cf107%2Cf111%2Cf86%2Cf177%2Cf78%2Cf110%2Cf262%2Cf263%2Cf264%2Cf267%2Cf268%2Cf255%2Cf256%2Cf257%2Cf258%2Cf127%2Cf199%2Cf128%2Cf198%2Cf259%2Cf260%2Cf261%2Cf171%2Cf277%2Cf278%2Cf279%2Cf288%2Cf152%2Cf250%2Cf251%2Cf252%2Cf253%2Cf254%2Cf269%2Cf270%2Cf271%2Cf272%2Cf273%2Cf274%2Cf275%2Cf276%2Cf265%2Cf266%2Cf289%2Cf290%2Cf286%2Cf285%2Cf292%2Cf293%2Cf294%2Cf295%2Cf43&secid=1.688072 (Caused by ProxyError('Unable to connect to proxy', RemoteDisconnected('Remote end closed connection without response')))
2025-11-23 12:48:52,854 - growth_stock_screener - WARNING - 获取股票 603799 的概念板块信息失败: HTTPSConnectionPool(host='push2.eastmoney.com', port=443): Max retries exceeded with url: /api/qt/stock/get?fltt=2&invt=2&fields=f120%2Cf121%2Cf122%2Cf174%2Cf175%2Cf59%2Cf163%2Cf43%2Cf57%2Cf58%2Cf169%2Cf170%2Cf46%2Cf44%2Cf51%2Cf168%2Cf47%2Cf164%2Cf116%2Cf60%2Cf45%2Cf52%2Cf50%2Cf48%2Cf167%2Cf117%2Cf71%2Cf161%2Cf49%2Cf530%2Cf135%2Cf136%2Cf137%2Cf138%2Cf139%2Cf141%2Cf142%2Cf144%2Cf145%2Cf147%2Cf148%2Cf140%2Cf143%2Cf146%2Cf149%2Cf55%2Cf62%2Cf162%2Cf92%2Cf173%2Cf104%2Cf105%2Cf84%2Cf85%2Cf183%2Cf184%2Cf185%2Cf186%2Cf187%2Cf188%2Cf189%2Cf190%2Cf191%2Cf192%2Cf107%2Cf111%2Cf86%2Cf177%2Cf78%2Cf110%2Cf262%2Cf263%2Cf264%2Cf267%2Cf268%2Cf255%2Cf256%2Cf257%2Cf258%2Cf127%2Cf199%2Cf128%2Cf198%2Cf259%2Cf260%2Cf261%2Cf171%2Cf277%2Cf278%2Cf279%2Cf288%2Cf152%2Cf250%2Cf251%2Cf252%2Cf253%2Cf254%2Cf269%2Cf270%2Cf271%2Cf272%2Cf273%2Cf274%2Cf275%2Cf276%2Cf265%2Cf266%2Cf289%2Cf290%2Cf286%2Cf285%2Cf292%2Cf293%2Cf294%2Cf295%2Cf43&secid=1.603799 (Caused by ProxyError('Unable to connect to proxy', RemoteDisconnected('Remote end closed connection without response')))
2025-11-23 12:48:54,495 - growth_stock_screener - WARNING - 获取股票 09992 的概念板块信息失败: HTTPSConnectionPool(host='push2.eastmoney.com', port=443): Max retries exceeded with url: /api/qt/stock/get?fltt=2&invt=2&fields=f120%2Cf121%2Cf122%2Cf174%2Cf175%2Cf59%2Cf163%2Cf43%2Cf57%2Cf58%2Cf169%2Cf170%2Cf46%2Cf44%2Cf51%2Cf168%2Cf47%2Cf164%2Cf116%2Cf60%2Cf45%2Cf52%2Cf50%2Cf48%2Cf167%2Cf117%2Cf71%2Cf161%2Cf49%2Cf530%2Cf135%2Cf136%2Cf137%2Cf138%2Cf139%2Cf141%2Cf142%2Cf144%2Cf145%2Cf147%2Cf148%2Cf140%2Cf143%2Cf146%2Cf149%2Cf55%2Cf62%2Cf162%2Cf92%2Cf173%2Cf104%2Cf105%2Cf84%2Cf85%2Cf183%2Cf184%2Cf185%2Cf186%2Cf187%2Cf188%2Cf189%2Cf190%2Cf191%2Cf192%2Cf107%2Cf111%2Cf86%2Cf177%2Cf78%2Cf110%2Cf262%2Cf263%2Cf264%2Cf267%2Cf268%2Cf255%2Cf256%2Cf257%2Cf258%2Cf127%2Cf199%2Cf128%2Cf198%2Cf259%2Cf260%2Cf261%2Cf171%2Cf277%2Cf278%2Cf279%2Cf288%2Cf152%2Cf250%2Cf251%2Cf252%2Cf253%2Cf254%2Cf269%2Cf270%2Cf271%2Cf272%2Cf273%2Cf274%2Cf275%2Cf276%2Cf265%2Cf266%2Cf289%2Cf290%2Cf286%2Cf285%2Cf292%2Cf293%2Cf294%2Cf295%2Cf43&secid=0.09992 (Caused by ProxyError('Unable to connect to proxy', RemoteDisconnected('Remote end closed connection without response')))
2025-11-23 12:48:55,606 - growth_stock_screener - WARNING - 获取股票 301358 的概念板块信息失败: HTTPSConnectionPool(host='push2.eastmoney.com', port=443): Max retries exceeded with url: /api/qt/stock/get?fltt=2&invt=2&fields=f120%2Cf121%2Cf122%2Cf174%2Cf175%2Cf59%2Cf163%2Cf43%2Cf57%2Cf58%2Cf169%2Cf170%2Cf46%2Cf44%2Cf51%2Cf168%2Cf47%2Cf164%2Cf116%2Cf60%2Cf45%2Cf52%2Cf50%2Cf48%2Cf167%2Cf117%2Cf71%2Cf161%2Cf49%2Cf530%2Cf135%2Cf136%2Cf137%2Cf138%2Cf139%2Cf141%2Cf142%2Cf144%2Cf145%2Cf147%2Cf148%2Cf140%2Cf143%2Cf146%2Cf149%2Cf55%2Cf62%2Cf162%2Cf92%2Cf173%2Cf104%2Cf105%2Cf84%2Cf85%2Cf183%2Cf184%2Cf185%2Cf186%2Cf187%2Cf188%2Cf189%2Cf190%2Cf191%2Cf192%2Cf107%2Cf111%2Cf86%2Cf177%2Cf78%2Cf110%2Cf262%2Cf263%2Cf264%2Cf267%2Cf268%2Cf255%2Cf256%2Cf257%2Cf258%2Cf127%2Cf199%2Cf128%2Cf198%2Cf259%2Cf260%2Cf261%2Cf171%2Cf277%2Cf278%2Cf279%2Cf288%2Cf152%2Cf250%2Cf251%2Cf252%2Cf253%2Cf254%2Cf269%2Cf270%2Cf271%2Cf272%2Cf273%2Cf274%2Cf275%2Cf276%2Cf265%2Cf266%2Cf289%2Cf290%2Cf286%2Cf285%2Cf292%2Cf293%2Cf294%2Cf295%2Cf43&secid=0.301358 (Caused by ProxyError('Unable to connect to proxy', RemoteDisconnected('Remote end closed connection without response')))
2025-11-23 12:48:58,904 - growth_stock_screener - WARNING - 获取股票 300207 的概念板块信息失败: HTTPSConnectionPool(host='push2.eastmoney.com', port=443): Max retries exceeded with url: /api/qt/stock/get?fltt=2&invt=2&fields=f120%2Cf121%2Cf122%2Cf174%2Cf175%2Cf59%2Cf163%2Cf43%2Cf57%2Cf58%2Cf169%2Cf170%2Cf46%2Cf44%2Cf51%2Cf168%2Cf47%2Cf164%2Cf116%2Cf60%2Cf45%2Cf52%2Cf50%2Cf48%2Cf167%2Cf117%2Cf71%2Cf161%2Cf49%2Cf530%2Cf135%2Cf136%2Cf137%2Cf138%2Cf139%2Cf141%2Cf142%2Cf144%2Cf145%2Cf147%2Cf148%2Cf140%2Cf143%2Cf146%2Cf149%2Cf55%2Cf62%2Cf162%2Cf92%2Cf173%2Cf104%2Cf105%2Cf84%2Cf85%2Cf183%2Cf184%2Cf185%2Cf186%2Cf187%2Cf188%2Cf189%2Cf190%2Cf191%2Cf192%2Cf107%2Cf111%2Cf86%2Cf177%2Cf78%2Cf110%2Cf262%2Cf263%2Cf264%2Cf267%2Cf268%2Cf255%2Cf256%2Cf257%2Cf258%2Cf127%2Cf199%2Cf128%2Cf198%2Cf259%2Cf260%2Cf261%2Cf171%2Cf277%2Cf278%2Cf279%2Cf288%2Cf152%2Cf250%2Cf251%2Cf252%2Cf253%2Cf254%2Cf269%2Cf270%2Cf271%2Cf272%2Cf273%2Cf274%2Cf275%2Cf276%2Cf265%2Cf266%2Cf289%2Cf290%2Cf286%2Cf285%2Cf292%2Cf293%2Cf294%2Cf295%2Cf43&secid=0.300207 (Caused by ProxyError('Unable to connect to proxy', RemoteDisconnected('Remote end closed connection without response')))
2025-11-23 12:48:59,927 - growth_stock_screener - WARNING - 获取股票 688008 的概念板块信息失败: HTTPSConnectionPool(host='push2.eastmoney.com', port=443): Max retries exceeded with url: /api/qt/stock/get?fltt=2&invt=2&fields=f120%2Cf121%2Cf122%2Cf174%2Cf175%2Cf59%2Cf163%2Cf43%2Cf57%2Cf58%2Cf169%2Cf170%2Cf46%2Cf44%2Cf51%2Cf168%2Cf47%2Cf164%2Cf116%2Cf60%2Cf45%2Cf52%2Cf50%2Cf48%2Cf167%2Cf117%2Cf71%2Cf161%2Cf49%2Cf530%2Cf135%2Cf136%2Cf137%2Cf138%2Cf139%2Cf141%2Cf142%2Cf144%2Cf145%2Cf147%2Cf148%2Cf140%2Cf143%2Cf146%2Cf149%2Cf55%2Cf62%2Cf162%2Cf92%2Cf173%2Cf104%2Cf105%2Cf84%2Cf85%2Cf183%2Cf184%2Cf185%2Cf186%2Cf187%2Cf188%2Cf189%2Cf190%2Cf191%2Cf192%2Cf107%2Cf111%2Cf86%2Cf177%2Cf78%2Cf110%2Cf262%2Cf263%2Cf264%2Cf267%2Cf268%2Cf255%2Cf256%2Cf257%2Cf258%2Cf127%2Cf199%2Cf128%2Cf198%2Cf259%2Cf260%2Cf261%2Cf171%2Cf277%2Cf278%2Cf279%2Cf288%2Cf152%2Cf250%2Cf251%2Cf252%2Cf253%2Cf254%2Cf269%2Cf270%2Cf271%2Cf272%2Cf273%2Cf274%2Cf275%2Cf276%2Cf265%2Cf266%2Cf289%2Cf290%2Cf286%2Cf285%2Cf292%2Cf293%2Cf294%2Cf295%2Cf43&secid=1.688008 (Caused by ProxyError('Unable to connect to proxy', RemoteDisconnected('Remote end closed connection without response')))
2025-11-23 12:49:01,023 - growth_stock_screener - WARNING - 获取股票 601168 的概念板块信息失败: HTTPSConnectionPool(host='push2.eastmoney.com', port=443): Max retries exceeded with url: /api/qt/stock/get?fltt=2&invt=2&fields=f120%2Cf121%2Cf122%2Cf174%2Cf175%2Cf59%2Cf163%2Cf43%2Cf57%2Cf58%2Cf169%2Cf170%2Cf46%2Cf44%2Cf51%2Cf168%2Cf47%2Cf164%2Cf116%2Cf60%2Cf45%2Cf52%2Cf50%2Cf48%2Cf167%2Cf117%2Cf71%2Cf161%2Cf49%2Cf530%2Cf135%2Cf136%2Cf137%2Cf138%2Cf139%2Cf141%2Cf142%2Cf144%2Cf145%2Cf147%2Cf148%2Cf140%2Cf143%2Cf146%2Cf149%2Cf55%2Cf62%2Cf162%2Cf92%2Cf173%2Cf104%2Cf105%2Cf84%2Cf85%2Cf183%2Cf184%2Cf185%2Cf186%2Cf187%2Cf188%2Cf189%2Cf190%2Cf191%2Cf192%2Cf107%2Cf111%2Cf86%2Cf177%2Cf78%2Cf110%2Cf262%2Cf263%2Cf264%2Cf267%2Cf268%2Cf255%2Cf256%2Cf257%2Cf258%2Cf127%2Cf199%2Cf128%2Cf198%2Cf259%2Cf260%2Cf261%2Cf171%2Cf277%2Cf278%2Cf279%2Cf288%2Cf152%2Cf250%2Cf251%2Cf252%2Cf253%2Cf254%2Cf269%2Cf270%2Cf271%2Cf272%2Cf273%2Cf274%2Cf275%2Cf276%2Cf265%2Cf266%2Cf289%2Cf290%2Cf286%2Cf285%2Cf292%2Cf293%2Cf294%2Cf295%2Cf43&secid=1.601168 (Caused by ProxyError('Unable to connect to proxy', RemoteDisconnected('Remote end closed connection without response')))
2025-11-23 12:49:01,886 - growth_stock_screener - WARNING - 获取股票 300433 的概念板块信息失败: HTTPSConnectionPool(host='push2.eastmoney.com', port=443): Max retries exceeded with url: /api/qt/stock/get?fltt=2&invt=2&fields=f120%2Cf121%2Cf122%2Cf174%2Cf175%2Cf59%2Cf163%2Cf43%2Cf57%2Cf58%2Cf169%2Cf170%2Cf46%2Cf44%2Cf51%2Cf168%2Cf47%2Cf164%2Cf116%2Cf60%2Cf45%2Cf52%2Cf50%2Cf48%2Cf167%2Cf117%2Cf71%2Cf161%2Cf49%2Cf530%2Cf135%2Cf136%2Cf137%2Cf138%2Cf139%2Cf141%2Cf142%2Cf144%2Cf145%2Cf147%2Cf148%2Cf140%2Cf143%2Cf146%2Cf149%2Cf55%2Cf62%2Cf162%2Cf92%2Cf173%2Cf104%2Cf105%2Cf84%2Cf85%2Cf183%2Cf184%2Cf185%2Cf186%2Cf187%2Cf188%2Cf189%2Cf190%2Cf191%2Cf192%2Cf107%2Cf111%2Cf86%2Cf177%2Cf78%2Cf110%2Cf262%2Cf263%2Cf264%2Cf267%2Cf268%2Cf255%2Cf256%2Cf257%2Cf258%2Cf127%2Cf199%2Cf128%2Cf198%2Cf259%2Cf260%2Cf261%2Cf171%2Cf277%2Cf278%2Cf279%2Cf288%2Cf152%2Cf250%2Cf251%2Cf252%2Cf253%2Cf254%2Cf269%2Cf270%2Cf271%2Cf272%2Cf273%2Cf274%2Cf275%2Cf276%2Cf265%2Cf266%2Cf289%2Cf290%2Cf286%2Cf285%2Cf292%2Cf293%2Cf294%2Cf295%2Cf43&secid=0.300433 (Caused by ProxyError('Unable to connect to proxy', RemoteDisconnected('Remote end closed connection without response')))
2025-11-23 12:49:02,741 - growth_stock_screener - WARNING - 获取股票 01810 的概念板块信息失败: HTTPSConnectionPool(host='push2.eastmoney.com', port=443): Max retries exceeded with url: /api/qt/stock/get?fltt=2&invt=2&fields=f120%2Cf121%2Cf122%2Cf174%2Cf175%2Cf59%2Cf163%2Cf43%2Cf57%2Cf58%2Cf169%2Cf170%2Cf46%2Cf44%2Cf51%2Cf168%2Cf47%2Cf164%2Cf116%2Cf60%2Cf45%2Cf52%2Cf50%2Cf48%2Cf167%2Cf117%2Cf71%2Cf161%2Cf49%2Cf530%2Cf135%2Cf136%2Cf137%2Cf138%2Cf139%2Cf141%2Cf142%2Cf144%2Cf145%2Cf147%2Cf148%2Cf140%2Cf143%2Cf146%2Cf149%2Cf55%2Cf62%2Cf162%2Cf92%2Cf173%2Cf104%2Cf105%2Cf84%2Cf85%2Cf183%2Cf184%2Cf185%2Cf186%2Cf187%2Cf188%2Cf189%2Cf190%2Cf191%2Cf192%2Cf107%2Cf111%2Cf86%2Cf177%2Cf78%2Cf110%2Cf262%2Cf263%2Cf264%2Cf267%2Cf268%2Cf255%2Cf256%2Cf257%2Cf258%2Cf127%2Cf199%2Cf128%2Cf198%2Cf259%2Cf260%2Cf261%2Cf171%2Cf277%2Cf278%2Cf279%2Cf288%2Cf152%2Cf250%2Cf251%2Cf252%2Cf253%2Cf254%2Cf269%2Cf270%2Cf271%2Cf272%2Cf273%2Cf274%2Cf275%2Cf276%2Cf265%2Cf266%2Cf289%2Cf290%2Cf286%2Cf285%2Cf292%2Cf293%2Cf294%2Cf295%2Cf43&secid=0.01810 (Caused by ProxyError('Unable to connect to proxy', RemoteDisconnected('Remote end closed connection without response')))
2025-11-23 12:49:03,825 - growth_stock_screener - WARNING - 获取股票 605499 的概念板块信息失败: HTTPSConnectionPool(host='push2.eastmoney.com', port=443): Max retries exceeded with url: /api/qt/stock/get?fltt=2&invt=2&fields=f120%2Cf121%2Cf122%2Cf174%2Cf175%2Cf59%2Cf163%2Cf43%2Cf57%2Cf58%2Cf169%2Cf170%2Cf46%2Cf44%2Cf51%2Cf168%2Cf47%2Cf164%2Cf116%2Cf60%2Cf45%2Cf52%2Cf50%2Cf48%2Cf167%2Cf117%2Cf71%2Cf161%2Cf49%2Cf530%2Cf135%2Cf136%2Cf137%2Cf138%2Cf139%2Cf141%2Cf142%2Cf144%2Cf145%2Cf147%2Cf148%2Cf140%2Cf143%2Cf146%2Cf149%2Cf55%2Cf62%2Cf162%2Cf92%2Cf173%2Cf104%2Cf105%2Cf84%2Cf85%2Cf183%2Cf184%2Cf185%2Cf186%2Cf187%2Cf188%2Cf189%2Cf190%2Cf191%2Cf192%2Cf107%2Cf111%2Cf86%2Cf177%2Cf78%2Cf110%2Cf262%2Cf263%2Cf264%2Cf267%2Cf268%2Cf255%2Cf256%2Cf257%2Cf258%2Cf127%2Cf199%2Cf128%2Cf198%2Cf259%2Cf260%2Cf261%2Cf171%2Cf277%2Cf278%2Cf279%2Cf288%2Cf152%2Cf250%2Cf251%2Cf252%2Cf253%2Cf254%2Cf269%2Cf270%2Cf271%2Cf272%2Cf273%2Cf274%2Cf275%2Cf276%2Cf265%2Cf266%2Cf289%2Cf290%2Cf286%2Cf285%2Cf292%2Cf293%2Cf294%2Cf295%2Cf43&secid=1.605499 (Caused by ProxyError('Unable to connect to proxy', RemoteDisconnected('Remote end closed connection without response')))
2025-11-23 12:49:04,842 - growth_stock_screener - WARNING - 获取股票 688012 的概念板块信息失败: HTTPSConnectionPool(host='push2.eastmoney.com', port=443): Max retries exceeded with url: /api/qt/stock/get?fltt=2&invt=2&fields=f120%2Cf121%2Cf122%2Cf174%2Cf175%2Cf59%2Cf163%2Cf43%2Cf57%2Cf58%2Cf169%2Cf170%2Cf46%2Cf44%2Cf51%2Cf168%2Cf47%2Cf164%2Cf116%2Cf60%2Cf45%2Cf52%2Cf50%2Cf48%2Cf167%2Cf117%2Cf71%2Cf161%2Cf49%2Cf530%2Cf135%2Cf136%2Cf137%2Cf138%2Cf139%2Cf141%2Cf142%2Cf144%2Cf145%2Cf147%2Cf148%2Cf140%2Cf143%2Cf146%2Cf149%2Cf55%2Cf62%2Cf162%2Cf92%2Cf173%2Cf104%2Cf105%2Cf84%2Cf85%2Cf183%2Cf184%2Cf185%2Cf186%2Cf187%2Cf188%2Cf189%2Cf190%2Cf191%2Cf192%2Cf107%2Cf111%2Cf86%2Cf177%2Cf78%2Cf110%2Cf262%2Cf263%2Cf264%2Cf267%2Cf268%2Cf255%2Cf256%2Cf257%2Cf258%2Cf127%2Cf199%2Cf128%2Cf198%2Cf259%2Cf260%2Cf261%2Cf171%2Cf277%2Cf278%2Cf279%2Cf288%2Cf152%2Cf250%2Cf251%2Cf252%2Cf253%2Cf254%2Cf269%2Cf270%2Cf271%2Cf272%2Cf273%2Cf274%2Cf275%2Cf276%2Cf265%2Cf266%2Cf289%2Cf290%2Cf286%2Cf285%2Cf292%2Cf293%2Cf294%2Cf295%2Cf43&secid=1.688012 (Caused by ProxyError('Unable to connect to proxy', RemoteDisconnected('Remote end closed connection without response')))
2025-11-23 12:49:05,853 - growth_stock_screener - WARNING - 获取股票 601600 的概念板块信息失败: HTTPSConnectionPool(host='push2.eastmoney.com', port=443): Max retries exceeded with url: /api/qt/stock/get?fltt=2&invt=2&fields=f120%2Cf121%2Cf122%2Cf174%2Cf175%2Cf59%2Cf163%2Cf43%2Cf57%2Cf58%2Cf169%2Cf170%2Cf46%2Cf44%2Cf51%2Cf168%2Cf47%2Cf164%2Cf116%2Cf60%2Cf45%2Cf52%2Cf50%2Cf48%2Cf167%2Cf117%2Cf71%2Cf161%2Cf49%2Cf530%2Cf135%2Cf136%2Cf137%2Cf138%2Cf139%2Cf141%2Cf142%2Cf144%2Cf145%2Cf147%2Cf148%2Cf140%2Cf143%2Cf146%2Cf149%2Cf55%2Cf62%2Cf162%2Cf92%2Cf173%2Cf104%2Cf105%2Cf84%2Cf85%2Cf183%2Cf184%2Cf185%2Cf186%2Cf187%2Cf188%2Cf189%2Cf190%2Cf191%2Cf192%2Cf107%2Cf111%2Cf86%2Cf177%2Cf78%2Cf110%2Cf262%2Cf263%2Cf264%2Cf267%2Cf268%2Cf255%2Cf256%2Cf257%2Cf258%2Cf127%2Cf199%2Cf128%2Cf198%2Cf259%2Cf260%2Cf261%2Cf171%2Cf277%2Cf278%2Cf279%2Cf288%2Cf152%2Cf250%2Cf251%2Cf252%2Cf253%2Cf254%2Cf269%2Cf270%2Cf271%2Cf272%2Cf273%2Cf274%2Cf275%2Cf276%2Cf265%2Cf266%2Cf289%2Cf290%2Cf286%2Cf285%2Cf292%2Cf293%2Cf294%2Cf295%2Cf43&secid=1.601600 (Caused by ProxyError('Unable to connect to proxy', RemoteDisconnected('Remote end closed connection without response')))
2025-11-23 12:49:07,630 - growth_stock_screener - WARNING - 获取股票 603228 的概念板块信息失败: HTTPSConnectionPool(host='push2.eastmoney.com', port=443): Max retries exceeded with url: /api/qt/stock/get?fltt=2&invt=2&fields=f120%2Cf121%2Cf122%2Cf174%2Cf175%2Cf59%2Cf163%2Cf43%2Cf57%2Cf58%2Cf169%2Cf170%2Cf46%2Cf44%2Cf51%2Cf168%2Cf47%2Cf164%2Cf116%2Cf60%2Cf45%2Cf52%2Cf50%2Cf48%2Cf167%2Cf117%2Cf71%2Cf161%2Cf49%2Cf530%2Cf135%2Cf136%2Cf137%2Cf138%2Cf139%2Cf141%2Cf142%2Cf144%2Cf145%2Cf147%2Cf148%2Cf140%2Cf143%2Cf146%2Cf149%2Cf55%2Cf62%2Cf162%2Cf92%2Cf173%2Cf104%2Cf105%2Cf84%2Cf85%2Cf183%2Cf184%2Cf185%2Cf186%2Cf187%2Cf188%2Cf189%2Cf190%2Cf191%2Cf192%2Cf107%2Cf111%2Cf86%2Cf177%2Cf78%2Cf110%2Cf262%2Cf263%2Cf264%2Cf267%2Cf268%2Cf255%2Cf256%2Cf257%2Cf258%2Cf127%2Cf199%2Cf128%2Cf198%2Cf259%2Cf260%2Cf261%2Cf171%2Cf277%2Cf278%2Cf279%2Cf288%2Cf152%2Cf250%2Cf251%2Cf252%2Cf253%2Cf254%2Cf269%2Cf270%2Cf271%2Cf272%2Cf273%2Cf274%2Cf275%2Cf276%2Cf265%2Cf266%2Cf289%2Cf290%2Cf286%2Cf285%2Cf292%2Cf293%2Cf294%2Cf295%2Cf43&secid=1.603228 (Caused by ProxyError('Unable to connect to proxy', RemoteDisconnected('Remote end closed connection without response')))
2025-11-23 12:49:08,649 - growth_stock_screener - WARNING - 获取股票 002851 的概念板块信息失败: HTTPSConnectionPool(host='push2.eastmoney.com', port=443): Max retries exceeded with url: /api/qt/stock/get?fltt=2&invt=2&fields=f120%2Cf121%2Cf122%2Cf174%2Cf175%2Cf59%2Cf163%2Cf43%2Cf57%2Cf58%2Cf169%2Cf170%2Cf46%2Cf44%2Cf51%2Cf168%2Cf47%2Cf164%2Cf116%2Cf60%2Cf45%2Cf52%2Cf50%2Cf48%2Cf167%2Cf117%2Cf71%2Cf161%2Cf49%2Cf530%2Cf135%2Cf136%2Cf137%2Cf138%2Cf139%2Cf141%2Cf142%2Cf144%2Cf145%2Cf147%2Cf148%2Cf140%2Cf143%2Cf146%2Cf149%2Cf55%2Cf62%2Cf162%2Cf92%2Cf173%2Cf104%2Cf105%2Cf84%2Cf85%2Cf183%2Cf184%2Cf185%2Cf186%2Cf187%2Cf188%2Cf189%2Cf190%2Cf191%2Cf192%2Cf107%2Cf111%2Cf86%2Cf177%2Cf78%2Cf110%2Cf262%2Cf263%2Cf264%2Cf267%2Cf268%2Cf255%2Cf256%2Cf257%2Cf258%2Cf127%2Cf199%2Cf128%2Cf198%2Cf259%2Cf260%2Cf261%2Cf171%2Cf277%2Cf278%2Cf279%2Cf288%2Cf152%2Cf250%2Cf251%2Cf252%2Cf253%2Cf254%2Cf269%2Cf270%2Cf271%2Cf272%2Cf273%2Cf274%2Cf275%2Cf276%2Cf265%2Cf266%2Cf289%2Cf290%2Cf286%2Cf285%2Cf292%2Cf293%2Cf294%2Cf295%2Cf43&secid=0.002851 (Caused by ProxyError('Unable to connect to proxy', RemoteDisconnected('Remote end closed connection without response')))
2025-11-23 12:49:10,297 - growth_stock_screener - WARNING - 获取股票 600426 的概念板块信息失败: HTTPSConnectionPool(host='push2.eastmoney.com', port=443): Max retries exceeded with url: /api/qt/stock/get?fltt=2&invt=2&fields=f120%2Cf121%2Cf122%2Cf174%2Cf175%2Cf59%2Cf163%2Cf43%2Cf57%2Cf58%2Cf169%2Cf170%2Cf46%2Cf44%2Cf51%2Cf168%2Cf47%2Cf164%2Cf116%2Cf60%2Cf45%2Cf52%2Cf50%2Cf48%2Cf167%2Cf117%2Cf71%2Cf161%2Cf49%2Cf530%2Cf135%2Cf136%2Cf137%2Cf138%2Cf139%2Cf141%2Cf142%2Cf144%2Cf145%2Cf147%2Cf148%2Cf140%2Cf143%2Cf146%2Cf149%2Cf55%2Cf62%2Cf162%2Cf92%2Cf173%2Cf104%2Cf105%2Cf84%2Cf85%2Cf183%2Cf184%2Cf185%2Cf186%2Cf187%2Cf188%2Cf189%2Cf190%2Cf191%2Cf192%2Cf107%2Cf111%2Cf86%2Cf177%2Cf78%2Cf110%2Cf262%2Cf263%2Cf264%2Cf267%2Cf268%2Cf255%2Cf256%2Cf257%2Cf258%2Cf127%2Cf199%2Cf128%2Cf198%2Cf259%2Cf260%2Cf261%2Cf171%2Cf277%2Cf278%2Cf279%2Cf288%2Cf152%2Cf250%2Cf251%2Cf252%2Cf253%2Cf254%2Cf269%2Cf270%2Cf271%2Cf272%2Cf273%2Cf274%2Cf275%2Cf276%2Cf265%2Cf266%2Cf289%2Cf290%2Cf286%2Cf285%2Cf292%2Cf293%2Cf294%2Cf295%2Cf43&secid=1.600426 (Caused by ProxyError('Unable to connect to proxy', RemoteDisconnected('Remote end closed connection without response')))
2025-11-23 12:49:11,861 - growth_stock_screener - WARNING - 获取股票 688652 的概念板块信息失败: HTTPSConnectionPool(host='push2.eastmoney.com', port=443): Max retries exceeded with url: /api/qt/stock/get?fltt=2&invt=2&fields=f120%2Cf121%2Cf122%2Cf174%2Cf175%2Cf59%2Cf163%2Cf43%2Cf57%2Cf58%2Cf169%2Cf170%2Cf46%2Cf44%2Cf51%2Cf168%2Cf47%2Cf164%2Cf116%2Cf60%2Cf45%2Cf52%2Cf50%2Cf48%2Cf167%2Cf117%2Cf71%2Cf161%2Cf49%2Cf530%2Cf135%2Cf136%2Cf137%2Cf138%2Cf139%2Cf141%2Cf142%2Cf144%2Cf145%2Cf147%2Cf148%2Cf140%2Cf143%2Cf146%2Cf149%2Cf55%2Cf62%2Cf162%2Cf92%2Cf173%2Cf104%2Cf105%2Cf84%2Cf85%2Cf183%2Cf184%2Cf185%2Cf186%2Cf187%2Cf188%2Cf189%2Cf190%2Cf191%2Cf192%2Cf107%2Cf111%2Cf86%2Cf177%2Cf78%2Cf110%2Cf262%2Cf263%2Cf264%2Cf267%2Cf268%2Cf255%2Cf256%2Cf257%2Cf258%2Cf127%2Cf199%2Cf128%2Cf198%2Cf259%2Cf260%2Cf261%2Cf171%2Cf277%2Cf278%2Cf279%2Cf288%2Cf152%2Cf250%2Cf251%2Cf252%2Cf253%2Cf254%2Cf269%2Cf270%2Cf271%2Cf272%2Cf273%2Cf274%2Cf275%2Cf276%2Cf265%2Cf266%2Cf289%2Cf290%2Cf286%2Cf285%2Cf292%2Cf293%2Cf294%2Cf295%2Cf43&secid=1.688652 (Caused by ProxyError('Unable to connect to proxy', RemoteDisconnected('Remote end closed connection without response')))
2025-11-23 12:49:13,166 - growth_stock_screener - WARNING - 获取股票 688123 的概念板块信息失败: HTTPSConnectionPool(host='push2.eastmoney.com', port=443): Max retries exceeded with url: /api/qt/stock/get?fltt=2&invt=2&fields=f120%2Cf121%2Cf122%2Cf174%2Cf175%2Cf59%2Cf163%2Cf43%2Cf57%2Cf58%2Cf169%2Cf170%2Cf46%2Cf44%2Cf51%2Cf168%2Cf47%2Cf164%2Cf116%2Cf60%2Cf45%2Cf52%2Cf50%2Cf48%2Cf167%2Cf117%2Cf71%2Cf161%2Cf49%2Cf530%2Cf135%2Cf136%2Cf137%2Cf138%2Cf139%2Cf141%2Cf142%2Cf144%2Cf145%2Cf147%2Cf148%2Cf140%2Cf143%2Cf146%2Cf149%2Cf55%2Cf62%2Cf162%2Cf92%2Cf173%2Cf104%2Cf105%2Cf84%2Cf85%2Cf183%2Cf184%2Cf185%2Cf186%2Cf187%2Cf188%2Cf189%2Cf190%2Cf191%2Cf192%2Cf107%2Cf111%2Cf86%2Cf177%2Cf78%2Cf110%2Cf262%2Cf263%2Cf264%2Cf267%2Cf268%2Cf255%2Cf256%2Cf257%2Cf258%2Cf127%2Cf199%2Cf128%2Cf198%2Cf259%2Cf260%2Cf261%2Cf171%2Cf277%2Cf278%2Cf279%2Cf288%2Cf152%2Cf250%2Cf251%2Cf252%2Cf253%2Cf254%2Cf269%2Cf270%2Cf271%2Cf272%2Cf273%2Cf274%2Cf275%2Cf276%2Cf265%2Cf266%2Cf289%2Cf290%2Cf286%2Cf285%2Cf292%2Cf293%2Cf294%2Cf295%2Cf43&secid=1.688123 (Caused by ProxyError('Unable to connect to proxy', RemoteDisconnected('Remote end closed connection without response')))
2025-11-23 12:49:14,236 - growth_stock_screener - WARNING - 获取股票 688627 的概念板块信息失败: HTTPSConnectionPool(host='push2.eastmoney.com', port=443): Max retries exceeded with url: /api/qt/stock/get?fltt=2&invt=2&fields=f120%2Cf121%2Cf122%2Cf174%2Cf175%2Cf59%2Cf163%2Cf43%2Cf57%2Cf58%2Cf169%2Cf170%2Cf46%2Cf44%2Cf51%2Cf168%2Cf47%2Cf164%2Cf116%2Cf60%2Cf45%2Cf52%2Cf50%2Cf48%2Cf167%2Cf117%2Cf71%2Cf161%2Cf49%2Cf530%2Cf135%2Cf136%2Cf137%2Cf138%2Cf139%2Cf141%2Cf142%2Cf144%2Cf145%2Cf147%2Cf148%2Cf140%2Cf143%2Cf146%2Cf149%2Cf55%2Cf62%2Cf162%2Cf92%2Cf173%2Cf104%2Cf105%2Cf84%2Cf85%2Cf183%2Cf184%2Cf185%2Cf186%2Cf187%2Cf188%2Cf189%2Cf190%2Cf191%2Cf192%2Cf107%2Cf111%2Cf86%2Cf177%2Cf78%2Cf110%2Cf262%2Cf263%2Cf264%2Cf267%2Cf268%2Cf255%2Cf256%2Cf257%2Cf258%2Cf127%2Cf199%2Cf128%2Cf198%2Cf259%2Cf260%2Cf261%2Cf171%2Cf277%2Cf278%2Cf279%2Cf288%2Cf152%2Cf250%2Cf251%2Cf252%2Cf253%2Cf254%2Cf269%2Cf270%2Cf271%2Cf272%2Cf273%2Cf274%2Cf275%2Cf276%2Cf265%2Cf266%2Cf289%2Cf290%2Cf286%2Cf285%2Cf292%2Cf293%2Cf294%2Cf295%2Cf43&secid=1.688627 (Caused by ProxyError('Unable to connect to proxy', RemoteDisconnected('Remote end closed connection without response')))
2025-11-23 12:49:15,758 - growth_stock_screener - WARNING - 获取股票 02600 的概念板块信息失败: HTTPSConnectionPool(host='push2.eastmoney.com', port=443): Max retries exceeded with url: /api/qt/stock/get?fltt=2&invt=2&fields=f120%2Cf121%2Cf122%2Cf174%2Cf175%2Cf59%2Cf163%2Cf43%2Cf57%2Cf58%2Cf169%2Cf170%2Cf46%2Cf44%2Cf51%2Cf168%2Cf47%2Cf164%2Cf116%2Cf60%2Cf45%2Cf52%2Cf50%2Cf48%2Cf167%2Cf117%2Cf71%2Cf161%2Cf49%2Cf530%2Cf135%2Cf136%2Cf137%2Cf138%2Cf139%2Cf141%2Cf142%2Cf144%2Cf145%2Cf147%2Cf148%2Cf140%2Cf143%2Cf146%2Cf149%2Cf55%2Cf62%2Cf162%2Cf92%2Cf173%2Cf104%2Cf105%2Cf84%2Cf85%2Cf183%2Cf184%2Cf185%2Cf186%2Cf187%2Cf188%2Cf189%2Cf190%2Cf191%2Cf192%2Cf107%2Cf111%2Cf86%2Cf177%2Cf78%2Cf110%2Cf262%2Cf263%2Cf264%2Cf267%2Cf268%2Cf255%2Cf256%2Cf257%2Cf258%2Cf127%2Cf199%2Cf128%2Cf198%2Cf259%2Cf260%2Cf261%2Cf171%2Cf277%2Cf278%2Cf279%2Cf288%2Cf152%2Cf250%2Cf251%2Cf252%2Cf253%2Cf254%2Cf269%2Cf270%2Cf271%2Cf272%2Cf273%2Cf274%2Cf275%2Cf276%2Cf265%2Cf266%2Cf289%2Cf290%2Cf286%2Cf285%2Cf292%2Cf293%2Cf294%2Cf295%2Cf43&secid=0.02600 (Caused by ProxyError('Unable to connect to proxy', RemoteDisconnected('Remote end closed connection without response')))
2025-11-23 12:49:17,171 - growth_stock_screener - WARNING - 获取股票 601225 的概念板块信息失败: HTTPSConnectionPool(host='push2.eastmoney.com', port=443): Max retries exceeded with url: /api/qt/stock/get?fltt=2&invt=2&fields=f120%2Cf121%2Cf122%2Cf174%2Cf175%2Cf59%2Cf163%2Cf43%2Cf57%2Cf58%2Cf169%2Cf170%2Cf46%2Cf44%2Cf51%2Cf168%2Cf47%2Cf164%2Cf116%2Cf60%2Cf45%2Cf52%2Cf50%2Cf48%2Cf167%2Cf117%2Cf71%2Cf161%2Cf49%2Cf530%2Cf135%2Cf136%2Cf137%2Cf138%2Cf139%2Cf141%2Cf142%2Cf144%2Cf145%2Cf147%2Cf148%2Cf140%2Cf143%2Cf146%2Cf149%2Cf55%2Cf62%2Cf162%2Cf92%2Cf173%2Cf104%2Cf105%2Cf84%2Cf85%2Cf183%2Cf184%2Cf185%2Cf186%2Cf187%2Cf188%2Cf189%2Cf190%2Cf191%2Cf192%2Cf107%2Cf111%2Cf86%2Cf177%2Cf78%2Cf110%2Cf262%2Cf263%2Cf264%2Cf267%2Cf268%2Cf255%2Cf256%2Cf257%2Cf258%2Cf127%2Cf199%2Cf128%2Cf198%2Cf259%2Cf260%2Cf261%2Cf171%2Cf277%2Cf278%2Cf279%2Cf288%2Cf152%2Cf250%2Cf251%2Cf252%2Cf253%2Cf254%2Cf269%2Cf270%2Cf271%2Cf272%2Cf273%2Cf274%2Cf275%2Cf276%2Cf265%2Cf266%2Cf289%2Cf290%2Cf286%2Cf285%2Cf292%2Cf293%2Cf294%2Cf295%2Cf43&secid=1.601225 (Caused by ProxyError('Unable to connect to proxy', RemoteDisconnected('Remote end closed connection without response')))
2025-11-23 12:49:18,327 - growth_stock_screener - WARNING - 获取股票 300274 的概念板块信息失败: HTTPSConnectionPool(host='push2.eastmoney.com', port=443): Max retries exceeded with url: /api/qt/stock/get?fltt=2&invt=2&fields=f120%2Cf121%2Cf122%2Cf174%2Cf175%2Cf59%2Cf163%2Cf43%2Cf57%2Cf58%2Cf169%2Cf170%2Cf46%2Cf44%2Cf51%2Cf168%2Cf47%2Cf164%2Cf116%2Cf60%2Cf45%2Cf52%2Cf50%2Cf48%2Cf167%2Cf117%2Cf71%2Cf161%2Cf49%2Cf530%2Cf135%2Cf136%2Cf137%2Cf138%2Cf139%2Cf141%2Cf142%2Cf144%2Cf145%2Cf147%2Cf148%2Cf140%2Cf143%2Cf146%2Cf149%2Cf55%2Cf62%2Cf162%2Cf92%2Cf173%2Cf104%2Cf105%2Cf84%2Cf85%2Cf183%2Cf184%2Cf185%2Cf186%2Cf187%2Cf188%2Cf189%2Cf190%2Cf191%2Cf192%2Cf107%2Cf111%2Cf86%2Cf177%2Cf78%2Cf110%2Cf262%2Cf263%2Cf264%2Cf267%2Cf268%2Cf255%2Cf256%2Cf257%2Cf258%2Cf127%2Cf199%2Cf128%2Cf198%2Cf259%2Cf260%2Cf261%2Cf171%2Cf277%2Cf278%2Cf279%2Cf288%2Cf152%2Cf250%2Cf251%2Cf252%2Cf253%2Cf254%2Cf269%2Cf270%2Cf271%2Cf272%2Cf273%2Cf274%2Cf275%2Cf276%2Cf265%2Cf266%2Cf289%2Cf290%2Cf286%2Cf285%2Cf292%2Cf293%2Cf294%2Cf295%2Cf43&secid=0.300274 (Caused by ProxyError('Unable to connect to proxy', RemoteDisconnected('Remote end closed connection without response')))
2025-11-23 12:49:19,656 - growth_stock_screener - WARNING - 获取股票 605117 的概念板块信息失败: HTTPSConnectionPool(host='push2.eastmoney.com', port=443): Max retries exceeded with url: /api/qt/stock/get?fltt=2&invt=2&fields=f120%2Cf121%2Cf122%2Cf174%2Cf175%2Cf59%2Cf163%2Cf43%2Cf57%2Cf58%2Cf169%2Cf170%2Cf46%2Cf44%2Cf51%2Cf168%2Cf47%2Cf164%2Cf116%2Cf60%2Cf45%2Cf52%2Cf50%2Cf48%2Cf167%2Cf117%2Cf71%2Cf161%2Cf49%2Cf530%2Cf135%2Cf136%2Cf137%2Cf138%2Cf139%2Cf141%2Cf142%2Cf144%2Cf145%2Cf147%2Cf148%2Cf140%2Cf143%2Cf146%2Cf149%2Cf55%2Cf62%2Cf162%2Cf92%2Cf173%2Cf104%2Cf105%2Cf84%2Cf85%2Cf183%2Cf184%2Cf185%2Cf186%2Cf187%2Cf188%2Cf189%2Cf190%2Cf191%2Cf192%2Cf107%2Cf111%2Cf86%2Cf177%2Cf78%2Cf110%2Cf262%2Cf263%2Cf264%2Cf267%2Cf268%2Cf255%2Cf256%2Cf257%2Cf258%2Cf127%2Cf199%2Cf128%2Cf198%2Cf259%2Cf260%2Cf261%2Cf171%2Cf277%2Cf278%2Cf279%2Cf288%2Cf152%2Cf250%2Cf251%2Cf252%2Cf253%2Cf254%2Cf269%2Cf270%2Cf271%2Cf272%2Cf273%2Cf274%2Cf275%2Cf276%2Cf265%2Cf266%2Cf289%2Cf290%2Cf286%2Cf285%2Cf292%2Cf293%2Cf294%2Cf295%2Cf43&secid=1.605117 (Caused by ProxyError('Unable to connect to proxy', RemoteDisconnected('Remote end closed connection without response')))
2025-11-23 12:49:20,950 - growth_stock_screener - WARNING - 获取股票 600131 的概念板块信息失败: HTTPSConnectionPool(host='push2.eastmoney.com', port=443): Max retries exceeded with url: /api/qt/stock/get?fltt=2&invt=2&fields=f120%2Cf121%2Cf122%2Cf174%2Cf175%2Cf59%2Cf163%2Cf43%2Cf57%2Cf58%2Cf169%2Cf170%2Cf46%2Cf44%2Cf51%2Cf168%2Cf47%2Cf164%2Cf116%2Cf60%2Cf45%2Cf52%2Cf50%2Cf48%2Cf167%2Cf117%2Cf71%2Cf161%2Cf49%2Cf530%2Cf135%2Cf136%2Cf137%2Cf138%2Cf139%2Cf141%2Cf142%2Cf144%2Cf145%2Cf147%2Cf148%2Cf140%2Cf143%2Cf146%2Cf149%2Cf55%2Cf62%2Cf162%2Cf92%2Cf173%2Cf104%2Cf105%2Cf84%2Cf85%2Cf183%2Cf184%2Cf185%2Cf186%2Cf187%2Cf188%2Cf189%2Cf190%2Cf191%2Cf192%2Cf107%2Cf111%2Cf86%2Cf177%2Cf78%2Cf110%2Cf262%2Cf263%2Cf264%2Cf267%2Cf268%2Cf255%2Cf256%2Cf257%2Cf258%2Cf127%2Cf199%2Cf128%2Cf198%2Cf259%2Cf260%2Cf261%2Cf171%2Cf277%2Cf278%2Cf279%2Cf288%2Cf152%2Cf250%2Cf251%2Cf252%2Cf253%2Cf254%2Cf269%2Cf270%2Cf271%2Cf272%2Cf273%2Cf274%2Cf275%2Cf276%2Cf265%2Cf266%2Cf289%2Cf290%2Cf286%2Cf285%2Cf292%2Cf293%2Cf294%2Cf295%2Cf43&secid=1.600131 (Caused by ProxyError('Unable to connect to proxy', RemoteDisconnected('Remote end closed connection without response')))
2025-11-23 12:49:22,436 - growth_stock_screener - WARNING - 获取股票 601088 的概念板块信息失败: HTTPSConnectionPool(host='push2.eastmoney.com', port=443): Max retries exceeded with url: /api/qt/stock/get?fltt=2&invt=2&fields=f120%2Cf121%2Cf122%2Cf174%2Cf175%2Cf59%2Cf163%2Cf43%2Cf57%2Cf58%2Cf169%2Cf170%2Cf46%2Cf44%2Cf51%2Cf168%2Cf47%2Cf164%2Cf116%2Cf60%2Cf45%2Cf52%2Cf50%2Cf48%2Cf167%2Cf117%2Cf71%2Cf161%2Cf49%2Cf530%2Cf135%2Cf136%2Cf137%2Cf138%2Cf139%2Cf141%2Cf142%2Cf144%2Cf145%2Cf147%2Cf148%2Cf140%2Cf143%2Cf146%2Cf149%2Cf55%2Cf62%2Cf162%2Cf92%2Cf173%2Cf104%2Cf105%2Cf84%2Cf85%2Cf183%2Cf184%2Cf185%2Cf186%2Cf187%2Cf188%2Cf189%2Cf190%2Cf191%2Cf192%2Cf107%2Cf111%2Cf86%2Cf177%2Cf78%2Cf110%2Cf262%2Cf263%2Cf264%2Cf267%2Cf268%2Cf255%2Cf256%2Cf257%2Cf258%2Cf127%2Cf199%2Cf128%2Cf198%2Cf259%2Cf260%2Cf261%2Cf171%2Cf277%2Cf278%2Cf279%2Cf288%2Cf152%2Cf250%2Cf251%2Cf252%2Cf253%2Cf254%2Cf269%2Cf270%2Cf271%2Cf272%2Cf273%2Cf274%2Cf275%2Cf276%2Cf265%2Cf266%2Cf289%2Cf290%2Cf286%2Cf285%2Cf292%2Cf293%2Cf294%2Cf295%2Cf43&secid=1.601088 (Caused by ProxyError('Unable to connect to proxy', RemoteDisconnected('Remote end closed connection without response')))
2025-11-23 12:49:23,827 - growth_stock_screener - WARNING - 获取股票 002353 的概念板块信息失败: HTTPSConnectionPool(host='push2.eastmoney.com', port=443): Max retries exceeded with url: /api/qt/stock/get?fltt=2&invt=2&fields=f120%2Cf121%2Cf122%2Cf174%2Cf175%2Cf59%2Cf163%2Cf43%2Cf57%2Cf58%2Cf169%2Cf170%2Cf46%2Cf44%2Cf51%2Cf168%2Cf47%2Cf164%2Cf116%2Cf60%2Cf45%2Cf52%2Cf50%2Cf48%2Cf167%2Cf117%2Cf71%2Cf161%2Cf49%2Cf530%2Cf135%2Cf136%2Cf137%2Cf138%2Cf139%2Cf141%2Cf142%2Cf144%2Cf145%2Cf147%2Cf148%2Cf140%2Cf143%2Cf146%2Cf149%2Cf55%2Cf62%2Cf162%2Cf92%2Cf173%2Cf104%2Cf105%2Cf84%2Cf85%2Cf183%2Cf184%2Cf185%2Cf186%2Cf187%2Cf188%2Cf189%2Cf190%2Cf191%2Cf192%2Cf107%2Cf111%2Cf86%2Cf177%2Cf78%2Cf110%2Cf262%2Cf263%2Cf264%2Cf267%2Cf268%2Cf255%2Cf256%2Cf257%2Cf258%2Cf127%2Cf199%2Cf128%2Cf198%2Cf259%2Cf260%2Cf261%2Cf171%2Cf277%2Cf278%2Cf279%2Cf288%2Cf152%2Cf250%2Cf251%2Cf252%2Cf253%2Cf254%2Cf269%2Cf270%2Cf271%2Cf272%2Cf273%2Cf274%2Cf275%2Cf276%2Cf265%2Cf266%2Cf289%2Cf290%2Cf286%2Cf285%2Cf292%2Cf293%2Cf294%2Cf295%2Cf43&secid=0.002353 (Caused by ProxyError('Unable to connect to proxy', RemoteDisconnected('Remote end closed connection without response')))
2025-11-23 12:49:24,767 - growth_stock_screener - WARNING - 获取股票 601689 的概念板块信息失败: HTTPSConnectionPool(host='push2.eastmoney.com', port=443): Max retries exceeded with url: /api/qt/stock/get?fltt=2&invt=2&fields=f120%2Cf121%2Cf122%2Cf174%2Cf175%2Cf59%2Cf163%2Cf43%2Cf57%2Cf58%2Cf169%2Cf170%2Cf46%2Cf44%2Cf51%2Cf168%2Cf47%2Cf164%2Cf116%2Cf60%2Cf45%2Cf52%2Cf50%2Cf48%2Cf167%2Cf117%2Cf71%2Cf161%2Cf49%2Cf530%2Cf135%2Cf136%2Cf137%2Cf138%2Cf139%2Cf141%2Cf142%2Cf144%2Cf145%2Cf147%2Cf148%2Cf140%2Cf143%2Cf146%2Cf149%2Cf55%2Cf62%2Cf162%2Cf92%2Cf173%2Cf104%2Cf105%2Cf84%2Cf85%2Cf183%2Cf184%2Cf185%2Cf186%2Cf187%2Cf188%2Cf189%2Cf190%2Cf191%2Cf192%2Cf107%2Cf111%2Cf86%2Cf177%2Cf78%2Cf110%2Cf262%2Cf263%2Cf264%2Cf267%2Cf268%2Cf255%2Cf256%2Cf257%2Cf258%2Cf127%2Cf199%2Cf128%2Cf198%2Cf259%2Cf260%2Cf261%2Cf171%2Cf277%2Cf278%2Cf279%2Cf288%2Cf152%2Cf250%2Cf251%2Cf252%2Cf253%2Cf254%2Cf269%2Cf270%2Cf271%2Cf272%2Cf273%2Cf274%2Cf275%2Cf276%2Cf265%2Cf266%2Cf289%2Cf290%2Cf286%2Cf285%2Cf292%2Cf293%2Cf294%2Cf295%2Cf43&secid=1.601689 (Caused by ProxyError('Unable to connect to proxy', RemoteDisconnected('Remote end closed connection without response')))
2025-11-23 12:49:26,054 - growth_stock_screener - WARNING - 获取股票 002517 的概念板块信息失败: HTTPSConnectionPool(host='push2.eastmoney.com', port=443): Max retries exceeded with url: /api/qt/stock/get?fltt=2&invt=2&fields=f120%2Cf121%2Cf122%2Cf174%2Cf175%2Cf59%2Cf163%2Cf43%2Cf57%2Cf58%2Cf169%2Cf170%2Cf46%2Cf44%2Cf51%2Cf168%2Cf47%2Cf164%2Cf116%2Cf60%2Cf45%2Cf52%2Cf50%2Cf48%2Cf167%2Cf117%2Cf71%2Cf161%2Cf49%2Cf530%2Cf135%2Cf136%2Cf137%2Cf138%2Cf139%2Cf141%2Cf142%2Cf144%2Cf145%2Cf147%2Cf148%2Cf140%2Cf143%2Cf146%2Cf149%2Cf55%2Cf62%2Cf162%2Cf92%2Cf173%2Cf104%2Cf105%2Cf84%2Cf85%2Cf183%2Cf184%2Cf185%2Cf186%2Cf187%2Cf188%2Cf189%2Cf190%2Cf191%2Cf192%2Cf107%2Cf111%2Cf86%2Cf177%2Cf78%2Cf110%2Cf262%2Cf263%2Cf264%2Cf267%2Cf268%2Cf255%2Cf256%2Cf257%2Cf258%2Cf127%2Cf199%2Cf128%2Cf198%2Cf259%2Cf260%2Cf261%2Cf171%2Cf277%2Cf278%2Cf279%2Cf288%2Cf152%2Cf250%2Cf251%2Cf252%2Cf253%2Cf254%2Cf269%2Cf270%2Cf271%2Cf272%2Cf273%2Cf274%2Cf275%2Cf276%2Cf265%2Cf266%2Cf289%2Cf290%2Cf286%2Cf285%2Cf292%2Cf293%2Cf294%2Cf295%2Cf43&secid=0.002517 (Caused by ProxyError('Unable to connect to proxy', RemoteDisconnected('Remote end closed connection without response')))
2025-11-23 12:49:29,254 - growth_stock_screener - WARNING - 获取股票 603019 的概念板块信息失败: HTTPSConnectionPool(host='push2.eastmoney.com', port=443): Max retries exceeded with url: /api/qt/stock/get?fltt=2&invt=2&fields=f120%2Cf121%2Cf122%2Cf174%2Cf175%2Cf59%2Cf163%2Cf43%2Cf57%2Cf58%2Cf169%2Cf170%2Cf46%2Cf44%2Cf51%2Cf168%2Cf47%2Cf164%2Cf116%2Cf60%2Cf45%2Cf52%2Cf50%2Cf48%2Cf167%2Cf117%2Cf71%2Cf161%2Cf49%2Cf530%2Cf135%2Cf136%2Cf137%2Cf138%2Cf139%2Cf141%2Cf142%2Cf144%2Cf145%2Cf147%2Cf148%2Cf140%2Cf143%2Cf146%2Cf149%2Cf55%2Cf62%2Cf162%2Cf92%2Cf173%2Cf104%2Cf105%2Cf84%2Cf85%2Cf183%2Cf184%2Cf185%2Cf186%2Cf187%2Cf188%2Cf189%2Cf190%2Cf191%2Cf192%2Cf107%2Cf111%2Cf86%2Cf177%2Cf78%2Cf110%2Cf262%2Cf263%2Cf264%2Cf267%2Cf268%2Cf255%2Cf256%2Cf257%2Cf258%2Cf127%2Cf199%2Cf128%2Cf198%2Cf259%2Cf260%2Cf261%2Cf171%2Cf277%2Cf278%2Cf279%2Cf288%2Cf152%2Cf250%2Cf251%2Cf252%2Cf253%2Cf254%2Cf269%2Cf270%2Cf271%2Cf272%2Cf273%2Cf274%2Cf275%2Cf276%2Cf265%2Cf266%2Cf289%2Cf290%2Cf286%2Cf285%2Cf292%2Cf293%2Cf294%2Cf295%2Cf43&secid=1.603019 (Caused by ProxyError('Unable to connect to proxy', RemoteDisconnected('Remote end closed connection without response')))
2025-11-23 12:49:30,562 - growth_stock_screener - WARNING - 获取股票 688205 的概念板块信息失败: HTTPSConnectionPool(host='push2.eastmoney.com', port=443): Max retries exceeded with url: /api/qt/stock/get?fltt=2&invt=2&fields=f120%2Cf121%2Cf122%2Cf174%2Cf175%2Cf59%2Cf163%2Cf43%2Cf57%2Cf58%2Cf169%2Cf170%2Cf46%2Cf44%2Cf51%2Cf168%2Cf47%2Cf164%2Cf116%2Cf60%2Cf45%2Cf52%2Cf50%2Cf48%2Cf167%2Cf117%2Cf71%2Cf161%2Cf49%2Cf530%2Cf135%2Cf136%2Cf137%2Cf138%2Cf139%2Cf141%2Cf142%2Cf144%2Cf145%2Cf147%2Cf148%2Cf140%2Cf143%2Cf146%2Cf149%2Cf55%2Cf62%2Cf162%2Cf92%2Cf173%2Cf104%2Cf105%2Cf84%2Cf85%2Cf183%2Cf184%2Cf185%2Cf186%2Cf187%2Cf188%2Cf189%2Cf190%2Cf191%2Cf192%2Cf107%2Cf111%2Cf86%2Cf177%2Cf78%2Cf110%2Cf262%2Cf263%2Cf264%2Cf267%2Cf268%2Cf255%2Cf256%2Cf257%2Cf258%2Cf127%2Cf199%2Cf128%2Cf198%2Cf259%2Cf260%2Cf261%2Cf171%2Cf277%2Cf278%2Cf279%2Cf288%2Cf152%2Cf250%2Cf251%2Cf252%2Cf253%2Cf254%2Cf269%2Cf270%2Cf271%2Cf272%2Cf273%2Cf274%2Cf275%2Cf276%2Cf265%2Cf266%2Cf289%2Cf290%2Cf286%2Cf285%2Cf292%2Cf293%2Cf294%2Cf295%2Cf43&secid=1.688205 (Caused by ProxyError('Unable to connect to proxy', RemoteDisconnected('Remote end closed connection without response')))
2025-11-23 12:49:32,464 - growth_stock_screener - WARNING - 获取股票 09863 的概念板块信息失败: HTTPSConnectionPool(host='push2.eastmoney.com', port=443): Max retries exceeded with url: /api/qt/stock/get?fltt=2&invt=2&fields=f120%2Cf121%2Cf122%2Cf174%2Cf175%2Cf59%2Cf163%2Cf43%2Cf57%2Cf58%2Cf169%2Cf170%2Cf46%2Cf44%2Cf51%2Cf168%2Cf47%2Cf164%2Cf116%2Cf60%2Cf45%2Cf52%2Cf50%2Cf48%2Cf167%2Cf117%2Cf71%2Cf161%2Cf49%2Cf530%2Cf135%2Cf136%2Cf137%2Cf138%2Cf139%2Cf141%2Cf142%2Cf144%2Cf145%2Cf147%2Cf148%2Cf140%2Cf143%2Cf146%2Cf149%2Cf55%2Cf62%2Cf162%2Cf92%2Cf173%2Cf104%2Cf105%2Cf84%2Cf85%2Cf183%2Cf184%2Cf185%2Cf186%2Cf187%2Cf188%2Cf189%2Cf190%2Cf191%2Cf192%2Cf107%2Cf111%2Cf86%2Cf177%2Cf78%2Cf110%2Cf262%2Cf263%2Cf264%2Cf267%2Cf268%2Cf255%2Cf256%2Cf257%2Cf258%2Cf127%2Cf199%2Cf128%2Cf198%2Cf259%2Cf260%2Cf261%2Cf171%2Cf277%2Cf278%2Cf279%2Cf288%2Cf152%2Cf250%2Cf251%2Cf252%2Cf253%2Cf254%2Cf269%2Cf270%2Cf271%2Cf272%2Cf273%2Cf274%2Cf275%2Cf276%2Cf265%2Cf266%2Cf289%2Cf290%2Cf286%2Cf285%2Cf292%2Cf293%2Cf294%2Cf295%2Cf43&secid=0.09863 (Caused by ProxyError('Unable to connect to proxy', RemoteDisconnected('Remote end closed connection without response')))
2025-11-23 12:49:34,748 - growth_stock_screener - WARNING - 获取股票 603501 的概念板块信息失败: HTTPSConnectionPool(host='push2.eastmoney.com', port=443): Max retries exceeded with url: /api/qt/stock/get?fltt=2&invt=2&fields=f120%2Cf121%2Cf122%2Cf174%2Cf175%2Cf59%2Cf163%2Cf43%2Cf57%2Cf58%2Cf169%2Cf170%2Cf46%2Cf44%2Cf51%2Cf168%2Cf47%2Cf164%2Cf116%2Cf60%2Cf45%2Cf52%2Cf50%2Cf48%2Cf167%2Cf117%2Cf71%2Cf161%2Cf49%2Cf530%2Cf135%2Cf136%2Cf137%2Cf138%2Cf139%2Cf141%2Cf142%2Cf144%2Cf145%2Cf147%2Cf148%2Cf140%2Cf143%2Cf146%2Cf149%2Cf55%2Cf62%2Cf162%2Cf92%2Cf173%2Cf104%2Cf105%2Cf84%2Cf85%2Cf183%2Cf184%2Cf185%2Cf186%2Cf187%2Cf188%2Cf189%2Cf190%2Cf191%2Cf192%2Cf107%2Cf111%2Cf86%2Cf177%2Cf78%2Cf110%2Cf262%2Cf263%2Cf264%2Cf267%2Cf268%2Cf255%2Cf256%2Cf257%2Cf258%2Cf127%2Cf199%2Cf128%2Cf198%2Cf259%2Cf260%2Cf261%2Cf171%2Cf277%2Cf278%2Cf279%2Cf288%2Cf152%2Cf250%2Cf251%2Cf252%2Cf253%2Cf254%2Cf269%2Cf270%2Cf271%2Cf272%2Cf273%2Cf274%2Cf275%2Cf276%2Cf265%2Cf266%2Cf289%2Cf290%2Cf286%2Cf285%2Cf292%2Cf293%2Cf294%2Cf295%2Cf43&secid=1.603501 (Caused by ProxyError('Unable to connect to proxy', RemoteDisconnected('Remote end closed connection without response')))
2025-11-23 12:49:35,783 - growth_stock_screener - WARNING - 获取股票 688183 的概念板块信息失败: HTTPSConnectionPool(host='push2.eastmoney.com', port=443): Max retries exceeded with url: /api/qt/stock/get?fltt=2&invt=2&fields=f120%2Cf121%2Cf122%2Cf174%2Cf175%2Cf59%2Cf163%2Cf43%2Cf57%2Cf58%2Cf169%2Cf170%2Cf46%2Cf44%2Cf51%2Cf168%2Cf47%2Cf164%2Cf116%2Cf60%2Cf45%2Cf52%2Cf50%2Cf48%2Cf167%2Cf117%2Cf71%2Cf161%2Cf49%2Cf530%2Cf135%2Cf136%2Cf137%2Cf138%2Cf139%2Cf141%2Cf142%2Cf144%2Cf145%2Cf147%2Cf148%2Cf140%2Cf143%2Cf146%2Cf149%2Cf55%2Cf62%2Cf162%2Cf92%2Cf173%2Cf104%2Cf105%2Cf84%2Cf85%2Cf183%2Cf184%2Cf185%2Cf186%2Cf187%2Cf188%2Cf189%2Cf190%2Cf191%2Cf192%2Cf107%2Cf111%2Cf86%2Cf177%2Cf78%2Cf110%2Cf262%2Cf263%2Cf264%2Cf267%2Cf268%2Cf255%2Cf256%2Cf257%2Cf258%2Cf127%2Cf199%2Cf128%2Cf198%2Cf259%2Cf260%2Cf261%2Cf171%2Cf277%2Cf278%2Cf279%2Cf288%2Cf152%2Cf250%2Cf251%2Cf252%2Cf253%2Cf254%2Cf269%2Cf270%2Cf271%2Cf272%2Cf273%2Cf274%2Cf275%2Cf276%2Cf265%2Cf266%2Cf289%2Cf290%2Cf286%2Cf285%2Cf292%2Cf293%2Cf294%2Cf295%2Cf43&secid=1.688183 (Caused by ProxyError('Unable to connect to proxy', RemoteDisconnected('Remote end closed connection without response')))
2025-11-23 12:49:40,803 - growth_stock_screener - WARNING - 获取股票 688608 的概念板块信息失败: ('Connection aborted.', ConnectionResetError(10054, '远程主机强迫关闭了一个现有的连接。', None, 10054, None))
2025-11-23 12:49:41,737 - growth_stock_screener - WARNING - 获取股票 002484 的概念板块信息失败: HTTPSConnectionPool(host='push2.eastmoney.com', port=443): Max retries exceeded with url: /api/qt/stock/get?fltt=2&invt=2&fields=f120%2Cf121%2Cf122%2Cf174%2Cf175%2Cf59%2Cf163%2Cf43%2Cf57%2Cf58%2Cf169%2Cf170%2Cf46%2Cf44%2Cf51%2Cf168%2Cf47%2Cf164%2Cf116%2Cf60%2Cf45%2Cf52%2Cf50%2Cf48%2Cf167%2Cf117%2Cf71%2Cf161%2Cf49%2Cf530%2Cf135%2Cf136%2Cf137%2Cf138%2Cf139%2Cf141%2Cf142%2Cf144%2Cf145%2Cf147%2Cf148%2Cf140%2Cf143%2Cf146%2Cf149%2Cf55%2Cf62%2Cf162%2Cf92%2Cf173%2Cf104%2Cf105%2Cf84%2Cf85%2Cf183%2Cf184%2Cf185%2Cf186%2Cf187%2Cf188%2Cf189%2Cf190%2Cf191%2Cf192%2Cf107%2Cf111%2Cf86%2Cf177%2Cf78%2Cf110%2Cf262%2Cf263%2Cf264%2Cf267%2Cf268%2Cf255%2Cf256%2Cf257%2Cf258%2Cf127%2Cf199%2Cf128%2Cf198%2Cf259%2Cf260%2Cf261%2Cf171%2Cf277%2Cf278%2Cf279%2Cf288%2Cf152%2Cf250%2Cf251%2Cf252%2Cf253%2Cf254%2Cf269%2Cf270%2Cf271%2Cf272%2Cf273%2Cf274%2Cf275%2Cf276%2Cf265%2Cf266%2Cf289%2Cf290%2Cf286%2Cf285%2Cf292%2Cf293%2Cf294%2Cf295%2Cf43&secid=0.002484 (Caused by ProxyError('Unable to connect to proxy', RemoteDisconnected('Remote end closed connection without response')))
2025-11-23 12:49:43,084 - growth_stock_screener - WARNING - 获取股票 002241 的概念板块信息失败: HTTPSConnectionPool(host='push2.eastmoney.com', port=443): Max retries exceeded with url: /api/qt/stock/get?fltt=2&invt=2&fields=f120%2Cf121%2Cf122%2Cf174%2Cf175%2Cf59%2Cf163%2Cf43%2Cf57%2Cf58%2Cf169%2Cf170%2Cf46%2Cf44%2Cf51%2Cf168%2Cf47%2Cf164%2Cf116%2Cf60%2Cf45%2Cf52%2Cf50%2Cf48%2Cf167%2Cf117%2Cf71%2Cf161%2Cf49%2Cf530%2Cf135%2Cf136%2Cf137%2Cf138%2Cf139%2Cf141%2Cf142%2Cf144%2Cf145%2Cf147%2Cf148%2Cf140%2Cf143%2Cf146%2Cf149%2Cf55%2Cf62%2Cf162%2Cf92%2Cf173%2Cf104%2Cf105%2Cf84%2Cf85%2Cf183%2Cf184%2Cf185%2Cf186%2Cf187%2Cf188%2Cf189%2Cf190%2Cf191%2Cf192%2Cf107%2Cf111%2Cf86%2Cf177%2Cf78%2Cf110%2Cf262%2Cf263%2Cf264%2Cf267%2Cf268%2Cf255%2Cf256%2Cf257%2Cf258%2Cf127%2Cf199%2Cf128%2Cf198%2Cf259%2Cf260%2Cf261%2Cf171%2Cf277%2Cf278%2Cf279%2Cf288%2Cf152%2Cf250%2Cf251%2Cf252%2Cf253%2Cf254%2Cf269%2Cf270%2Cf271%2Cf272%2Cf273%2Cf274%2Cf275%2Cf276%2Cf265%2Cf266%2Cf289%2Cf290%2Cf286%2Cf285%2Cf292%2Cf293%2Cf294%2Cf295%2Cf43&secid=0.002241 (Caused by ProxyError('Unable to connect to proxy', RemoteDisconnected('Remote end closed connection without response')))
2025-11-23 12:49:44,747 - growth_stock_screener - WARNING - 获取股票 002558 的概念板块信息失败: HTTPSConnectionPool(host='push2.eastmoney.com', port=443): Max retries exceeded with url: /api/qt/stock/get?fltt=2&invt=2&fields=f120%2Cf121%2Cf122%2Cf174%2Cf175%2Cf59%2Cf163%2Cf43%2Cf57%2Cf58%2Cf169%2Cf170%2Cf46%2Cf44%2Cf51%2Cf168%2Cf47%2Cf164%2Cf116%2Cf60%2Cf45%2Cf52%2Cf50%2Cf48%2Cf167%2Cf117%2Cf71%2Cf161%2Cf49%2Cf530%2Cf135%2Cf136%2Cf137%2Cf138%2Cf139%2Cf141%2Cf142%2Cf144%2Cf145%2Cf147%2Cf148%2Cf140%2Cf143%2Cf146%2Cf149%2Cf55%2Cf62%2Cf162%2Cf92%2Cf173%2Cf104%2Cf105%2Cf84%2Cf85%2Cf183%2Cf184%2Cf185%2Cf186%2Cf187%2Cf188%2Cf189%2Cf190%2Cf191%2Cf192%2Cf107%2Cf111%2Cf86%2Cf177%2Cf78%2Cf110%2Cf262%2Cf263%2Cf264%2Cf267%2Cf268%2Cf255%2Cf256%2Cf257%2Cf258%2Cf127%2Cf199%2Cf128%2Cf198%2Cf259%2Cf260%2Cf261%2Cf171%2Cf277%2Cf278%2Cf279%2Cf288%2Cf152%2Cf250%2Cf251%2Cf252%2Cf253%2Cf254%2Cf269%2Cf270%2Cf271%2Cf272%2Cf273%2Cf274%2Cf275%2Cf276%2Cf265%2Cf266%2Cf289%2Cf290%2Cf286%2Cf285%2Cf292%2Cf293%2Cf294%2Cf295%2Cf43&secid=0.002558 (Caused by ProxyError('Unable to connect to proxy', RemoteDisconnected('Remote end closed connection without response')))
2025-11-23 12:49:45,774 - growth_stock_screener - WARNING - 获取股票 688411 的概念板块信息失败: HTTPSConnectionPool(host='push2.eastmoney.com', port=443): Max retries exceeded with url: /api/qt/stock/get?fltt=2&invt=2&fields=f120%2Cf121%2Cf122%2Cf174%2Cf175%2Cf59%2Cf163%2Cf43%2Cf57%2Cf58%2Cf169%2Cf170%2Cf46%2Cf44%2Cf51%2Cf168%2Cf47%2Cf164%2Cf116%2Cf60%2Cf45%2Cf52%2Cf50%2Cf48%2Cf167%2Cf117%2Cf71%2Cf161%2Cf49%2Cf530%2Cf135%2Cf136%2Cf137%2Cf138%2Cf139%2Cf141%2Cf142%2Cf144%2Cf145%2Cf147%2Cf148%2Cf140%2Cf143%2Cf146%2Cf149%2Cf55%2Cf62%2Cf162%2Cf92%2Cf173%2Cf104%2Cf105%2Cf84%2Cf85%2Cf183%2Cf184%2Cf185%2Cf186%2Cf187%2Cf188%2Cf189%2Cf190%2Cf191%2Cf192%2Cf107%2Cf111%2Cf86%2Cf177%2Cf78%2Cf110%2Cf262%2Cf263%2Cf264%2Cf267%2Cf268%2Cf255%2Cf256%2Cf257%2Cf258%2Cf127%2Cf199%2Cf128%2Cf198%2Cf259%2Cf260%2Cf261%2Cf171%2Cf277%2Cf278%2Cf279%2Cf288%2Cf152%2Cf250%2Cf251%2Cf252%2Cf253%2Cf254%2Cf269%2Cf270%2Cf271%2Cf272%2Cf273%2Cf274%2Cf275%2Cf276%2Cf265%2Cf266%2Cf289%2Cf290%2Cf286%2Cf285%2Cf292%2Cf293%2Cf294%2Cf295%2Cf43&secid=1.688411 (Caused by ProxyError('Unable to connect to proxy', RemoteDisconnected('Remote end closed connection without response')))
2025-11-23 12:49:46,800 - growth_stock_screener - WARNING - 获取股票 603119 的概念板块信息失败: HTTPSConnectionPool(host='push2.eastmoney.com', port=443): Max retries exceeded with url: /api/qt/stock/get?fltt=2&invt=2&fields=f120%2Cf121%2Cf122%2Cf174%2Cf175%2Cf59%2Cf163%2Cf43%2Cf57%2Cf58%2Cf169%2Cf170%2Cf46%2Cf44%2Cf51%2Cf168%2Cf47%2Cf164%2Cf116%2Cf60%2Cf45%2Cf52%2Cf50%2Cf48%2Cf167%2Cf117%2Cf71%2Cf161%2Cf49%2Cf530%2Cf135%2Cf136%2Cf137%2Cf138%2Cf139%2Cf141%2Cf142%2Cf144%2Cf145%2Cf147%2Cf148%2Cf140%2Cf143%2Cf146%2Cf149%2Cf55%2Cf62%2Cf162%2Cf92%2Cf173%2Cf104%2Cf105%2Cf84%2Cf85%2Cf183%2Cf184%2Cf185%2Cf186%2Cf187%2Cf188%2Cf189%2Cf190%2Cf191%2Cf192%2Cf107%2Cf111%2Cf86%2Cf177%2Cf78%2Cf110%2Cf262%2Cf263%2Cf264%2Cf267%2Cf268%2Cf255%2Cf256%2Cf257%2Cf258%2Cf127%2Cf199%2Cf128%2Cf198%2Cf259%2Cf260%2Cf261%2Cf171%2Cf277%2Cf278%2Cf279%2Cf288%2Cf152%2Cf250%2Cf251%2Cf252%2Cf253%2Cf254%2Cf269%2Cf270%2Cf271%2Cf272%2Cf273%2Cf274%2Cf275%2Cf276%2Cf265%2Cf266%2Cf289%2Cf290%2Cf286%2Cf285%2Cf292%2Cf293%2Cf294%2Cf295%2Cf43&secid=1.603119 (Caused by ProxyError('Unable to connect to proxy', RemoteDisconnected('Remote end closed connection without response')))
2025-11-23 12:49:48,435 - growth_stock_screener - WARNING - 获取股票 688631 的概念板块信息失败: HTTPSConnectionPool(host='push2.eastmoney.com', port=443): Max retries exceeded with url: /api/qt/stock/get?fltt=2&invt=2&fields=f120%2Cf121%2Cf122%2Cf174%2Cf175%2Cf59%2Cf163%2Cf43%2Cf57%2Cf58%2Cf169%2Cf170%2Cf46%2Cf44%2Cf51%2Cf168%2Cf47%2Cf164%2Cf116%2Cf60%2Cf45%2Cf52%2Cf50%2Cf48%2Cf167%2Cf117%2Cf71%2Cf161%2Cf49%2Cf530%2Cf135%2Cf136%2Cf137%2Cf138%2Cf139%2Cf141%2Cf142%2Cf144%2Cf145%2Cf147%2Cf148%2Cf140%2Cf143%2Cf146%2Cf149%2Cf55%2Cf62%2Cf162%2Cf92%2Cf173%2Cf104%2Cf105%2Cf84%2Cf85%2Cf183%2Cf184%2Cf185%2Cf186%2Cf187%2Cf188%2Cf189%2Cf190%2Cf191%2Cf192%2Cf107%2Cf111%2Cf86%2Cf177%2Cf78%2Cf110%2Cf262%2Cf263%2Cf264%2Cf267%2Cf268%2Cf255%2Cf256%2Cf257%2Cf258%2Cf127%2Cf199%2Cf128%2Cf198%2Cf259%2Cf260%2Cf261%2Cf171%2Cf277%2Cf278%2Cf279%2Cf288%2Cf152%2Cf250%2Cf251%2Cf252%2Cf253%2Cf254%2Cf269%2Cf270%2Cf271%2Cf272%2Cf273%2Cf274%2Cf275%2Cf276%2Cf265%2Cf266%2Cf289%2Cf290%2Cf286%2Cf285%2Cf292%2Cf293%2Cf294%2Cf295%2Cf43&secid=1.688631 (Caused by ProxyError('Unable to connect to proxy', RemoteDisconnected('Remote end closed connection without response')))
2025-11-23 12:49:49,458 - growth_stock_screener - WARNING - 获取股票 600536 的概念板块信息失败: HTTPSConnectionPool(host='push2.eastmoney.com', port=443): Max retries exceeded with url: /api/qt/stock/get?fltt=2&invt=2&fields=f120%2Cf121%2Cf122%2Cf174%2Cf175%2Cf59%2Cf163%2Cf43%2Cf57%2Cf58%2Cf169%2Cf170%2Cf46%2Cf44%2Cf51%2Cf168%2Cf47%2Cf164%2Cf116%2Cf60%2Cf45%2Cf52%2Cf50%2Cf48%2Cf167%2Cf117%2Cf71%2Cf161%2Cf49%2Cf530%2Cf135%2Cf136%2Cf137%2Cf138%2Cf139%2Cf141%2Cf142%2Cf144%2Cf145%2Cf147%2Cf148%2Cf140%2Cf143%2Cf146%2Cf149%2Cf55%2Cf62%2Cf162%2Cf92%2Cf173%2Cf104%2Cf105%2Cf84%2Cf85%2Cf183%2Cf184%2Cf185%2Cf186%2Cf187%2Cf188%2Cf189%2Cf190%2Cf191%2Cf192%2Cf107%2Cf111%2Cf86%2Cf177%2Cf78%2Cf110%2Cf262%2Cf263%2Cf264%2Cf267%2Cf268%2Cf255%2Cf256%2Cf257%2Cf258%2Cf127%2Cf199%2Cf128%2Cf198%2Cf259%2Cf260%2Cf261%2Cf171%2Cf277%2Cf278%2Cf279%2Cf288%2Cf152%2Cf250%2Cf251%2Cf252%2Cf253%2Cf254%2Cf269%2Cf270%2Cf271%2Cf272%2Cf273%2Cf274%2Cf275%2Cf276%2Cf265%2Cf266%2Cf289%2Cf290%2Cf286%2Cf285%2Cf292%2Cf293%2Cf294%2Cf295%2Cf43&secid=1.600536 (Caused by ProxyError('Unable to connect to proxy', RemoteDisconnected('Remote end closed connection without response')))
2025-11-23 12:49:50,619 - growth_stock_screener - WARNING - 获取股票 002895 的概念板块信息失败: HTTPSConnectionPool(host='push2.eastmoney.com', port=443): Max retries exceeded with url: /api/qt/stock/get?fltt=2&invt=2&fields=f120%2Cf121%2Cf122%2Cf174%2Cf175%2Cf59%2Cf163%2Cf43%2Cf57%2Cf58%2Cf169%2Cf170%2Cf46%2Cf44%2Cf51%2Cf168%2Cf47%2Cf164%2Cf116%2Cf60%2Cf45%2Cf52%2Cf50%2Cf48%2Cf167%2Cf117%2Cf71%2Cf161%2Cf49%2Cf530%2Cf135%2Cf136%2Cf137%2Cf138%2Cf139%2Cf141%2Cf142%2Cf144%2Cf145%2Cf147%2Cf148%2Cf140%2Cf143%2Cf146%2Cf149%2Cf55%2Cf62%2Cf162%2Cf92%2Cf173%2Cf104%2Cf105%2Cf84%2Cf85%2Cf183%2Cf184%2Cf185%2Cf186%2Cf187%2Cf188%2Cf189%2Cf190%2Cf191%2Cf192%2Cf107%2Cf111%2Cf86%2Cf177%2Cf78%2Cf110%2Cf262%2Cf263%2Cf264%2Cf267%2Cf268%2Cf255%2Cf256%2Cf257%2Cf258%2Cf127%2Cf199%2Cf128%2Cf198%2Cf259%2Cf260%2Cf261%2Cf171%2Cf277%2Cf278%2Cf279%2Cf288%2Cf152%2Cf250%2Cf251%2Cf252%2Cf253%2Cf254%2Cf269%2Cf270%2Cf271%2Cf272%2Cf273%2Cf274%2Cf275%2Cf276%2Cf265%2Cf266%2Cf289%2Cf290%2Cf286%2Cf285%2Cf292%2Cf293%2Cf294%2Cf295%2Cf43&secid=0.002895 (Caused by ProxyError('Unable to connect to proxy', RemoteDisconnected('Remote end closed connection without response')))
2025-11-23 12:49:51,560 - growth_stock_screener - WARNING - 获取股票 688433 的概念板块信息失败: HTTPSConnectionPool(host='push2.eastmoney.com', port=443): Max retries exceeded with url: /api/qt/stock/get?fltt=2&invt=2&fields=f120%2Cf121%2Cf122%2Cf174%2Cf175%2Cf59%2Cf163%2Cf43%2Cf57%2Cf58%2Cf169%2Cf170%2Cf46%2Cf44%2Cf51%2Cf168%2Cf47%2Cf164%2Cf116%2Cf60%2Cf45%2Cf52%2Cf50%2Cf48%2Cf167%2Cf117%2Cf71%2Cf161%2Cf49%2Cf530%2Cf135%2Cf136%2Cf137%2Cf138%2Cf139%2Cf141%2Cf142%2Cf144%2Cf145%2Cf147%2Cf148%2Cf140%2Cf143%2Cf146%2Cf149%2Cf55%2Cf62%2Cf162%2Cf92%2Cf173%2Cf104%2Cf105%2Cf84%2Cf85%2Cf183%2Cf184%2Cf185%2Cf186%2Cf187%2Cf188%2Cf189%2Cf190%2Cf191%2Cf192%2Cf107%2Cf111%2Cf86%2Cf177%2Cf78%2Cf110%2Cf262%2Cf263%2Cf264%2Cf267%2Cf268%2Cf255%2Cf256%2Cf257%2Cf258%2Cf127%2Cf199%2Cf128%2Cf198%2Cf259%2Cf260%2Cf261%2Cf171%2Cf277%2Cf278%2Cf279%2Cf288%2Cf152%2Cf250%2Cf251%2Cf252%2Cf253%2Cf254%2Cf269%2Cf270%2Cf271%2Cf272%2Cf273%2Cf274%2Cf275%2Cf276%2Cf265%2Cf266%2Cf289%2Cf290%2Cf286%2Cf285%2Cf292%2Cf293%2Cf294%2Cf295%2Cf43&secid=1.688433 (Caused by ProxyError('Unable to connect to proxy', RemoteDisconnected('Remote end closed connection without response')))
2025-11-23 12:49:53,205 - growth_stock_screener - WARNING - 获取股票 003010 的概念板块信息失败: HTTPSConnectionPool(host='push2.eastmoney.com', port=443): Max retries exceeded with url: /api/qt/stock/get?fltt=2&invt=2&fields=f120%2Cf121%2Cf122%2Cf174%2Cf175%2Cf59%2Cf163%2Cf43%2Cf57%2Cf58%2Cf169%2Cf170%2Cf46%2Cf44%2Cf51%2Cf168%2Cf47%2Cf164%2Cf116%2Cf60%2Cf45%2Cf52%2Cf50%2Cf48%2Cf167%2Cf117%2Cf71%2Cf161%2Cf49%2Cf530%2Cf135%2Cf136%2Cf137%2Cf138%2Cf139%2Cf141%2Cf142%2Cf144%2Cf145%2Cf147%2Cf148%2Cf140%2Cf143%2Cf146%2Cf149%2Cf55%2Cf62%2Cf162%2Cf92%2Cf173%2Cf104%2Cf105%2Cf84%2Cf85%2Cf183%2Cf184%2Cf185%2Cf186%2Cf187%2Cf188%2Cf189%2Cf190%2Cf191%2Cf192%2Cf107%2Cf111%2Cf86%2Cf177%2Cf78%2Cf110%2Cf262%2Cf263%2Cf264%2Cf267%2Cf268%2Cf255%2Cf256%2Cf257%2Cf258%2Cf127%2Cf199%2Cf128%2Cf198%2Cf259%2Cf260%2Cf261%2Cf171%2Cf277%2Cf278%2Cf279%2Cf288%2Cf152%2Cf250%2Cf251%2Cf252%2Cf253%2Cf254%2Cf269%2Cf270%2Cf271%2Cf272%2Cf273%2Cf274%2Cf275%2Cf276%2Cf265%2Cf266%2Cf289%2Cf290%2Cf286%2Cf285%2Cf292%2Cf293%2Cf294%2Cf295%2Cf43&secid=0.003010 (Caused by ProxyError('Unable to connect to proxy', RemoteDisconnected('Remote end closed connection without response')))
2025-11-23 12:49:54,650 - growth_stock_screener - WARNING - 获取股票 688668 的概念板块信息失败: HTTPSConnectionPool(host='push2.eastmoney.com', port=443): Max retries exceeded with url: /api/qt/stock/get?fltt=2&invt=2&fields=f120%2Cf121%2Cf122%2Cf174%2Cf175%2Cf59%2Cf163%2Cf43%2Cf57%2Cf58%2Cf169%2Cf170%2Cf46%2Cf44%2Cf51%2Cf168%2Cf47%2Cf164%2Cf116%2Cf60%2Cf45%2Cf52%2Cf50%2Cf48%2Cf167%2Cf117%2Cf71%2Cf161%2Cf49%2Cf530%2Cf135%2Cf136%2Cf137%2Cf138%2Cf139%2Cf141%2Cf142%2Cf144%2Cf145%2Cf147%2Cf148%2Cf140%2Cf143%2Cf146%2Cf149%2Cf55%2Cf62%2Cf162%2Cf92%2Cf173%2Cf104%2Cf105%2Cf84%2Cf85%2Cf183%2Cf184%2Cf185%2Cf186%2Cf187%2Cf188%2Cf189%2Cf190%2Cf191%2Cf192%2Cf107%2Cf111%2Cf86%2Cf177%2Cf78%2Cf110%2Cf262%2Cf263%2Cf264%2Cf267%2Cf268%2Cf255%2Cf256%2Cf257%2Cf258%2Cf127%2Cf199%2Cf128%2Cf198%2Cf259%2Cf260%2Cf261%2Cf171%2Cf277%2Cf278%2Cf279%2Cf288%2Cf152%2Cf250%2Cf251%2Cf252%2Cf253%2Cf254%2Cf269%2Cf270%2Cf271%2Cf272%2Cf273%2Cf274%2Cf275%2Cf276%2Cf265%2Cf266%2Cf289%2Cf290%2Cf286%2Cf285%2Cf292%2Cf293%2Cf294%2Cf295%2Cf43&secid=1.688668 (Caused by ProxyError('Unable to connect to proxy', RemoteDisconnected('Remote end closed connection without response')))
2025-11-23 12:49:55,706 - growth_stock_screener - WARNING - 获取股票 002709 的概念板块信息失败: HTTPSConnectionPool(host='push2.eastmoney.com', port=443): Max retries exceeded with url: /api/qt/stock/get?fltt=2&invt=2&fields=f120%2Cf121%2Cf122%2Cf174%2Cf175%2Cf59%2Cf163%2Cf43%2Cf57%2Cf58%2Cf169%2Cf170%2Cf46%2Cf44%2Cf51%2Cf168%2Cf47%2Cf164%2Cf116%2Cf60%2Cf45%2Cf52%2Cf50%2Cf48%2Cf167%2Cf117%2Cf71%2Cf161%2Cf49%2Cf530%2Cf135%2Cf136%2Cf137%2Cf138%2Cf139%2Cf141%2Cf142%2Cf144%2Cf145%2Cf147%2Cf148%2Cf140%2Cf143%2Cf146%2Cf149%2Cf55%2Cf62%2Cf162%2Cf92%2Cf173%2Cf104%2Cf105%2Cf84%2Cf85%2Cf183%2Cf184%2Cf185%2Cf186%2Cf187%2Cf188%2Cf189%2Cf190%2Cf191%2Cf192%2Cf107%2Cf111%2Cf86%2Cf177%2Cf78%2Cf110%2Cf262%2Cf263%2Cf264%2Cf267%2Cf268%2Cf255%2Cf256%2Cf257%2Cf258%2Cf127%2Cf199%2Cf128%2Cf198%2Cf259%2Cf260%2Cf261%2Cf171%2Cf277%2Cf278%2Cf279%2Cf288%2Cf152%2Cf250%2Cf251%2Cf252%2Cf253%2Cf254%2Cf269%2Cf270%2Cf271%2Cf272%2Cf273%2Cf274%2Cf275%2Cf276%2Cf265%2Cf266%2Cf289%2Cf290%2Cf286%2Cf285%2Cf292%2Cf293%2Cf294%2Cf295%2Cf43&secid=0.002709 (Caused by ProxyError('Unable to connect to proxy', RemoteDisconnected('Remote end closed connection without response')))
2025-11-23 12:49:57,495 - growth_stock_screener - WARNING - 获取股票 300661 的概念板块信息失败: HTTPSConnectionPool(host='push2.eastmoney.com', port=443): Max retries exceeded with url: /api/qt/stock/get?fltt=2&invt=2&fields=f120%2Cf121%2Cf122%2Cf174%2Cf175%2Cf59%2Cf163%2Cf43%2Cf57%2Cf58%2Cf169%2Cf170%2Cf46%2Cf44%2Cf51%2Cf168%2Cf47%2Cf164%2Cf116%2Cf60%2Cf45%2Cf52%2Cf50%2Cf48%2Cf167%2Cf117%2Cf71%2Cf161%2Cf49%2Cf530%2Cf135%2Cf136%2Cf137%2Cf138%2Cf139%2Cf141%2Cf142%2Cf144%2Cf145%2Cf147%2Cf148%2Cf140%2Cf143%2Cf146%2Cf149%2Cf55%2Cf62%2Cf162%2Cf92%2Cf173%2Cf104%2Cf105%2Cf84%2Cf85%2Cf183%2Cf184%2Cf185%2Cf186%2Cf187%2Cf188%2Cf189%2Cf190%2Cf191%2Cf192%2Cf107%2Cf111%2Cf86%2Cf177%2Cf78%2Cf110%2Cf262%2Cf263%2Cf264%2Cf267%2Cf268%2Cf255%2Cf256%2Cf257%2Cf258%2Cf127%2Cf199%2Cf128%2Cf198%2Cf259%2Cf260%2Cf261%2Cf171%2Cf277%2Cf278%2Cf279%2Cf288%2Cf152%2Cf250%2Cf251%2Cf252%2Cf253%2Cf254%2Cf269%2Cf270%2Cf271%2Cf272%2Cf273%2Cf274%2Cf275%2Cf276%2Cf265%2Cf266%2Cf289%2Cf290%2Cf286%2Cf285%2Cf292%2Cf293%2Cf294%2Cf295%2Cf43&secid=0.300661 (Caused by ProxyError('Unable to connect to proxy', RemoteDisconnected('Remote end closed connection without response')))
2025-11-23 12:49:58,565 - growth_stock_screener - WARNING - 获取股票 688981 的概念板块信息失败: HTTPSConnectionPool(host='push2.eastmoney.com', port=443): Max retries exceeded with url: /api/qt/stock/get?fltt=2&invt=2&fields=f120%2Cf121%2Cf122%2Cf174%2Cf175%2Cf59%2Cf163%2Cf43%2Cf57%2Cf58%2Cf169%2Cf170%2Cf46%2Cf44%2Cf51%2Cf168%2Cf47%2Cf164%2Cf116%2Cf60%2Cf45%2Cf52%2Cf50%2Cf48%2Cf167%2Cf117%2Cf71%2Cf161%2Cf49%2Cf530%2Cf135%2Cf136%2Cf137%2Cf138%2Cf139%2Cf141%2Cf142%2Cf144%2Cf145%2Cf147%2Cf148%2Cf140%2Cf143%2Cf146%2Cf149%2Cf55%2Cf62%2Cf162%2Cf92%2Cf173%2Cf104%2Cf105%2Cf84%2Cf85%2Cf183%2Cf184%2Cf185%2Cf186%2Cf187%2Cf188%2Cf189%2Cf190%2Cf191%2Cf192%2Cf107%2Cf111%2Cf86%2Cf177%2Cf78%2Cf110%2Cf262%2Cf263%2Cf264%2Cf267%2Cf268%2Cf255%2Cf256%2Cf257%2Cf258%2Cf127%2Cf199%2Cf128%2Cf198%2Cf259%2Cf260%2Cf261%2Cf171%2Cf277%2Cf278%2Cf279%2Cf288%2Cf152%2Cf250%2Cf251%2Cf252%2Cf253%2Cf254%2Cf269%2Cf270%2Cf271%2Cf272%2Cf273%2Cf274%2Cf275%2Cf276%2Cf265%2Cf266%2Cf289%2Cf290%2Cf286%2Cf285%2Cf292%2Cf293%2Cf294%2Cf295%2Cf43&secid=1.688981 (Caused by ProxyError('Unable to connect to proxy', RemoteDisconnected('Remote end closed connection without response')))
2025-11-23 12:50:00,371 - growth_stock_screener - WARNING - 获取股票 300153 的概念板块信息失败: HTTPSConnectionPool(host='push2.eastmoney.com', port=443): Max retries exceeded with url: /api/qt/stock/get?fltt=2&invt=2&fields=f120%2Cf121%2Cf122%2Cf174%2Cf175%2Cf59%2Cf163%2Cf43%2Cf57%2Cf58%2Cf169%2Cf170%2Cf46%2Cf44%2Cf51%2Cf168%2Cf47%2Cf164%2Cf116%2Cf60%2Cf45%2Cf52%2Cf50%2Cf48%2Cf167%2Cf117%2Cf71%2Cf161%2Cf49%2Cf530%2Cf135%2Cf136%2Cf137%2Cf138%2Cf139%2Cf141%2Cf142%2Cf144%2Cf145%2Cf147%2Cf148%2Cf140%2Cf143%2Cf146%2Cf149%2Cf55%2Cf62%2Cf162%2Cf92%2Cf173%2Cf104%2Cf105%2Cf84%2Cf85%2Cf183%2Cf184%2Cf185%2Cf186%2Cf187%2Cf188%2Cf189%2Cf190%2Cf191%2Cf192%2Cf107%2Cf111%2Cf86%2Cf177%2Cf78%2Cf110%2Cf262%2Cf263%2Cf264%2Cf267%2Cf268%2Cf255%2Cf256%2Cf257%2Cf258%2Cf127%2Cf199%2Cf128%2Cf198%2Cf259%2Cf260%2Cf261%2Cf171%2Cf277%2Cf278%2Cf279%2Cf288%2Cf152%2Cf250%2Cf251%2Cf252%2Cf253%2Cf254%2Cf269%2Cf270%2Cf271%2Cf272%2Cf273%2Cf274%2Cf275%2Cf276%2Cf265%2Cf266%2Cf289%2Cf290%2Cf286%2Cf285%2Cf292%2Cf293%2Cf294%2Cf295%2Cf43&secid=0.300153 (Caused by ProxyError('Unable to connect to proxy', RemoteDisconnected('Remote end closed connection without response')))
2025-11-23 12:50:03,173 - growth_stock_screener - WARNING - 获取股票 688116 的概念板块信息失败: HTTPSConnectionPool(host='push2.eastmoney.com', port=443): Max retries exceeded with url: /api/qt/stock/get?fltt=2&invt=2&fields=f120%2Cf121%2Cf122%2Cf174%2Cf175%2Cf59%2Cf163%2Cf43%2Cf57%2Cf58%2Cf169%2Cf170%2Cf46%2Cf44%2Cf51%2Cf168%2Cf47%2Cf164%2Cf116%2Cf60%2Cf45%2Cf52%2Cf50%2Cf48%2Cf167%2Cf117%2Cf71%2Cf161%2Cf49%2Cf530%2Cf135%2Cf136%2Cf137%2Cf138%2Cf139%2Cf141%2Cf142%2Cf144%2Cf145%2Cf147%2Cf148%2Cf140%2Cf143%2Cf146%2Cf149%2Cf55%2Cf62%2Cf162%2Cf92%2Cf173%2Cf104%2Cf105%2Cf84%2Cf85%2Cf183%2Cf184%2Cf185%2Cf186%2Cf187%2Cf188%2Cf189%2Cf190%2Cf191%2Cf192%2Cf107%2Cf111%2Cf86%2Cf177%2Cf78%2Cf110%2Cf262%2Cf263%2Cf264%2Cf267%2Cf268%2Cf255%2Cf256%2Cf257%2Cf258%2Cf127%2Cf199%2Cf128%2Cf198%2Cf259%2Cf260%2Cf261%2Cf171%2Cf277%2Cf278%2Cf279%2Cf288%2Cf152%2Cf250%2Cf251%2Cf252%2Cf253%2Cf254%2Cf269%2Cf270%2Cf271%2Cf272%2Cf273%2Cf274%2Cf275%2Cf276%2Cf265%2Cf266%2Cf289%2Cf290%2Cf286%2Cf285%2Cf292%2Cf293%2Cf294%2Cf295%2Cf43&secid=1.688116 (Caused by ProxyError('Unable to connect to proxy', RemoteDisconnected('Remote end closed connection without response')))
2025-11-23 12:50:04,238 - growth_stock_screener - WARNING - 获取股票 600516 的概念板块信息失败: HTTPSConnectionPool(host='push2.eastmoney.com', port=443): Max retries exceeded with url: /api/qt/stock/get?fltt=2&invt=2&fields=f120%2Cf121%2Cf122%2Cf174%2Cf175%2Cf59%2Cf163%2Cf43%2Cf57%2Cf58%2Cf169%2Cf170%2Cf46%2Cf44%2Cf51%2Cf168%2Cf47%2Cf164%2Cf116%2Cf60%2Cf45%2Cf52%2Cf50%2Cf48%2Cf167%2Cf117%2Cf71%2Cf161%2Cf49%2Cf530%2Cf135%2Cf136%2Cf137%2Cf138%2Cf139%2Cf141%2Cf142%2Cf144%2Cf145%2Cf147%2Cf148%2Cf140%2Cf143%2Cf146%2Cf149%2Cf55%2Cf62%2Cf162%2Cf92%2Cf173%2Cf104%2Cf105%2Cf84%2Cf85%2Cf183%2Cf184%2Cf185%2Cf186%2Cf187%2Cf188%2Cf189%2Cf190%2Cf191%2Cf192%2Cf107%2Cf111%2Cf86%2Cf177%2Cf78%2Cf110%2Cf262%2Cf263%2Cf264%2Cf267%2Cf268%2Cf255%2Cf256%2Cf257%2Cf258%2Cf127%2Cf199%2Cf128%2Cf198%2Cf259%2Cf260%2Cf261%2Cf171%2Cf277%2Cf278%2Cf279%2Cf288%2Cf152%2Cf250%2Cf251%2Cf252%2Cf253%2Cf254%2Cf269%2Cf270%2Cf271%2Cf272%2Cf273%2Cf274%2Cf275%2Cf276%2Cf265%2Cf266%2Cf289%2Cf290%2Cf286%2Cf285%2Cf292%2Cf293%2Cf294%2Cf295%2Cf43&secid=1.600516 (Caused by ProxyError('Unable to connect to proxy', RemoteDisconnected('Remote end closed connection without response')))
2025-11-23 12:50:05,208 - growth_stock_screener - WARNING - 获取股票 301377 的概念板块信息失败: HTTPSConnectionPool(host='push2.eastmoney.com', port=443): Max retries exceeded with url: /api/qt/stock/get?fltt=2&invt=2&fields=f120%2Cf121%2Cf122%2Cf174%2Cf175%2Cf59%2Cf163%2Cf43%2Cf57%2Cf58%2Cf169%2Cf170%2Cf46%2Cf44%2Cf51%2Cf168%2Cf47%2Cf164%2Cf116%2Cf60%2Cf45%2Cf52%2Cf50%2Cf48%2Cf167%2Cf117%2Cf71%2Cf161%2Cf49%2Cf530%2Cf135%2Cf136%2Cf137%2Cf138%2Cf139%2Cf141%2Cf142%2Cf144%2Cf145%2Cf147%2Cf148%2Cf140%2Cf143%2Cf146%2Cf149%2Cf55%2Cf62%2Cf162%2Cf92%2Cf173%2Cf104%2Cf105%2Cf84%2Cf85%2Cf183%2Cf184%2Cf185%2Cf186%2Cf187%2Cf188%2Cf189%2Cf190%2Cf191%2Cf192%2Cf107%2Cf111%2Cf86%2Cf177%2Cf78%2Cf110%2Cf262%2Cf263%2Cf264%2Cf267%2Cf268%2Cf255%2Cf256%2Cf257%2Cf258%2Cf127%2Cf199%2Cf128%2Cf198%2Cf259%2Cf260%2Cf261%2Cf171%2Cf277%2Cf278%2Cf279%2Cf288%2Cf152%2Cf250%2Cf251%2Cf252%2Cf253%2Cf254%2Cf269%2Cf270%2Cf271%2Cf272%2Cf273%2Cf274%2Cf275%2Cf276%2Cf265%2Cf266%2Cf289%2Cf290%2Cf286%2Cf285%2Cf292%2Cf293%2Cf294%2Cf295%2Cf43&secid=0.301377 (Caused by ProxyError('Unable to connect to proxy', RemoteDisconnected('Remote end closed connection without response')))
2025-11-23 12:50:06,210 - growth_stock_screener - WARNING - 获取股票 300548 的概念板块信息失败: HTTPSConnectionPool(host='push2.eastmoney.com', port=443): Max retries exceeded with url: /api/qt/stock/get?fltt=2&invt=2&fields=f120%2Cf121%2Cf122%2Cf174%2Cf175%2Cf59%2Cf163%2Cf43%2Cf57%2Cf58%2Cf169%2Cf170%2Cf46%2Cf44%2Cf51%2Cf168%2Cf47%2Cf164%2Cf116%2Cf60%2Cf45%2Cf52%2Cf50%2Cf48%2Cf167%2Cf117%2Cf71%2Cf161%2Cf49%2Cf530%2Cf135%2Cf136%2Cf137%2Cf138%2Cf139%2Cf141%2Cf142%2Cf144%2Cf145%2Cf147%2Cf148%2Cf140%2Cf143%2Cf146%2Cf149%2Cf55%2Cf62%2Cf162%2Cf92%2Cf173%2Cf104%2Cf105%2Cf84%2Cf85%2Cf183%2Cf184%2Cf185%2Cf186%2Cf187%2Cf188%2Cf189%2Cf190%2Cf191%2Cf192%2Cf107%2Cf111%2Cf86%2Cf177%2Cf78%2Cf110%2Cf262%2Cf263%2Cf264%2Cf267%2Cf268%2Cf255%2Cf256%2Cf257%2Cf258%2Cf127%2Cf199%2Cf128%2Cf198%2Cf259%2Cf260%2Cf261%2Cf171%2Cf277%2Cf278%2Cf279%2Cf288%2Cf152%2Cf250%2Cf251%2Cf252%2Cf253%2Cf254%2Cf269%2Cf270%2Cf271%2Cf272%2Cf273%2Cf274%2Cf275%2Cf276%2Cf265%2Cf266%2Cf289%2Cf290%2Cf286%2Cf285%2Cf292%2Cf293%2Cf294%2Cf295%2Cf43&secid=0.300548 (Caused by ProxyError('Unable to connect to proxy', RemoteDisconnected('Remote end closed connection without response')))
2025-11-23 12:50:07,233 - growth_stock_screener - WARNING - 获取股票 002600 的概念板块信息失败: HTTPSConnectionPool(host='push2.eastmoney.com', port=443): Max retries exceeded with url: /api/qt/stock/get?fltt=2&invt=2&fields=f120%2Cf121%2Cf122%2Cf174%2Cf175%2Cf59%2Cf163%2Cf43%2Cf57%2Cf58%2Cf169%2Cf170%2Cf46%2Cf44%2Cf51%2Cf168%2Cf47%2Cf164%2Cf116%2Cf60%2Cf45%2Cf52%2Cf50%2Cf48%2Cf167%2Cf117%2Cf71%2Cf161%2Cf49%2Cf530%2Cf135%2Cf136%2Cf137%2Cf138%2Cf139%2Cf141%2Cf142%2Cf144%2Cf145%2Cf147%2Cf148%2Cf140%2Cf143%2Cf146%2Cf149%2Cf55%2Cf62%2Cf162%2Cf92%2Cf173%2Cf104%2Cf105%2Cf84%2Cf85%2Cf183%2Cf184%2Cf185%2Cf186%2Cf187%2Cf188%2Cf189%2Cf190%2Cf191%2Cf192%2Cf107%2Cf111%2Cf86%2Cf177%2Cf78%2Cf110%2Cf262%2Cf263%2Cf264%2Cf267%2Cf268%2Cf255%2Cf256%2Cf257%2Cf258%2Cf127%2Cf199%2Cf128%2Cf198%2Cf259%2Cf260%2Cf261%2Cf171%2Cf277%2Cf278%2Cf279%2Cf288%2Cf152%2Cf250%2Cf251%2Cf252%2Cf253%2Cf254%2Cf269%2Cf270%2Cf271%2Cf272%2Cf273%2Cf274%2Cf275%2Cf276%2Cf265%2Cf266%2Cf289%2Cf290%2Cf286%2Cf285%2Cf292%2Cf293%2Cf294%2Cf295%2Cf43&secid=0.002600 (Caused by ProxyError('Unable to connect to proxy', RemoteDisconnected('Remote end closed connection without response')))
2025-11-23 12:50:08,258 - growth_stock_screener - WARNING - 获取股票 301291 的概念板块信息失败: HTTPSConnectionPool(host='push2.eastmoney.com', port=443): Max retries exceeded with url: /api/qt/stock/get?fltt=2&invt=2&fields=f120%2Cf121%2Cf122%2Cf174%2Cf175%2Cf59%2Cf163%2Cf43%2Cf57%2Cf58%2Cf169%2Cf170%2Cf46%2Cf44%2Cf51%2Cf168%2Cf47%2Cf164%2Cf116%2Cf60%2Cf45%2Cf52%2Cf50%2Cf48%2Cf167%2Cf117%2Cf71%2Cf161%2Cf49%2Cf530%2Cf135%2Cf136%2Cf137%2Cf138%2Cf139%2Cf141%2Cf142%2Cf144%2Cf145%2Cf147%2Cf148%2Cf140%2Cf143%2Cf146%2Cf149%2Cf55%2Cf62%2Cf162%2Cf92%2Cf173%2Cf104%2Cf105%2Cf84%2Cf85%2Cf183%2Cf184%2Cf185%2Cf186%2Cf187%2Cf188%2Cf189%2Cf190%2Cf191%2Cf192%2Cf107%2Cf111%2Cf86%2Cf177%2Cf78%2Cf110%2Cf262%2Cf263%2Cf264%2Cf267%2Cf268%2Cf255%2Cf256%2Cf257%2Cf258%2Cf127%2Cf199%2Cf128%2Cf198%2Cf259%2Cf260%2Cf261%2Cf171%2Cf277%2Cf278%2Cf279%2Cf288%2Cf152%2Cf250%2Cf251%2Cf252%2Cf253%2Cf254%2Cf269%2Cf270%2Cf271%2Cf272%2Cf273%2Cf274%2Cf275%2Cf276%2Cf265%2Cf266%2Cf289%2Cf290%2Cf286%2Cf285%2Cf292%2Cf293%2Cf294%2Cf295%2Cf43&secid=0.301291 (Caused by ProxyError('Unable to connect to proxy', RemoteDisconnected('Remote end closed connection without response')))
2025-11-23 12:50:13,274 - growth_stock_screener - WARNING - 获取股票 300408 的概念板块信息失败: ('Connection aborted.', ConnectionResetError(10054, '远程主机强迫关闭了一个现有的连接。', None, 10054, None))
2025-11-23 12:50:14,317 - growth_stock_screener - WARNING - 获取股票 688213 的概念板块信息失败: HTTPSConnectionPool(host='push2.eastmoney.com', port=443): Max retries exceeded with url: /api/qt/stock/get?fltt=2&invt=2&fields=f120%2Cf121%2Cf122%2Cf174%2Cf175%2Cf59%2Cf163%2Cf43%2Cf57%2Cf58%2Cf169%2Cf170%2Cf46%2Cf44%2Cf51%2Cf168%2Cf47%2Cf164%2Cf116%2Cf60%2Cf45%2Cf52%2Cf50%2Cf48%2Cf167%2Cf117%2Cf71%2Cf161%2Cf49%2Cf530%2Cf135%2Cf136%2Cf137%2Cf138%2Cf139%2Cf141%2Cf142%2Cf144%2Cf145%2Cf147%2Cf148%2Cf140%2Cf143%2Cf146%2Cf149%2Cf55%2Cf62%2Cf162%2Cf92%2Cf173%2Cf104%2Cf105%2Cf84%2Cf85%2Cf183%2Cf184%2Cf185%2Cf186%2Cf187%2Cf188%2Cf189%2Cf190%2Cf191%2Cf192%2Cf107%2Cf111%2Cf86%2Cf177%2Cf78%2Cf110%2Cf262%2Cf263%2Cf264%2Cf267%2Cf268%2Cf255%2Cf256%2Cf257%2Cf258%2Cf127%2Cf199%2Cf128%2Cf198%2Cf259%2Cf260%2Cf261%2Cf171%2Cf277%2Cf278%2Cf279%2Cf288%2Cf152%2Cf250%2Cf251%2Cf252%2Cf253%2Cf254%2Cf269%2Cf270%2Cf271%2Cf272%2Cf273%2Cf274%2Cf275%2Cf276%2Cf265%2Cf266%2Cf289%2Cf290%2Cf286%2Cf285%2Cf292%2Cf293%2Cf294%2Cf295%2Cf43&secid=1.688213 (Caused by ProxyError('Unable to connect to proxy', RemoteDisconnected('Remote end closed connection without response')))
2025-11-23 12:50:15,927 - growth_stock_screener - WARNING - 获取股票 688036 的概念板块信息失败: HTTPSConnectionPool(host='push2.eastmoney.com', port=443): Max retries exceeded with url: /api/qt/stock/get?fltt=2&invt=2&fields=f120%2Cf121%2Cf122%2Cf174%2Cf175%2Cf59%2Cf163%2Cf43%2Cf57%2Cf58%2Cf169%2Cf170%2Cf46%2Cf44%2Cf51%2Cf168%2Cf47%2Cf164%2Cf116%2Cf60%2Cf45%2Cf52%2Cf50%2Cf48%2Cf167%2Cf117%2Cf71%2Cf161%2Cf49%2Cf530%2Cf135%2Cf136%2Cf137%2Cf138%2Cf139%2Cf141%2Cf142%2Cf144%2Cf145%2Cf147%2Cf148%2Cf140%2Cf143%2Cf146%2Cf149%2Cf55%2Cf62%2Cf162%2Cf92%2Cf173%2Cf104%2Cf105%2Cf84%2Cf85%2Cf183%2Cf184%2Cf185%2Cf186%2Cf187%2Cf188%2Cf189%2Cf190%2Cf191%2Cf192%2Cf107%2Cf111%2Cf86%2Cf177%2Cf78%2Cf110%2Cf262%2Cf263%2Cf264%2Cf267%2Cf268%2Cf255%2Cf256%2Cf257%2Cf258%2Cf127%2Cf199%2Cf128%2Cf198%2Cf259%2Cf260%2Cf261%2Cf171%2Cf277%2Cf278%2Cf279%2Cf288%2Cf152%2Cf250%2Cf251%2Cf252%2Cf253%2Cf254%2Cf269%2Cf270%2Cf271%2Cf272%2Cf273%2Cf274%2Cf275%2Cf276%2Cf265%2Cf266%2Cf289%2Cf290%2Cf286%2Cf285%2Cf292%2Cf293%2Cf294%2Cf295%2Cf43&secid=1.688036 (Caused by ProxyError('Unable to connect to proxy', RemoteDisconnected('Remote end closed connection without response')))
2025-11-23 12:50:17,095 - growth_stock_screener - WARNING - 获取股票 00762 的概念板块信息失败: HTTPSConnectionPool(host='push2.eastmoney.com', port=443): Max retries exceeded with url: /api/qt/stock/get?fltt=2&invt=2&fields=f120%2Cf121%2Cf122%2Cf174%2Cf175%2Cf59%2Cf163%2Cf43%2Cf57%2Cf58%2Cf169%2Cf170%2Cf46%2Cf44%2Cf51%2Cf168%2Cf47%2Cf164%2Cf116%2Cf60%2Cf45%2Cf52%2Cf50%2Cf48%2Cf167%2Cf117%2Cf71%2Cf161%2Cf49%2Cf530%2Cf135%2Cf136%2Cf137%2Cf138%2Cf139%2Cf141%2Cf142%2Cf144%2Cf145%2Cf147%2Cf148%2Cf140%2Cf143%2Cf146%2Cf149%2Cf55%2Cf62%2Cf162%2Cf92%2Cf173%2Cf104%2Cf105%2Cf84%2Cf85%2Cf183%2Cf184%2Cf185%2Cf186%2Cf187%2Cf188%2Cf189%2Cf190%2Cf191%2Cf192%2Cf107%2Cf111%2Cf86%2Cf177%2Cf78%2Cf110%2Cf262%2Cf263%2Cf264%2Cf267%2Cf268%2Cf255%2Cf256%2Cf257%2Cf258%2Cf127%2Cf199%2Cf128%2Cf198%2Cf259%2Cf260%2Cf261%2Cf171%2Cf277%2Cf278%2Cf279%2Cf288%2Cf152%2Cf250%2Cf251%2Cf252%2Cf253%2Cf254%2Cf269%2Cf270%2Cf271%2Cf272%2Cf273%2Cf274%2Cf275%2Cf276%2Cf265%2Cf266%2Cf289%2Cf290%2Cf286%2Cf285%2Cf292%2Cf293%2Cf294%2Cf295%2Cf43&secid=0.00762 (Caused by ProxyError('Unable to connect to proxy', RemoteDisconnected('Remote end closed connection without response')))
2025-11-23 12:50:19,126 - growth_stock_screener - WARNING - 获取股票 002602 的概念板块信息失败: HTTPSConnectionPool(host='push2.eastmoney.com', port=443): Max retries exceeded with url: /api/qt/stock/get?fltt=2&invt=2&fields=f120%2Cf121%2Cf122%2Cf174%2Cf175%2Cf59%2Cf163%2Cf43%2Cf57%2Cf58%2Cf169%2Cf170%2Cf46%2Cf44%2Cf51%2Cf168%2Cf47%2Cf164%2Cf116%2Cf60%2Cf45%2Cf52%2Cf50%2Cf48%2Cf167%2Cf117%2Cf71%2Cf161%2Cf49%2Cf530%2Cf135%2Cf136%2Cf137%2Cf138%2Cf139%2Cf141%2Cf142%2Cf144%2Cf145%2Cf147%2Cf148%2Cf140%2Cf143%2Cf146%2Cf149%2Cf55%2Cf62%2Cf162%2Cf92%2Cf173%2Cf104%2Cf105%2Cf84%2Cf85%2Cf183%2Cf184%2Cf185%2Cf186%2Cf187%2Cf188%2Cf189%2Cf190%2Cf191%2Cf192%2Cf107%2Cf111%2Cf86%2Cf177%2Cf78%2Cf110%2Cf262%2Cf263%2Cf264%2Cf267%2Cf268%2Cf255%2Cf256%2Cf257%2Cf258%2Cf127%2Cf199%2Cf128%2Cf198%2Cf259%2Cf260%2Cf261%2Cf171%2Cf277%2Cf278%2Cf279%2Cf288%2Cf152%2Cf250%2Cf251%2Cf252%2Cf253%2Cf254%2Cf269%2Cf270%2Cf271%2Cf272%2Cf273%2Cf274%2Cf275%2Cf276%2Cf265%2Cf266%2Cf289%2Cf290%2Cf286%2Cf285%2Cf292%2Cf293%2Cf294%2Cf295%2Cf43&secid=0.002602 (Caused by ProxyError('Unable to connect to proxy', RemoteDisconnected('Remote end closed connection without response')))
2025-11-23 12:50:21,034 - growth_stock_screener - WARNING - 获取股票 002993 的概念板块信息失败: HTTPSConnectionPool(host='push2.eastmoney.com', port=443): Max retries exceeded with url: /api/qt/stock/get?fltt=2&invt=2&fields=f120%2Cf121%2Cf122%2Cf174%2Cf175%2Cf59%2Cf163%2Cf43%2Cf57%2Cf58%2Cf169%2Cf170%2Cf46%2Cf44%2Cf51%2Cf168%2Cf47%2Cf164%2Cf116%2Cf60%2Cf45%2Cf52%2Cf50%2Cf48%2Cf167%2Cf117%2Cf71%2Cf161%2Cf49%2Cf530%2Cf135%2Cf136%2Cf137%2Cf138%2Cf139%2Cf141%2Cf142%2Cf144%2Cf145%2Cf147%2Cf148%2Cf140%2Cf143%2Cf146%2Cf149%2Cf55%2Cf62%2Cf162%2Cf92%2Cf173%2Cf104%2Cf105%2Cf84%2Cf85%2Cf183%2Cf184%2Cf185%2Cf186%2Cf187%2Cf188%2Cf189%2Cf190%2Cf191%2Cf192%2Cf107%2Cf111%2Cf86%2Cf177%2Cf78%2Cf110%2Cf262%2Cf263%2Cf264%2Cf267%2Cf268%2Cf255%2Cf256%2Cf257%2Cf258%2Cf127%2Cf199%2Cf128%2Cf198%2Cf259%2Cf260%2Cf261%2Cf171%2Cf277%2Cf278%2Cf279%2Cf288%2Cf152%2Cf250%2Cf251%2Cf252%2Cf253%2Cf254%2Cf269%2Cf270%2Cf271%2Cf272%2Cf273%2Cf274%2Cf275%2Cf276%2Cf265%2Cf266%2Cf289%2Cf290%2Cf286%2Cf285%2Cf292%2Cf293%2Cf294%2Cf295%2Cf43&secid=0.002993 (Caused by ProxyError('Unable to connect to proxy', RemoteDisconnected('Remote end closed connection without response')))
2025-11-23 12:50:22,446 - growth_stock_screener - WARNING - 获取股票 688120 的概念板块信息失败: HTTPSConnectionPool(host='push2.eastmoney.com', port=443): Max retries exceeded with url: /api/qt/stock/get?fltt=2&invt=2&fields=f120%2Cf121%2Cf122%2Cf174%2Cf175%2Cf59%2Cf163%2Cf43%2Cf57%2Cf58%2Cf169%2Cf170%2Cf46%2Cf44%2Cf51%2Cf168%2Cf47%2Cf164%2Cf116%2Cf60%2Cf45%2Cf52%2Cf50%2Cf48%2Cf167%2Cf117%2Cf71%2Cf161%2Cf49%2Cf530%2Cf135%2Cf136%2Cf137%2Cf138%2Cf139%2Cf141%2Cf142%2Cf144%2Cf145%2Cf147%2Cf148%2Cf140%2Cf143%2Cf146%2Cf149%2Cf55%2Cf62%2Cf162%2Cf92%2Cf173%2Cf104%2Cf105%2Cf84%2Cf85%2Cf183%2Cf184%2Cf185%2Cf186%2Cf187%2Cf188%2Cf189%2Cf190%2Cf191%2Cf192%2Cf107%2Cf111%2Cf86%2Cf177%2Cf78%2Cf110%2Cf262%2Cf263%2Cf264%2Cf267%2Cf268%2Cf255%2Cf256%2Cf257%2Cf258%2Cf127%2Cf199%2Cf128%2Cf198%2Cf259%2Cf260%2Cf261%2Cf171%2Cf277%2Cf278%2Cf279%2Cf288%2Cf152%2Cf250%2Cf251%2Cf252%2Cf253%2Cf254%2Cf269%2Cf270%2Cf271%2Cf272%2Cf273%2Cf274%2Cf275%2Cf276%2Cf265%2Cf266%2Cf289%2Cf290%2Cf286%2Cf285%2Cf292%2Cf293%2Cf294%2Cf295%2Cf43&secid=1.688120 (Caused by ProxyError('Unable to connect to proxy', RemoteDisconnected('Remote end closed connection without response')))
2025-11-23 12:50:24,495 - growth_stock_screener - WARNING - 获取股票 688502 的概念板块信息失败: HTTPSConnectionPool(host='push2.eastmoney.com', port=443): Max retries exceeded with url: /api/qt/stock/get?fltt=2&invt=2&fields=f120%2Cf121%2Cf122%2Cf174%2Cf175%2Cf59%2Cf163%2Cf43%2Cf57%2Cf58%2Cf169%2Cf170%2Cf46%2Cf44%2Cf51%2Cf168%2Cf47%2Cf164%2Cf116%2Cf60%2Cf45%2Cf52%2Cf50%2Cf48%2Cf167%2Cf117%2Cf71%2Cf161%2Cf49%2Cf530%2Cf135%2Cf136%2Cf137%2Cf138%2Cf139%2Cf141%2Cf142%2Cf144%2Cf145%2Cf147%2Cf148%2Cf140%2Cf143%2Cf146%2Cf149%2Cf55%2Cf62%2Cf162%2Cf92%2Cf173%2Cf104%2Cf105%2Cf84%2Cf85%2Cf183%2Cf184%2Cf185%2Cf186%2Cf187%2Cf188%2Cf189%2Cf190%2Cf191%2Cf192%2Cf107%2Cf111%2Cf86%2Cf177%2Cf78%2Cf110%2Cf262%2Cf263%2Cf264%2Cf267%2Cf268%2Cf255%2Cf256%2Cf257%2Cf258%2Cf127%2Cf199%2Cf128%2Cf198%2Cf259%2Cf260%2Cf261%2Cf171%2Cf277%2Cf278%2Cf279%2Cf288%2Cf152%2Cf250%2Cf251%2Cf252%2Cf253%2Cf254%2Cf269%2Cf270%2Cf271%2Cf272%2Cf273%2Cf274%2Cf275%2Cf276%2Cf265%2Cf266%2Cf289%2Cf290%2Cf286%2Cf285%2Cf292%2Cf293%2Cf294%2Cf295%2Cf43&secid=1.688502 (Caused by ProxyError('Unable to connect to proxy', RemoteDisconnected('Remote end closed connection without response')))
2025-11-23 12:50:25,431 - growth_stock_screener - WARNING - 获取股票 603166 的概念板块信息失败: HTTPSConnectionPool(host='push2.eastmoney.com', port=443): Max retries exceeded with url: /api/qt/stock/get?fltt=2&invt=2&fields=f120%2Cf121%2Cf122%2Cf174%2Cf175%2Cf59%2Cf163%2Cf43%2Cf57%2Cf58%2Cf169%2Cf170%2Cf46%2Cf44%2Cf51%2Cf168%2Cf47%2Cf164%2Cf116%2Cf60%2Cf45%2Cf52%2Cf50%2Cf48%2Cf167%2Cf117%2Cf71%2Cf161%2Cf49%2Cf530%2Cf135%2Cf136%2Cf137%2Cf138%2Cf139%2Cf141%2Cf142%2Cf144%2Cf145%2Cf147%2Cf148%2Cf140%2Cf143%2Cf146%2Cf149%2Cf55%2Cf62%2Cf162%2Cf92%2Cf173%2Cf104%2Cf105%2Cf84%2Cf85%2Cf183%2Cf184%2Cf185%2Cf186%2Cf187%2Cf188%2Cf189%2Cf190%2Cf191%2Cf192%2Cf107%2Cf111%2Cf86%2Cf177%2Cf78%2Cf110%2Cf262%2Cf263%2Cf264%2Cf267%2Cf268%2Cf255%2Cf256%2Cf257%2Cf258%2Cf127%2Cf199%2Cf128%2Cf198%2Cf259%2Cf260%2Cf261%2Cf171%2Cf277%2Cf278%2Cf279%2Cf288%2Cf152%2Cf250%2Cf251%2Cf252%2Cf253%2Cf254%2Cf269%2Cf270%2Cf271%2Cf272%2Cf273%2Cf274%2Cf275%2Cf276%2Cf265%2Cf266%2Cf289%2Cf290%2Cf286%2Cf285%2Cf292%2Cf293%2Cf294%2Cf295%2Cf43&secid=1.603166 (Caused by ProxyError('Unable to connect to proxy', RemoteDisconnected('Remote end closed connection without response')))
2025-11-23 12:50:26,835 - growth_stock_screener - WARNING - 获取股票 300033 的概念板块信息失败: HTTPSConnectionPool(host='push2.eastmoney.com', port=443): Max retries exceeded with url: /api/qt/stock/get?fltt=2&invt=2&fields=f120%2Cf121%2Cf122%2Cf174%2Cf175%2Cf59%2Cf163%2Cf43%2Cf57%2Cf58%2Cf169%2Cf170%2Cf46%2Cf44%2Cf51%2Cf168%2Cf47%2Cf164%2Cf116%2Cf60%2Cf45%2Cf52%2Cf50%2Cf48%2Cf167%2Cf117%2Cf71%2Cf161%2Cf49%2Cf530%2Cf135%2Cf136%2Cf137%2Cf138%2Cf139%2Cf141%2Cf142%2Cf144%2Cf145%2Cf147%2Cf148%2Cf140%2Cf143%2Cf146%2Cf149%2Cf55%2Cf62%2Cf162%2Cf92%2Cf173%2Cf104%2Cf105%2Cf84%2Cf85%2Cf183%2Cf184%2Cf185%2Cf186%2Cf187%2Cf188%2Cf189%2Cf190%2Cf191%2Cf192%2Cf107%2Cf111%2Cf86%2Cf177%2Cf78%2Cf110%2Cf262%2Cf263%2Cf264%2Cf267%2Cf268%2Cf255%2Cf256%2Cf257%2Cf258%2Cf127%2Cf199%2Cf128%2Cf198%2Cf259%2Cf260%2Cf261%2Cf171%2Cf277%2Cf278%2Cf279%2Cf288%2Cf152%2Cf250%2Cf251%2Cf252%2Cf253%2Cf254%2Cf269%2Cf270%2Cf271%2Cf272%2Cf273%2Cf274%2Cf275%2Cf276%2Cf265%2Cf266%2Cf289%2Cf290%2Cf286%2Cf285%2Cf292%2Cf293%2Cf294%2Cf295%2Cf43&secid=0.300033 (Caused by ProxyError('Unable to connect to proxy', RemoteDisconnected('Remote end closed connection without response')))
2025-11-23 12:50:27,672 - growth_stock_screener - WARNING - 获取股票 000997 的概念板块信息失败: HTTPSConnectionPool(host='push2.eastmoney.com', port=443): Max retries exceeded with url: /api/qt/stock/get?fltt=2&invt=2&fields=f120%2Cf121%2Cf122%2Cf174%2Cf175%2Cf59%2Cf163%2Cf43%2Cf57%2Cf58%2Cf169%2Cf170%2Cf46%2Cf44%2Cf51%2Cf168%2Cf47%2Cf164%2Cf116%2Cf60%2Cf45%2Cf52%2Cf50%2Cf48%2Cf167%2Cf117%2Cf71%2Cf161%2Cf49%2Cf530%2Cf135%2Cf136%2Cf137%2Cf138%2Cf139%2Cf141%2Cf142%2Cf144%2Cf145%2Cf147%2Cf148%2Cf140%2Cf143%2Cf146%2Cf149%2Cf55%2Cf62%2Cf162%2Cf92%2Cf173%2Cf104%2Cf105%2Cf84%2Cf85%2Cf183%2Cf184%2Cf185%2Cf186%2Cf187%2Cf188%2Cf189%2Cf190%2Cf191%2Cf192%2Cf107%2Cf111%2Cf86%2Cf177%2Cf78%2Cf110%2Cf262%2Cf263%2Cf264%2Cf267%2Cf268%2Cf255%2Cf256%2Cf257%2Cf258%2Cf127%2Cf199%2Cf128%2Cf198%2Cf259%2Cf260%2Cf261%2Cf171%2Cf277%2Cf278%2Cf279%2Cf288%2Cf152%2Cf250%2Cf251%2Cf252%2Cf253%2Cf254%2Cf269%2Cf270%2Cf271%2Cf272%2Cf273%2Cf274%2Cf275%2Cf276%2Cf265%2Cf266%2Cf289%2Cf290%2Cf286%2Cf285%2Cf292%2Cf293%2Cf294%2Cf295%2Cf43&secid=0.000997 (Caused by ProxyError('Unable to connect to proxy', RemoteDisconnected('Remote end closed connection without response')))
2025-11-23 12:50:29,134 - growth_stock_screener - WARNING - 获取股票 002938 的概念板块信息失败: HTTPSConnectionPool(host='push2.eastmoney.com', port=443): Max retries exceeded with url: /api/qt/stock/get?fltt=2&invt=2&fields=f120%2Cf121%2Cf122%2Cf174%2Cf175%2Cf59%2Cf163%2Cf43%2Cf57%2Cf58%2Cf169%2Cf170%2Cf46%2Cf44%2Cf51%2Cf168%2Cf47%2Cf164%2Cf116%2Cf60%2Cf45%2Cf52%2Cf50%2Cf48%2Cf167%2Cf117%2Cf71%2Cf161%2Cf49%2Cf530%2Cf135%2Cf136%2Cf137%2Cf138%2Cf139%2Cf141%2Cf142%2Cf144%2Cf145%2Cf147%2Cf148%2Cf140%2Cf143%2Cf146%2Cf149%2Cf55%2Cf62%2Cf162%2Cf92%2Cf173%2Cf104%2Cf105%2Cf84%2Cf85%2Cf183%2Cf184%2Cf185%2Cf186%2Cf187%2Cf188%2Cf189%2Cf190%2Cf191%2Cf192%2Cf107%2Cf111%2Cf86%2Cf177%2Cf78%2Cf110%2Cf262%2Cf263%2Cf264%2Cf267%2Cf268%2Cf255%2Cf256%2Cf257%2Cf258%2Cf127%2Cf199%2Cf128%2Cf198%2Cf259%2Cf260%2Cf261%2Cf171%2Cf277%2Cf278%2Cf279%2Cf288%2Cf152%2Cf250%2Cf251%2Cf252%2Cf253%2Cf254%2Cf269%2Cf270%2Cf271%2Cf272%2Cf273%2Cf274%2Cf275%2Cf276%2Cf265%2Cf266%2Cf289%2Cf290%2Cf286%2Cf285%2Cf292%2Cf293%2Cf294%2Cf295%2Cf43&secid=0.002938 (Caused by ProxyError('Unable to connect to proxy', RemoteDisconnected('Remote end closed connection without response')))
2025-11-23 12:50:30,209 - growth_stock_screener - WARNING - 获取股票 01818 的概念板块信息失败: HTTPSConnectionPool(host='push2.eastmoney.com', port=443): Max retries exceeded with url: /api/qt/stock/get?fltt=2&invt=2&fields=f120%2Cf121%2Cf122%2Cf174%2Cf175%2Cf59%2Cf163%2Cf43%2Cf57%2Cf58%2Cf169%2Cf170%2Cf46%2Cf44%2Cf51%2Cf168%2Cf47%2Cf164%2Cf116%2Cf60%2Cf45%2Cf52%2Cf50%2Cf48%2Cf167%2Cf117%2Cf71%2Cf161%2Cf49%2Cf530%2Cf135%2Cf136%2Cf137%2Cf138%2Cf139%2Cf141%2Cf142%2Cf144%2Cf145%2Cf147%2Cf148%2Cf140%2Cf143%2Cf146%2Cf149%2Cf55%2Cf62%2Cf162%2Cf92%2Cf173%2Cf104%2Cf105%2Cf84%2Cf85%2Cf183%2Cf184%2Cf185%2Cf186%2Cf187%2Cf188%2Cf189%2Cf190%2Cf191%2Cf192%2Cf107%2Cf111%2Cf86%2Cf177%2Cf78%2Cf110%2Cf262%2Cf263%2Cf264%2Cf267%2Cf268%2Cf255%2Cf256%2Cf257%2Cf258%2Cf127%2Cf199%2Cf128%2Cf198%2Cf259%2Cf260%2Cf261%2Cf171%2Cf277%2Cf278%2Cf279%2Cf288%2Cf152%2Cf250%2Cf251%2Cf252%2Cf253%2Cf254%2Cf269%2Cf270%2Cf271%2Cf272%2Cf273%2Cf274%2Cf275%2Cf276%2Cf265%2Cf266%2Cf289%2Cf290%2Cf286%2Cf285%2Cf292%2Cf293%2Cf294%2Cf295%2Cf43&secid=0.01818 (Caused by ProxyError('Unable to connect to proxy', RemoteDisconnected('Remote end closed connection without response')))
2025-11-23 12:50:31,176 - growth_stock_screener - WARNING - 获取股票 688025 的概念板块信息失败: HTTPSConnectionPool(host='push2.eastmoney.com', port=443): Max retries exceeded with url: /api/qt/stock/get?fltt=2&invt=2&fields=f120%2Cf121%2Cf122%2Cf174%2Cf175%2Cf59%2Cf163%2Cf43%2Cf57%2Cf58%2Cf169%2Cf170%2Cf46%2Cf44%2Cf51%2Cf168%2Cf47%2Cf164%2Cf116%2Cf60%2Cf45%2Cf52%2Cf50%2Cf48%2Cf167%2Cf117%2Cf71%2Cf161%2Cf49%2Cf530%2Cf135%2Cf136%2Cf137%2Cf138%2Cf139%2Cf141%2Cf142%2Cf144%2Cf145%2Cf147%2Cf148%2Cf140%2Cf143%2Cf146%2Cf149%2Cf55%2Cf62%2Cf162%2Cf92%2Cf173%2Cf104%2Cf105%2Cf84%2Cf85%2Cf183%2Cf184%2Cf185%2Cf186%2Cf187%2Cf188%2Cf189%2Cf190%2Cf191%2Cf192%2Cf107%2Cf111%2Cf86%2Cf177%2Cf78%2Cf110%2Cf262%2Cf263%2Cf264%2Cf267%2Cf268%2Cf255%2Cf256%2Cf257%2Cf258%2Cf127%2Cf199%2Cf128%2Cf198%2Cf259%2Cf260%2Cf261%2Cf171%2Cf277%2Cf278%2Cf279%2Cf288%2Cf152%2Cf250%2Cf251%2Cf252%2Cf253%2Cf254%2Cf269%2Cf270%2Cf271%2Cf272%2Cf273%2Cf274%2Cf275%2Cf276%2Cf265%2Cf266%2Cf289%2Cf290%2Cf286%2Cf285%2Cf292%2Cf293%2Cf294%2Cf295%2Cf43&secid=1.688025 (Caused by ProxyError('Unable to connect to proxy', RemoteDisconnected('Remote end closed connection without response')))
2025-11-23 12:50:33,333 - growth_stock_screener - WARNING - 获取股票 688630 的概念板块信息失败: HTTPSConnectionPool(host='push2.eastmoney.com', port=443): Max retries exceeded with url: /api/qt/stock/get?fltt=2&invt=2&fields=f120%2Cf121%2Cf122%2Cf174%2Cf175%2Cf59%2Cf163%2Cf43%2Cf57%2Cf58%2Cf169%2Cf170%2Cf46%2Cf44%2Cf51%2Cf168%2Cf47%2Cf164%2Cf116%2Cf60%2Cf45%2Cf52%2Cf50%2Cf48%2Cf167%2Cf117%2Cf71%2Cf161%2Cf49%2Cf530%2Cf135%2Cf136%2Cf137%2Cf138%2Cf139%2Cf141%2Cf142%2Cf144%2Cf145%2Cf147%2Cf148%2Cf140%2Cf143%2Cf146%2Cf149%2Cf55%2Cf62%2Cf162%2Cf92%2Cf173%2Cf104%2Cf105%2Cf84%2Cf85%2Cf183%2Cf184%2Cf185%2Cf186%2Cf187%2Cf188%2Cf189%2Cf190%2Cf191%2Cf192%2Cf107%2Cf111%2Cf86%2Cf177%2Cf78%2Cf110%2Cf262%2Cf263%2Cf264%2Cf267%2Cf268%2Cf255%2Cf256%2Cf257%2Cf258%2Cf127%2Cf199%2Cf128%2Cf198%2Cf259%2Cf260%2Cf261%2Cf171%2Cf277%2Cf278%2Cf279%2Cf288%2Cf152%2Cf250%2Cf251%2Cf252%2Cf253%2Cf254%2Cf269%2Cf270%2Cf271%2Cf272%2Cf273%2Cf274%2Cf275%2Cf276%2Cf265%2Cf266%2Cf289%2Cf290%2Cf286%2Cf285%2Cf292%2Cf293%2Cf294%2Cf295%2Cf43&secid=1.688630 (Caused by ProxyError('Unable to connect to proxy', RemoteDisconnected('Remote end closed connection without response')))
2025-11-23 12:50:34,362 - growth_stock_screener - WARNING - 获取股票 688337 的概念板块信息失败: HTTPSConnectionPool(host='push2.eastmoney.com', port=443): Max retries exceeded with url: /api/qt/stock/get?fltt=2&invt=2&fields=f120%2Cf121%2Cf122%2Cf174%2Cf175%2Cf59%2Cf163%2Cf43%2Cf57%2Cf58%2Cf169%2Cf170%2Cf46%2Cf44%2Cf51%2Cf168%2Cf47%2Cf164%2Cf116%2Cf60%2Cf45%2Cf52%2Cf50%2Cf48%2Cf167%2Cf117%2Cf71%2Cf161%2Cf49%2Cf530%2Cf135%2Cf136%2Cf137%2Cf138%2Cf139%2Cf141%2Cf142%2Cf144%2Cf145%2Cf147%2Cf148%2Cf140%2Cf143%2Cf146%2Cf149%2Cf55%2Cf62%2Cf162%2Cf92%2Cf173%2Cf104%2Cf105%2Cf84%2Cf85%2Cf183%2Cf184%2Cf185%2Cf186%2Cf187%2Cf188%2Cf189%2Cf190%2Cf191%2Cf192%2Cf107%2Cf111%2Cf86%2Cf177%2Cf78%2Cf110%2Cf262%2Cf263%2Cf264%2Cf267%2Cf268%2Cf255%2Cf256%2Cf257%2Cf258%2Cf127%2Cf199%2Cf128%2Cf198%2Cf259%2Cf260%2Cf261%2Cf171%2Cf277%2Cf278%2Cf279%2Cf288%2Cf152%2Cf250%2Cf251%2Cf252%2Cf253%2Cf254%2Cf269%2Cf270%2Cf271%2Cf272%2Cf273%2Cf274%2Cf275%2Cf276%2Cf265%2Cf266%2Cf289%2Cf290%2Cf286%2Cf285%2Cf292%2Cf293%2Cf294%2Cf295%2Cf43&secid=1.688337 (Caused by ProxyError('Unable to connect to proxy', RemoteDisconnected('Remote end closed connection without response')))
2025-11-23 12:50:35,746 - growth_stock_screener - WARNING - 获取股票 688182 的概念板块信息失败: HTTPSConnectionPool(host='push2.eastmoney.com', port=443): Max retries exceeded with url: /api/qt/stock/get?fltt=2&invt=2&fields=f120%2Cf121%2Cf122%2Cf174%2Cf175%2Cf59%2Cf163%2Cf43%2Cf57%2Cf58%2Cf169%2Cf170%2Cf46%2Cf44%2Cf51%2Cf168%2Cf47%2Cf164%2Cf116%2Cf60%2Cf45%2Cf52%2Cf50%2Cf48%2Cf167%2Cf117%2Cf71%2Cf161%2Cf49%2Cf530%2Cf135%2Cf136%2Cf137%2Cf138%2Cf139%2Cf141%2Cf142%2Cf144%2Cf145%2Cf147%2Cf148%2Cf140%2Cf143%2Cf146%2Cf149%2Cf55%2Cf62%2Cf162%2Cf92%2Cf173%2Cf104%2Cf105%2Cf84%2Cf85%2Cf183%2Cf184%2Cf185%2Cf186%2Cf187%2Cf188%2Cf189%2Cf190%2Cf191%2Cf192%2Cf107%2Cf111%2Cf86%2Cf177%2Cf78%2Cf110%2Cf262%2Cf263%2Cf264%2Cf267%2Cf268%2Cf255%2Cf256%2Cf257%2Cf258%2Cf127%2Cf199%2Cf128%2Cf198%2Cf259%2Cf260%2Cf261%2Cf171%2Cf277%2Cf278%2Cf279%2Cf288%2Cf152%2Cf250%2Cf251%2Cf252%2Cf253%2Cf254%2Cf269%2Cf270%2Cf271%2Cf272%2Cf273%2Cf274%2Cf275%2Cf276%2Cf265%2Cf266%2Cf289%2Cf290%2Cf286%2Cf285%2Cf292%2Cf293%2Cf294%2Cf295%2Cf43&secid=1.688182 (Caused by ProxyError('Unable to connect to proxy', RemoteDisconnected('Remote end closed connection without response')))
2025-11-23 12:50:37,147 - growth_stock_screener - WARNING - 获取股票 300866 的概念板块信息失败: HTTPSConnectionPool(host='push2.eastmoney.com', port=443): Max retries exceeded with url: /api/qt/stock/get?fltt=2&invt=2&fields=f120%2Cf121%2Cf122%2Cf174%2Cf175%2Cf59%2Cf163%2Cf43%2Cf57%2Cf58%2Cf169%2Cf170%2Cf46%2Cf44%2Cf51%2Cf168%2Cf47%2Cf164%2Cf116%2Cf60%2Cf45%2Cf52%2Cf50%2Cf48%2Cf167%2Cf117%2Cf71%2Cf161%2Cf49%2Cf530%2Cf135%2Cf136%2Cf137%2Cf138%2Cf139%2Cf141%2Cf142%2Cf144%2Cf145%2Cf147%2Cf148%2Cf140%2Cf143%2Cf146%2Cf149%2Cf55%2Cf62%2Cf162%2Cf92%2Cf173%2Cf104%2Cf105%2Cf84%2Cf85%2Cf183%2Cf184%2Cf185%2Cf186%2Cf187%2Cf188%2Cf189%2Cf190%2Cf191%2Cf192%2Cf107%2Cf111%2Cf86%2Cf177%2Cf78%2Cf110%2Cf262%2Cf263%2Cf264%2Cf267%2Cf268%2Cf255%2Cf256%2Cf257%2Cf258%2Cf127%2Cf199%2Cf128%2Cf198%2Cf259%2Cf260%2Cf261%2Cf171%2Cf277%2Cf278%2Cf279%2Cf288%2Cf152%2Cf250%2Cf251%2Cf252%2Cf253%2Cf254%2Cf269%2Cf270%2Cf271%2Cf272%2Cf273%2Cf274%2Cf275%2Cf276%2Cf265%2Cf266%2Cf289%2Cf290%2Cf286%2Cf285%2Cf292%2Cf293%2Cf294%2Cf295%2Cf43&secid=0.300866 (Caused by ProxyError('Unable to connect to proxy', RemoteDisconnected('Remote end closed connection without response')))
2025-11-23 12:50:38,491 - growth_stock_screener - WARNING - 获取股票 603893 的概念板块信息失败: HTTPSConnectionPool(host='push2.eastmoney.com', port=443): Max retries exceeded with url: /api/qt/stock/get?fltt=2&invt=2&fields=f120%2Cf121%2Cf122%2Cf174%2Cf175%2Cf59%2Cf163%2Cf43%2Cf57%2Cf58%2Cf169%2Cf170%2Cf46%2Cf44%2Cf51%2Cf168%2Cf47%2Cf164%2Cf116%2Cf60%2Cf45%2Cf52%2Cf50%2Cf48%2Cf167%2Cf117%2Cf71%2Cf161%2Cf49%2Cf530%2Cf135%2Cf136%2Cf137%2Cf138%2Cf139%2Cf141%2Cf142%2Cf144%2Cf145%2Cf147%2Cf148%2Cf140%2Cf143%2Cf146%2Cf149%2Cf55%2Cf62%2Cf162%2Cf92%2Cf173%2Cf104%2Cf105%2Cf84%2Cf85%2Cf183%2Cf184%2Cf185%2Cf186%2Cf187%2Cf188%2Cf189%2Cf190%2Cf191%2Cf192%2Cf107%2Cf111%2Cf86%2Cf177%2Cf78%2Cf110%2Cf262%2Cf263%2Cf264%2Cf267%2Cf268%2Cf255%2Cf256%2Cf257%2Cf258%2Cf127%2Cf199%2Cf128%2Cf198%2Cf259%2Cf260%2Cf261%2Cf171%2Cf277%2Cf278%2Cf279%2Cf288%2Cf152%2Cf250%2Cf251%2Cf252%2Cf253%2Cf254%2Cf269%2Cf270%2Cf271%2Cf272%2Cf273%2Cf274%2Cf275%2Cf276%2Cf265%2Cf266%2Cf289%2Cf290%2Cf286%2Cf285%2Cf292%2Cf293%2Cf294%2Cf295%2Cf43&secid=1.603893 (Caused by ProxyError('Unable to connect to proxy', RemoteDisconnected('Remote end closed connection without response')))
2025-11-23 12:50:39,514 - growth_stock_screener - WARNING - 获取股票 001301 的概念板块信息失败: HTTPSConnectionPool(host='push2.eastmoney.com', port=443): Max retries exceeded with url: /api/qt/stock/get?fltt=2&invt=2&fields=f120%2Cf121%2Cf122%2Cf174%2Cf175%2Cf59%2Cf163%2Cf43%2Cf57%2Cf58%2Cf169%2Cf170%2Cf46%2Cf44%2Cf51%2Cf168%2Cf47%2Cf164%2Cf116%2Cf60%2Cf45%2Cf52%2Cf50%2Cf48%2Cf167%2Cf117%2Cf71%2Cf161%2Cf49%2Cf530%2Cf135%2Cf136%2Cf137%2Cf138%2Cf139%2Cf141%2Cf142%2Cf144%2Cf145%2Cf147%2Cf148%2Cf140%2Cf143%2Cf146%2Cf149%2Cf55%2Cf62%2Cf162%2Cf92%2Cf173%2Cf104%2Cf105%2Cf84%2Cf85%2Cf183%2Cf184%2Cf185%2Cf186%2Cf187%2Cf188%2Cf189%2Cf190%2Cf191%2Cf192%2Cf107%2Cf111%2Cf86%2Cf177%2Cf78%2Cf110%2Cf262%2Cf263%2Cf264%2Cf267%2Cf268%2Cf255%2Cf256%2Cf257%2Cf258%2Cf127%2Cf199%2Cf128%2Cf198%2Cf259%2Cf260%2Cf261%2Cf171%2Cf277%2Cf278%2Cf279%2Cf288%2Cf152%2Cf250%2Cf251%2Cf252%2Cf253%2Cf254%2Cf269%2Cf270%2Cf271%2Cf272%2Cf273%2Cf274%2Cf275%2Cf276%2Cf265%2Cf266%2Cf289%2Cf290%2Cf286%2Cf285%2Cf292%2Cf293%2Cf294%2Cf295%2Cf43&secid=0.001301 (Caused by ProxyError('Unable to connect to proxy', RemoteDisconnected('Remote end closed connection without response')))
2025-11-23 12:50:40,966 - growth_stock_screener - WARNING - 获取股票 301031 的概念板块信息失败: HTTPSConnectionPool(host='push2.eastmoney.com', port=443): Max retries exceeded with url: /api/qt/stock/get?fltt=2&invt=2&fields=f120%2Cf121%2Cf122%2Cf174%2Cf175%2Cf59%2Cf163%2Cf43%2Cf57%2Cf58%2Cf169%2Cf170%2Cf46%2Cf44%2Cf51%2Cf168%2Cf47%2Cf164%2Cf116%2Cf60%2Cf45%2Cf52%2Cf50%2Cf48%2Cf167%2Cf117%2Cf71%2Cf161%2Cf49%2Cf530%2Cf135%2Cf136%2Cf137%2Cf138%2Cf139%2Cf141%2Cf142%2Cf144%2Cf145%2Cf147%2Cf148%2Cf140%2Cf143%2Cf146%2Cf149%2Cf55%2Cf62%2Cf162%2Cf92%2Cf173%2Cf104%2Cf105%2Cf84%2Cf85%2Cf183%2Cf184%2Cf185%2Cf186%2Cf187%2Cf188%2Cf189%2Cf190%2Cf191%2Cf192%2Cf107%2Cf111%2Cf86%2Cf177%2Cf78%2Cf110%2Cf262%2Cf263%2Cf264%2Cf267%2Cf268%2Cf255%2Cf256%2Cf257%2Cf258%2Cf127%2Cf199%2Cf128%2Cf198%2Cf259%2Cf260%2Cf261%2Cf171%2Cf277%2Cf278%2Cf279%2Cf288%2Cf152%2Cf250%2Cf251%2Cf252%2Cf253%2Cf254%2Cf269%2Cf270%2Cf271%2Cf272%2Cf273%2Cf274%2Cf275%2Cf276%2Cf265%2Cf266%2Cf289%2Cf290%2Cf286%2Cf285%2Cf292%2Cf293%2Cf294%2Cf295%2Cf43&secid=0.301031 (Caused by ProxyError('Unable to connect to proxy', RemoteDisconnected('Remote end closed connection without response')))
2025-11-23 12:50:42,190 - growth_stock_screener - WARNING - 获取股票 300035 的概念板块信息失败: HTTPSConnectionPool(host='push2.eastmoney.com', port=443): Max retries exceeded with url: /api/qt/stock/get?fltt=2&invt=2&fields=f120%2Cf121%2Cf122%2Cf174%2Cf175%2Cf59%2Cf163%2Cf43%2Cf57%2Cf58%2Cf169%2Cf170%2Cf46%2Cf44%2Cf51%2Cf168%2Cf47%2Cf164%2Cf116%2Cf60%2Cf45%2Cf52%2Cf50%2Cf48%2Cf167%2Cf117%2Cf71%2Cf161%2Cf49%2Cf530%2Cf135%2Cf136%2Cf137%2Cf138%2Cf139%2Cf141%2Cf142%2Cf144%2Cf145%2Cf147%2Cf148%2Cf140%2Cf143%2Cf146%2Cf149%2Cf55%2Cf62%2Cf162%2Cf92%2Cf173%2Cf104%2Cf105%2Cf84%2Cf85%2Cf183%2Cf184%2Cf185%2Cf186%2Cf187%2Cf188%2Cf189%2Cf190%2Cf191%2Cf192%2Cf107%2Cf111%2Cf86%2Cf177%2Cf78%2Cf110%2Cf262%2Cf263%2Cf264%2Cf267%2Cf268%2Cf255%2Cf256%2Cf257%2Cf258%2Cf127%2Cf199%2Cf128%2Cf198%2Cf259%2Cf260%2Cf261%2Cf171%2Cf277%2Cf278%2Cf279%2Cf288%2Cf152%2Cf250%2Cf251%2Cf252%2Cf253%2Cf254%2Cf269%2Cf270%2Cf271%2Cf272%2Cf273%2Cf274%2Cf275%2Cf276%2Cf265%2Cf266%2Cf289%2Cf290%2Cf286%2Cf285%2Cf292%2Cf293%2Cf294%2Cf295%2Cf43&secid=0.300035 (Caused by ProxyError('Unable to connect to proxy', RemoteDisconnected('Remote end closed connection without response')))
2025-11-23 12:50:43,106 - growth_stock_screener - WARNING - 获取股票 002409 的概念板块信息失败: HTTPSConnectionPool(host='push2.eastmoney.com', port=443): Max retries exceeded with url: /api/qt/stock/get?fltt=2&invt=2&fields=f120%2Cf121%2Cf122%2Cf174%2Cf175%2Cf59%2Cf163%2Cf43%2Cf57%2Cf58%2Cf169%2Cf170%2Cf46%2Cf44%2Cf51%2Cf168%2Cf47%2Cf164%2Cf116%2Cf60%2Cf45%2Cf52%2Cf50%2Cf48%2Cf167%2Cf117%2Cf71%2Cf161%2Cf49%2Cf530%2Cf135%2Cf136%2Cf137%2Cf138%2Cf139%2Cf141%2Cf142%2Cf144%2Cf145%2Cf147%2Cf148%2Cf140%2Cf143%2Cf146%2Cf149%2Cf55%2Cf62%2Cf162%2Cf92%2Cf173%2Cf104%2Cf105%2Cf84%2Cf85%2Cf183%2Cf184%2Cf185%2Cf186%2Cf187%2Cf188%2Cf189%2Cf190%2Cf191%2Cf192%2Cf107%2Cf111%2Cf86%2Cf177%2Cf78%2Cf110%2Cf262%2Cf263%2Cf264%2Cf267%2Cf268%2Cf255%2Cf256%2Cf257%2Cf258%2Cf127%2Cf199%2Cf128%2Cf198%2Cf259%2Cf260%2Cf261%2Cf171%2Cf277%2Cf278%2Cf279%2Cf288%2Cf152%2Cf250%2Cf251%2Cf252%2Cf253%2Cf254%2Cf269%2Cf270%2Cf271%2Cf272%2Cf273%2Cf274%2Cf275%2Cf276%2Cf265%2Cf266%2Cf289%2Cf290%2Cf286%2Cf285%2Cf292%2Cf293%2Cf294%2Cf295%2Cf43&secid=0.002409 (Caused by ProxyError('Unable to connect to proxy', RemoteDisconnected('Remote end closed connection without response')))
2025-11-23 12:50:44,149 - growth_stock_screener - WARNING - 获取股票 688521 的概念板块信息失败: HTTPSConnectionPool(host='push2.eastmoney.com', port=443): Max retries exceeded with url: /api/qt/stock/get?fltt=2&invt=2&fields=f120%2Cf121%2Cf122%2Cf174%2Cf175%2Cf59%2Cf163%2Cf43%2Cf57%2Cf58%2Cf169%2Cf170%2Cf46%2Cf44%2Cf51%2Cf168%2Cf47%2Cf164%2Cf116%2Cf60%2Cf45%2Cf52%2Cf50%2Cf48%2Cf167%2Cf117%2Cf71%2Cf161%2Cf49%2Cf530%2Cf135%2Cf136%2Cf137%2Cf138%2Cf139%2Cf141%2Cf142%2Cf144%2Cf145%2Cf147%2Cf148%2Cf140%2Cf143%2Cf146%2Cf149%2Cf55%2Cf62%2Cf162%2Cf92%2Cf173%2Cf104%2Cf105%2Cf84%2Cf85%2Cf183%2Cf184%2Cf185%2Cf186%2Cf187%2Cf188%2Cf189%2Cf190%2Cf191%2Cf192%2Cf107%2Cf111%2Cf86%2Cf177%2Cf78%2Cf110%2Cf262%2Cf263%2Cf264%2Cf267%2Cf268%2Cf255%2Cf256%2Cf257%2Cf258%2Cf127%2Cf199%2Cf128%2Cf198%2Cf259%2Cf260%2Cf261%2Cf171%2Cf277%2Cf278%2Cf279%2Cf288%2Cf152%2Cf250%2Cf251%2Cf252%2Cf253%2Cf254%2Cf269%2Cf270%2Cf271%2Cf272%2Cf273%2Cf274%2Cf275%2Cf276%2Cf265%2Cf266%2Cf289%2Cf290%2Cf286%2Cf285%2Cf292%2Cf293%2Cf294%2Cf295%2Cf43&secid=1.688521 (Caused by ProxyError('Unable to connect to proxy', RemoteDisconnected('Remote end closed connection without response')))
2025-11-23 12:50:45,297 - growth_stock_screener - WARNING - 获取股票 002738 的概念板块信息失败: HTTPSConnectionPool(host='push2.eastmoney.com', port=443): Max retries exceeded with url: /api/qt/stock/get?fltt=2&invt=2&fields=f120%2Cf121%2Cf122%2Cf174%2Cf175%2Cf59%2Cf163%2Cf43%2Cf57%2Cf58%2Cf169%2Cf170%2Cf46%2Cf44%2Cf51%2Cf168%2Cf47%2Cf164%2Cf116%2Cf60%2Cf45%2Cf52%2Cf50%2Cf48%2Cf167%2Cf117%2Cf71%2Cf161%2Cf49%2Cf530%2Cf135%2Cf136%2Cf137%2Cf138%2Cf139%2Cf141%2Cf142%2Cf144%2Cf145%2Cf147%2Cf148%2Cf140%2Cf143%2Cf146%2Cf149%2Cf55%2Cf62%2Cf162%2Cf92%2Cf173%2Cf104%2Cf105%2Cf84%2Cf85%2Cf183%2Cf184%2Cf185%2Cf186%2Cf187%2Cf188%2Cf189%2Cf190%2Cf191%2Cf192%2Cf107%2Cf111%2Cf86%2Cf177%2Cf78%2Cf110%2Cf262%2Cf263%2Cf264%2Cf267%2Cf268%2Cf255%2Cf256%2Cf257%2Cf258%2Cf127%2Cf199%2Cf128%2Cf198%2Cf259%2Cf260%2Cf261%2Cf171%2Cf277%2Cf278%2Cf279%2Cf288%2Cf152%2Cf250%2Cf251%2Cf252%2Cf253%2Cf254%2Cf269%2Cf270%2Cf271%2Cf272%2Cf273%2Cf274%2Cf275%2Cf276%2Cf265%2Cf266%2Cf289%2Cf290%2Cf286%2Cf285%2Cf292%2Cf293%2Cf294%2Cf295%2Cf43&secid=0.002738 (Caused by ProxyError('Unable to connect to proxy', RemoteDisconnected('Remote end closed connection without response')))
2025-11-23 12:50:46,703 - growth_stock_screener - WARNING - 获取股票 603063 的概念板块信息失败: HTTPSConnectionPool(host='push2.eastmoney.com', port=443): Max retries exceeded with url: /api/qt/stock/get?fltt=2&invt=2&fields=f120%2Cf121%2Cf122%2Cf174%2Cf175%2Cf59%2Cf163%2Cf43%2Cf57%2Cf58%2Cf169%2Cf170%2Cf46%2Cf44%2Cf51%2Cf168%2Cf47%2Cf164%2Cf116%2Cf60%2Cf45%2Cf52%2Cf50%2Cf48%2Cf167%2Cf117%2Cf71%2Cf161%2Cf49%2Cf530%2Cf135%2Cf136%2Cf137%2Cf138%2Cf139%2Cf141%2Cf142%2Cf144%2Cf145%2Cf147%2Cf148%2Cf140%2Cf143%2Cf146%2Cf149%2Cf55%2Cf62%2Cf162%2Cf92%2Cf173%2Cf104%2Cf105%2Cf84%2Cf85%2Cf183%2Cf184%2Cf185%2Cf186%2Cf187%2Cf188%2Cf189%2Cf190%2Cf191%2Cf192%2Cf107%2Cf111%2Cf86%2Cf177%2Cf78%2Cf110%2Cf262%2Cf263%2Cf264%2Cf267%2Cf268%2Cf255%2Cf256%2Cf257%2Cf258%2Cf127%2Cf199%2Cf128%2Cf198%2Cf259%2Cf260%2Cf261%2Cf171%2Cf277%2Cf278%2Cf279%2Cf288%2Cf152%2Cf250%2Cf251%2Cf252%2Cf253%2Cf254%2Cf269%2Cf270%2Cf271%2Cf272%2Cf273%2Cf274%2Cf275%2Cf276%2Cf265%2Cf266%2Cf289%2Cf290%2Cf286%2Cf285%2Cf292%2Cf293%2Cf294%2Cf295%2Cf43&secid=1.603063 (Caused by ProxyError('Unable to connect to proxy', RemoteDisconnected('Remote end closed connection without response')))
2025-11-23 12:50:47,721 - growth_stock_screener - WARNING - 获取股票 000880 的概念板块信息失败: HTTPSConnectionPool(host='push2.eastmoney.com', port=443): Max retries exceeded with url: /api/qt/stock/get?fltt=2&invt=2&fields=f120%2Cf121%2Cf122%2Cf174%2Cf175%2Cf59%2Cf163%2Cf43%2Cf57%2Cf58%2Cf169%2Cf170%2Cf46%2Cf44%2Cf51%2Cf168%2Cf47%2Cf164%2Cf116%2Cf60%2Cf45%2Cf52%2Cf50%2Cf48%2Cf167%2Cf117%2Cf71%2Cf161%2Cf49%2Cf530%2Cf135%2Cf136%2Cf137%2Cf138%2Cf139%2Cf141%2Cf142%2Cf144%2Cf145%2Cf147%2Cf148%2Cf140%2Cf143%2Cf146%2Cf149%2Cf55%2Cf62%2Cf162%2Cf92%2Cf173%2Cf104%2Cf105%2Cf84%2Cf85%2Cf183%2Cf184%2Cf185%2Cf186%2Cf187%2Cf188%2Cf189%2Cf190%2Cf191%2Cf192%2Cf107%2Cf111%2Cf86%2Cf177%2Cf78%2Cf110%2Cf262%2Cf263%2Cf264%2Cf267%2Cf268%2Cf255%2Cf256%2Cf257%2Cf258%2Cf127%2Cf199%2Cf128%2Cf198%2Cf259%2Cf260%2Cf261%2Cf171%2Cf277%2Cf278%2Cf279%2Cf288%2Cf152%2Cf250%2Cf251%2Cf252%2Cf253%2Cf254%2Cf269%2Cf270%2Cf271%2Cf272%2Cf273%2Cf274%2Cf275%2Cf276%2Cf265%2Cf266%2Cf289%2Cf290%2Cf286%2Cf285%2Cf292%2Cf293%2Cf294%2Cf295%2Cf43&secid=0.000880 (Caused by ProxyError('Unable to connect to proxy', RemoteDisconnected('Remote end closed connection without response')))
2025-11-23 12:50:51,304 - growth_stock_screener - WARNING - 获取股票 688702 的概念板块信息失败: HTTPSConnectionPool(host='push2.eastmoney.com', port=443): Max retries exceeded with url: /api/qt/stock/get?fltt=2&invt=2&fields=f120%2Cf121%2Cf122%2Cf174%2Cf175%2Cf59%2Cf163%2Cf43%2Cf57%2Cf58%2Cf169%2Cf170%2Cf46%2Cf44%2Cf51%2Cf168%2Cf47%2Cf164%2Cf116%2Cf60%2Cf45%2Cf52%2Cf50%2Cf48%2Cf167%2Cf117%2Cf71%2Cf161%2Cf49%2Cf530%2Cf135%2Cf136%2Cf137%2Cf138%2Cf139%2Cf141%2Cf142%2Cf144%2Cf145%2Cf147%2Cf148%2Cf140%2Cf143%2Cf146%2Cf149%2Cf55%2Cf62%2Cf162%2Cf92%2Cf173%2Cf104%2Cf105%2Cf84%2Cf85%2Cf183%2Cf184%2Cf185%2Cf186%2Cf187%2Cf188%2Cf189%2Cf190%2Cf191%2Cf192%2Cf107%2Cf111%2Cf86%2Cf177%2Cf78%2Cf110%2Cf262%2Cf263%2Cf264%2Cf267%2Cf268%2Cf255%2Cf256%2Cf257%2Cf258%2Cf127%2Cf199%2Cf128%2Cf198%2Cf259%2Cf260%2Cf261%2Cf171%2Cf277%2Cf278%2Cf279%2Cf288%2Cf152%2Cf250%2Cf251%2Cf252%2Cf253%2Cf254%2Cf269%2Cf270%2Cf271%2Cf272%2Cf273%2Cf274%2Cf275%2Cf276%2Cf265%2Cf266%2Cf289%2Cf290%2Cf286%2Cf285%2Cf292%2Cf293%2Cf294%2Cf295%2Cf43&secid=1.688702 (Caused by ProxyError('Unable to connect to proxy', RemoteDisconnected('Remote end closed connection without response')))
2025-11-23 12:50:52,798 - growth_stock_screener - WARNING - 获取股票 300776 的概念板块信息失败: HTTPSConnectionPool(host='push2.eastmoney.com', port=443): Max retries exceeded with url: /api/qt/stock/get?fltt=2&invt=2&fields=f120%2Cf121%2Cf122%2Cf174%2Cf175%2Cf59%2Cf163%2Cf43%2Cf57%2Cf58%2Cf169%2Cf170%2Cf46%2Cf44%2Cf51%2Cf168%2Cf47%2Cf164%2Cf116%2Cf60%2Cf45%2Cf52%2Cf50%2Cf48%2Cf167%2Cf117%2Cf71%2Cf161%2Cf49%2Cf530%2Cf135%2Cf136%2Cf137%2Cf138%2Cf139%2Cf141%2Cf142%2Cf144%2Cf145%2Cf147%2Cf148%2Cf140%2Cf143%2Cf146%2Cf149%2Cf55%2Cf62%2Cf162%2Cf92%2Cf173%2Cf104%2Cf105%2Cf84%2Cf85%2Cf183%2Cf184%2Cf185%2Cf186%2Cf187%2Cf188%2Cf189%2Cf190%2Cf191%2Cf192%2Cf107%2Cf111%2Cf86%2Cf177%2Cf78%2Cf110%2Cf262%2Cf263%2Cf264%2Cf267%2Cf268%2Cf255%2Cf256%2Cf257%2Cf258%2Cf127%2Cf199%2Cf128%2Cf198%2Cf259%2Cf260%2Cf261%2Cf171%2Cf277%2Cf278%2Cf279%2Cf288%2Cf152%2Cf250%2Cf251%2Cf252%2Cf253%2Cf254%2Cf269%2Cf270%2Cf271%2Cf272%2Cf273%2Cf274%2Cf275%2Cf276%2Cf265%2Cf266%2Cf289%2Cf290%2Cf286%2Cf285%2Cf292%2Cf293%2Cf294%2Cf295%2Cf43&secid=0.300776 (Caused by ProxyError('Unable to connect to proxy', RemoteDisconnected('Remote end closed connection without response')))
2025-11-23 12:50:53,900 - growth_stock_screener - WARNING - 获取股票 688486 的概念板块信息失败: HTTPSConnectionPool(host='push2.eastmoney.com', port=443): Max retries exceeded with url: /api/qt/stock/get?fltt=2&invt=2&fields=f120%2Cf121%2Cf122%2Cf174%2Cf175%2Cf59%2Cf163%2Cf43%2Cf57%2Cf58%2Cf169%2Cf170%2Cf46%2Cf44%2Cf51%2Cf168%2Cf47%2Cf164%2Cf116%2Cf60%2Cf45%2Cf52%2Cf50%2Cf48%2Cf167%2Cf117%2Cf71%2Cf161%2Cf49%2Cf530%2Cf135%2Cf136%2Cf137%2Cf138%2Cf139%2Cf141%2Cf142%2Cf144%2Cf145%2Cf147%2Cf148%2Cf140%2Cf143%2Cf146%2Cf149%2Cf55%2Cf62%2Cf162%2Cf92%2Cf173%2Cf104%2Cf105%2Cf84%2Cf85%2Cf183%2Cf184%2Cf185%2Cf186%2Cf187%2Cf188%2Cf189%2Cf190%2Cf191%2Cf192%2Cf107%2Cf111%2Cf86%2Cf177%2Cf78%2Cf110%2Cf262%2Cf263%2Cf264%2Cf267%2Cf268%2Cf255%2Cf256%2Cf257%2Cf258%2Cf127%2Cf199%2Cf128%2Cf198%2Cf259%2Cf260%2Cf261%2Cf171%2Cf277%2Cf278%2Cf279%2Cf288%2Cf152%2Cf250%2Cf251%2Cf252%2Cf253%2Cf254%2Cf269%2Cf270%2Cf271%2Cf272%2Cf273%2Cf274%2Cf275%2Cf276%2Cf265%2Cf266%2Cf289%2Cf290%2Cf286%2Cf285%2Cf292%2Cf293%2Cf294%2Cf295%2Cf43&secid=1.688486 (Caused by ProxyError('Unable to connect to proxy', RemoteDisconnected('Remote end closed connection without response')))
2025-11-23 12:50:54,847 - growth_stock_screener - WARNING - 获取股票 002497 的概念板块信息失败: HTTPSConnectionPool(host='push2.eastmoney.com', port=443): Max retries exceeded with url: /api/qt/stock/get?fltt=2&invt=2&fields=f120%2Cf121%2Cf122%2Cf174%2Cf175%2Cf59%2Cf163%2Cf43%2Cf57%2Cf58%2Cf169%2Cf170%2Cf46%2Cf44%2Cf51%2Cf168%2Cf47%2Cf164%2Cf116%2Cf60%2Cf45%2Cf52%2Cf50%2Cf48%2Cf167%2Cf117%2Cf71%2Cf161%2Cf49%2Cf530%2Cf135%2Cf136%2Cf137%2Cf138%2Cf139%2Cf141%2Cf142%2Cf144%2Cf145%2Cf147%2Cf148%2Cf140%2Cf143%2Cf146%2Cf149%2Cf55%2Cf62%2Cf162%2Cf92%2Cf173%2Cf104%2Cf105%2Cf84%2Cf85%2Cf183%2Cf184%2Cf185%2Cf186%2Cf187%2Cf188%2Cf189%2Cf190%2Cf191%2Cf192%2Cf107%2Cf111%2Cf86%2Cf177%2Cf78%2Cf110%2Cf262%2Cf263%2Cf264%2Cf267%2Cf268%2Cf255%2Cf256%2Cf257%2Cf258%2Cf127%2Cf199%2Cf128%2Cf198%2Cf259%2Cf260%2Cf261%2Cf171%2Cf277%2Cf278%2Cf279%2Cf288%2Cf152%2Cf250%2Cf251%2Cf252%2Cf253%2Cf254%2Cf269%2Cf270%2Cf271%2Cf272%2Cf273%2Cf274%2Cf275%2Cf276%2Cf265%2Cf266%2Cf289%2Cf290%2Cf286%2Cf285%2Cf292%2Cf293%2Cf294%2Cf295%2Cf43&secid=0.002497 (Caused by ProxyError('Unable to connect to proxy', RemoteDisconnected('Remote end closed connection without response')))
2025-11-23 12:50:56,269 - growth_stock_screener - WARNING - 获取股票 002609 的概念板块信息失败: HTTPSConnectionPool(host='push2.eastmoney.com', port=443): Max retries exceeded with url: /api/qt/stock/get?fltt=2&invt=2&fields=f120%2Cf121%2Cf122%2Cf174%2Cf175%2Cf59%2Cf163%2Cf43%2Cf57%2Cf58%2Cf169%2Cf170%2Cf46%2Cf44%2Cf51%2Cf168%2Cf47%2Cf164%2Cf116%2Cf60%2Cf45%2Cf52%2Cf50%2Cf48%2Cf167%2Cf117%2Cf71%2Cf161%2Cf49%2Cf530%2Cf135%2Cf136%2Cf137%2Cf138%2Cf139%2Cf141%2Cf142%2Cf144%2Cf145%2Cf147%2Cf148%2Cf140%2Cf143%2Cf146%2Cf149%2Cf55%2Cf62%2Cf162%2Cf92%2Cf173%2Cf104%2Cf105%2Cf84%2Cf85%2Cf183%2Cf184%2Cf185%2Cf186%2Cf187%2Cf188%2Cf189%2Cf190%2Cf191%2Cf192%2Cf107%2Cf111%2Cf86%2Cf177%2Cf78%2Cf110%2Cf262%2Cf263%2Cf264%2Cf267%2Cf268%2Cf255%2Cf256%2Cf257%2Cf258%2Cf127%2Cf199%2Cf128%2Cf198%2Cf259%2Cf260%2Cf261%2Cf171%2Cf277%2Cf278%2Cf279%2Cf288%2Cf152%2Cf250%2Cf251%2Cf252%2Cf253%2Cf254%2Cf269%2Cf270%2Cf271%2Cf272%2Cf273%2Cf274%2Cf275%2Cf276%2Cf265%2Cf266%2Cf289%2Cf290%2Cf286%2Cf285%2Cf292%2Cf293%2Cf294%2Cf295%2Cf43&secid=0.002609 (Caused by ProxyError('Unable to connect to proxy', RemoteDisconnected('Remote end closed connection without response')))
2025-11-23 12:50:57,920 - growth_stock_screener - WARNING - 获取股票 600176 的概念板块信息失败: HTTPSConnectionPool(host='push2.eastmoney.com', port=443): Max retries exceeded with url: /api/qt/stock/get?fltt=2&invt=2&fields=f120%2Cf121%2Cf122%2Cf174%2Cf175%2Cf59%2Cf163%2Cf43%2Cf57%2Cf58%2Cf169%2Cf170%2Cf46%2Cf44%2Cf51%2Cf168%2Cf47%2Cf164%2Cf116%2Cf60%2Cf45%2Cf52%2Cf50%2Cf48%2Cf167%2Cf117%2Cf71%2Cf161%2Cf49%2Cf530%2Cf135%2Cf136%2Cf137%2Cf138%2Cf139%2Cf141%2Cf142%2Cf144%2Cf145%2Cf147%2Cf148%2Cf140%2Cf143%2Cf146%2Cf149%2Cf55%2Cf62%2Cf162%2Cf92%2Cf173%2Cf104%2Cf105%2Cf84%2Cf85%2Cf183%2Cf184%2Cf185%2Cf186%2Cf187%2Cf188%2Cf189%2Cf190%2Cf191%2Cf192%2Cf107%2Cf111%2Cf86%2Cf177%2Cf78%2Cf110%2Cf262%2Cf263%2Cf264%2Cf267%2Cf268%2Cf255%2Cf256%2Cf257%2Cf258%2Cf127%2Cf199%2Cf128%2Cf198%2Cf259%2Cf260%2Cf261%2Cf171%2Cf277%2Cf278%2Cf279%2Cf288%2Cf152%2Cf250%2Cf251%2Cf252%2Cf253%2Cf254%2Cf269%2Cf270%2Cf271%2Cf272%2Cf273%2Cf274%2Cf275%2Cf276%2Cf265%2Cf266%2Cf289%2Cf290%2Cf286%2Cf285%2Cf292%2Cf293%2Cf294%2Cf295%2Cf43&secid=1.600176 (Caused by ProxyError('Unable to connect to proxy', RemoteDisconnected('Remote end closed connection without response')))
2025-11-23 12:50:59,455 - growth_stock_screener - WARNING - 获取股票 03993 的概念板块信息失败: HTTPSConnectionPool(host='push2.eastmoney.com', port=443): Max retries exceeded with url: /api/qt/stock/get?fltt=2&invt=2&fields=f120%2Cf121%2Cf122%2Cf174%2Cf175%2Cf59%2Cf163%2Cf43%2Cf57%2Cf58%2Cf169%2Cf170%2Cf46%2Cf44%2Cf51%2Cf168%2Cf47%2Cf164%2Cf116%2Cf60%2Cf45%2Cf52%2Cf50%2Cf48%2Cf167%2Cf117%2Cf71%2Cf161%2Cf49%2Cf530%2Cf135%2Cf136%2Cf137%2Cf138%2Cf139%2Cf141%2Cf142%2Cf144%2Cf145%2Cf147%2Cf148%2Cf140%2Cf143%2Cf146%2Cf149%2Cf55%2Cf62%2Cf162%2Cf92%2Cf173%2Cf104%2Cf105%2Cf84%2Cf85%2Cf183%2Cf184%2Cf185%2Cf186%2Cf187%2Cf188%2Cf189%2Cf190%2Cf191%2Cf192%2Cf107%2Cf111%2Cf86%2Cf177%2Cf78%2Cf110%2Cf262%2Cf263%2Cf264%2Cf267%2Cf268%2Cf255%2Cf256%2Cf257%2Cf258%2Cf127%2Cf199%2Cf128%2Cf198%2Cf259%2Cf260%2Cf261%2Cf171%2Cf277%2Cf278%2Cf279%2Cf288%2Cf152%2Cf250%2Cf251%2Cf252%2Cf253%2Cf254%2Cf269%2Cf270%2Cf271%2Cf272%2Cf273%2Cf274%2Cf275%2Cf276%2Cf265%2Cf266%2Cf289%2Cf290%2Cf286%2Cf285%2Cf292%2Cf293%2Cf294%2Cf295%2Cf43&secid=0.03993 (Caused by ProxyError('Unable to connect to proxy', RemoteDisconnected('Remote end closed connection without response')))
2025-11-23 12:51:00,491 - growth_stock_screener - WARNING - 获取股票 002532 的概念板块信息失败: HTTPSConnectionPool(host='push2.eastmoney.com', port=443): Max retries exceeded with url: /api/qt/stock/get?fltt=2&invt=2&fields=f120%2Cf121%2Cf122%2Cf174%2Cf175%2Cf59%2Cf163%2Cf43%2Cf57%2Cf58%2Cf169%2Cf170%2Cf46%2Cf44%2Cf51%2Cf168%2Cf47%2Cf164%2Cf116%2Cf60%2Cf45%2Cf52%2Cf50%2Cf48%2Cf167%2Cf117%2Cf71%2Cf161%2Cf49%2Cf530%2Cf135%2Cf136%2Cf137%2Cf138%2Cf139%2Cf141%2Cf142%2Cf144%2Cf145%2Cf147%2Cf148%2Cf140%2Cf143%2Cf146%2Cf149%2Cf55%2Cf62%2Cf162%2Cf92%2Cf173%2Cf104%2Cf105%2Cf84%2Cf85%2Cf183%2Cf184%2Cf185%2Cf186%2Cf187%2Cf188%2Cf189%2Cf190%2Cf191%2Cf192%2Cf107%2Cf111%2Cf86%2Cf177%2Cf78%2Cf110%2Cf262%2Cf263%2Cf264%2Cf267%2Cf268%2Cf255%2Cf256%2Cf257%2Cf258%2Cf127%2Cf199%2Cf128%2Cf198%2Cf259%2Cf260%2Cf261%2Cf171%2Cf277%2Cf278%2Cf279%2Cf288%2Cf152%2Cf250%2Cf251%2Cf252%2Cf253%2Cf254%2Cf269%2Cf270%2Cf271%2Cf272%2Cf273%2Cf274%2Cf275%2Cf276%2Cf265%2Cf266%2Cf289%2Cf290%2Cf286%2Cf285%2Cf292%2Cf293%2Cf294%2Cf295%2Cf43&secid=0.002532 (Caused by ProxyError('Unable to connect to proxy', RemoteDisconnected('Remote end closed connection without response')))
2025-11-23 12:51:03,939 - growth_stock_screener - WARNING - 获取股票 00968 的概念板块信息失败: HTTPSConnectionPool(host='push2.eastmoney.com', port=443): Max retries exceeded with url: /api/qt/stock/get?fltt=2&invt=2&fields=f120%2Cf121%2Cf122%2Cf174%2Cf175%2Cf59%2Cf163%2Cf43%2Cf57%2Cf58%2Cf169%2Cf170%2Cf46%2Cf44%2Cf51%2Cf168%2Cf47%2Cf164%2Cf116%2Cf60%2Cf45%2Cf52%2Cf50%2Cf48%2Cf167%2Cf117%2Cf71%2Cf161%2Cf49%2Cf530%2Cf135%2Cf136%2Cf137%2Cf138%2Cf139%2Cf141%2Cf142%2Cf144%2Cf145%2Cf147%2Cf148%2Cf140%2Cf143%2Cf146%2Cf149%2Cf55%2Cf62%2Cf162%2Cf92%2Cf173%2Cf104%2Cf105%2Cf84%2Cf85%2Cf183%2Cf184%2Cf185%2Cf186%2Cf187%2Cf188%2Cf189%2Cf190%2Cf191%2Cf192%2Cf107%2Cf111%2Cf86%2Cf177%2Cf78%2Cf110%2Cf262%2Cf263%2Cf264%2Cf267%2Cf268%2Cf255%2Cf256%2Cf257%2Cf258%2Cf127%2Cf199%2Cf128%2Cf198%2Cf259%2Cf260%2Cf261%2Cf171%2Cf277%2Cf278%2Cf279%2Cf288%2Cf152%2Cf250%2Cf251%2Cf252%2Cf253%2Cf254%2Cf269%2Cf270%2Cf271%2Cf272%2Cf273%2Cf274%2Cf275%2Cf276%2Cf265%2Cf266%2Cf289%2Cf290%2Cf286%2Cf285%2Cf292%2Cf293%2Cf294%2Cf295%2Cf43&secid=0.00968 (Caused by ProxyError('Unable to connect to proxy', RemoteDisconnected('Remote end closed connection without response')))
2025-11-23 12:51:05,521 - growth_stock_screener - WARNING - 获取股票 000682 的概念板块信息失败: HTTPSConnectionPool(host='push2.eastmoney.com', port=443): Max retries exceeded with url: /api/qt/stock/get?fltt=2&invt=2&fields=f120%2Cf121%2Cf122%2Cf174%2Cf175%2Cf59%2Cf163%2Cf43%2Cf57%2Cf58%2Cf169%2Cf170%2Cf46%2Cf44%2Cf51%2Cf168%2Cf47%2Cf164%2Cf116%2Cf60%2Cf45%2Cf52%2Cf50%2Cf48%2Cf167%2Cf117%2Cf71%2Cf161%2Cf49%2Cf530%2Cf135%2Cf136%2Cf137%2Cf138%2Cf139%2Cf141%2Cf142%2Cf144%2Cf145%2Cf147%2Cf148%2Cf140%2Cf143%2Cf146%2Cf149%2Cf55%2Cf62%2Cf162%2Cf92%2Cf173%2Cf104%2Cf105%2Cf84%2Cf85%2Cf183%2Cf184%2Cf185%2Cf186%2Cf187%2Cf188%2Cf189%2Cf190%2Cf191%2Cf192%2Cf107%2Cf111%2Cf86%2Cf177%2Cf78%2Cf110%2Cf262%2Cf263%2Cf264%2Cf267%2Cf268%2Cf255%2Cf256%2Cf257%2Cf258%2Cf127%2Cf199%2Cf128%2Cf198%2Cf259%2Cf260%2Cf261%2Cf171%2Cf277%2Cf278%2Cf279%2Cf288%2Cf152%2Cf250%2Cf251%2Cf252%2Cf253%2Cf254%2Cf269%2Cf270%2Cf271%2Cf272%2Cf273%2Cf274%2Cf275%2Cf276%2Cf265%2Cf266%2Cf289%2Cf290%2Cf286%2Cf285%2Cf292%2Cf293%2Cf294%2Cf295%2Cf43&secid=0.000682 (Caused by ProxyError('Unable to connect to proxy', RemoteDisconnected('Remote end closed connection without response')))
2025-11-23 12:51:07,312 - growth_stock_screener - WARNING - 获取股票 06865 的概念板块信息失败: HTTPSConnectionPool(host='push2.eastmoney.com', port=443): Max retries exceeded with url: /api/qt/stock/get?fltt=2&invt=2&fields=f120%2Cf121%2Cf122%2Cf174%2Cf175%2Cf59%2Cf163%2Cf43%2Cf57%2Cf58%2Cf169%2Cf170%2Cf46%2Cf44%2Cf51%2Cf168%2Cf47%2Cf164%2Cf116%2Cf60%2Cf45%2Cf52%2Cf50%2Cf48%2Cf167%2Cf117%2Cf71%2Cf161%2Cf49%2Cf530%2Cf135%2Cf136%2Cf137%2Cf138%2Cf139%2Cf141%2Cf142%2Cf144%2Cf145%2Cf147%2Cf148%2Cf140%2Cf143%2Cf146%2Cf149%2Cf55%2Cf62%2Cf162%2Cf92%2Cf173%2Cf104%2Cf105%2Cf84%2Cf85%2Cf183%2Cf184%2Cf185%2Cf186%2Cf187%2Cf188%2Cf189%2Cf190%2Cf191%2Cf192%2Cf107%2Cf111%2Cf86%2Cf177%2Cf78%2Cf110%2Cf262%2Cf263%2Cf264%2Cf267%2Cf268%2Cf255%2Cf256%2Cf257%2Cf258%2Cf127%2Cf199%2Cf128%2Cf198%2Cf259%2Cf260%2Cf261%2Cf171%2Cf277%2Cf278%2Cf279%2Cf288%2Cf152%2Cf250%2Cf251%2Cf252%2Cf253%2Cf254%2Cf269%2Cf270%2Cf271%2Cf272%2Cf273%2Cf274%2Cf275%2Cf276%2Cf265%2Cf266%2Cf289%2Cf290%2Cf286%2Cf285%2Cf292%2Cf293%2Cf294%2Cf295%2Cf43&secid=0.06865 (Caused by ProxyError('Unable to connect to proxy', RemoteDisconnected('Remote end closed connection without response')))
2025-11-23 12:51:08,852 - growth_stock_screener - WARNING - 获取股票 688778 的概念板块信息失败: HTTPSConnectionPool(host='push2.eastmoney.com', port=443): Max retries exceeded with url: /api/qt/stock/get?fltt=2&invt=2&fields=f120%2Cf121%2Cf122%2Cf174%2Cf175%2Cf59%2Cf163%2Cf43%2Cf57%2Cf58%2Cf169%2Cf170%2Cf46%2Cf44%2Cf51%2Cf168%2Cf47%2Cf164%2Cf116%2Cf60%2Cf45%2Cf52%2Cf50%2Cf48%2Cf167%2Cf117%2Cf71%2Cf161%2Cf49%2Cf530%2Cf135%2Cf136%2Cf137%2Cf138%2Cf139%2Cf141%2Cf142%2Cf144%2Cf145%2Cf147%2Cf148%2Cf140%2Cf143%2Cf146%2Cf149%2Cf55%2Cf62%2Cf162%2Cf92%2Cf173%2Cf104%2Cf105%2Cf84%2Cf85%2Cf183%2Cf184%2Cf185%2Cf186%2Cf187%2Cf188%2Cf189%2Cf190%2Cf191%2Cf192%2Cf107%2Cf111%2Cf86%2Cf177%2Cf78%2Cf110%2Cf262%2Cf263%2Cf264%2Cf267%2Cf268%2Cf255%2Cf256%2Cf257%2Cf258%2Cf127%2Cf199%2Cf128%2Cf198%2Cf259%2Cf260%2Cf261%2Cf171%2Cf277%2Cf278%2Cf279%2Cf288%2Cf152%2Cf250%2Cf251%2Cf252%2Cf253%2Cf254%2Cf269%2Cf270%2Cf271%2Cf272%2Cf273%2Cf274%2Cf275%2Cf276%2Cf265%2Cf266%2Cf289%2Cf290%2Cf286%2Cf285%2Cf292%2Cf293%2Cf294%2Cf295%2Cf43&secid=1.688778 (Caused by ProxyError('Unable to connect to proxy', RemoteDisconnected('Remote end closed connection without response')))
2025-11-23 12:51:10,982 - growth_stock_screener - WARNING - 获取股票 688717 的概念板块信息失败: HTTPSConnectionPool(host='push2.eastmoney.com', port=443): Max retries exceeded with url: /api/qt/stock/get?fltt=2&invt=2&fields=f120%2Cf121%2Cf122%2Cf174%2Cf175%2Cf59%2Cf163%2Cf43%2Cf57%2Cf58%2Cf169%2Cf170%2Cf46%2Cf44%2Cf51%2Cf168%2Cf47%2Cf164%2Cf116%2Cf60%2Cf45%2Cf52%2Cf50%2Cf48%2Cf167%2Cf117%2Cf71%2Cf161%2Cf49%2Cf530%2Cf135%2Cf136%2Cf137%2Cf138%2Cf139%2Cf141%2Cf142%2Cf144%2Cf145%2Cf147%2Cf148%2Cf140%2Cf143%2Cf146%2Cf149%2Cf55%2Cf62%2Cf162%2Cf92%2Cf173%2Cf104%2Cf105%2Cf84%2Cf85%2Cf183%2Cf184%2Cf185%2Cf186%2Cf187%2Cf188%2Cf189%2Cf190%2Cf191%2Cf192%2Cf107%2Cf111%2Cf86%2Cf177%2Cf78%2Cf110%2Cf262%2Cf263%2Cf264%2Cf267%2Cf268%2Cf255%2Cf256%2Cf257%2Cf258%2Cf127%2Cf199%2Cf128%2Cf198%2Cf259%2Cf260%2Cf261%2Cf171%2Cf277%2Cf278%2Cf279%2Cf288%2Cf152%2Cf250%2Cf251%2Cf252%2Cf253%2Cf254%2Cf269%2Cf270%2Cf271%2Cf272%2Cf273%2Cf274%2Cf275%2Cf276%2Cf265%2Cf266%2Cf289%2Cf290%2Cf286%2Cf285%2Cf292%2Cf293%2Cf294%2Cf295%2Cf43&secid=1.688717 (Caused by ProxyError('Unable to connect to proxy', RemoteDisconnected('Remote end closed connection without response')))
2025-11-23 12:51:11,989 - growth_stock_screener - WARNING - 获取股票 300568 的概念板块信息失败: HTTPSConnectionPool(host='push2.eastmoney.com', port=443): Max retries exceeded with url: /api/qt/stock/get?fltt=2&invt=2&fields=f120%2Cf121%2Cf122%2Cf174%2Cf175%2Cf59%2Cf163%2Cf43%2Cf57%2Cf58%2Cf169%2Cf170%2Cf46%2Cf44%2Cf51%2Cf168%2Cf47%2Cf164%2Cf116%2Cf60%2Cf45%2Cf52%2Cf50%2Cf48%2Cf167%2Cf117%2Cf71%2Cf161%2Cf49%2Cf530%2Cf135%2Cf136%2Cf137%2Cf138%2Cf139%2Cf141%2Cf142%2Cf144%2Cf145%2Cf147%2Cf148%2Cf140%2Cf143%2Cf146%2Cf149%2Cf55%2Cf62%2Cf162%2Cf92%2Cf173%2Cf104%2Cf105%2Cf84%2Cf85%2Cf183%2Cf184%2Cf185%2Cf186%2Cf187%2Cf188%2Cf189%2Cf190%2Cf191%2Cf192%2Cf107%2Cf111%2Cf86%2Cf177%2Cf78%2Cf110%2Cf262%2Cf263%2Cf264%2Cf267%2Cf268%2Cf255%2Cf256%2Cf257%2Cf258%2Cf127%2Cf199%2Cf128%2Cf198%2Cf259%2Cf260%2Cf261%2Cf171%2Cf277%2Cf278%2Cf279%2Cf288%2Cf152%2Cf250%2Cf251%2Cf252%2Cf253%2Cf254%2Cf269%2Cf270%2Cf271%2Cf272%2Cf273%2Cf274%2Cf275%2Cf276%2Cf265%2Cf266%2Cf289%2Cf290%2Cf286%2Cf285%2Cf292%2Cf293%2Cf294%2Cf295%2Cf43&secid=0.300568 (Caused by ProxyError('Unable to connect to proxy', RemoteDisconnected('Remote end closed connection without response')))
2025-11-23 12:51:13,012 - growth_stock_screener - WARNING - 获取股票 00179 的概念板块信息失败: HTTPSConnectionPool(host='push2.eastmoney.com', port=443): Max retries exceeded with url: /api/qt/stock/get?fltt=2&invt=2&fields=f120%2Cf121%2Cf122%2Cf174%2Cf175%2Cf59%2Cf163%2Cf43%2Cf57%2Cf58%2Cf169%2Cf170%2Cf46%2Cf44%2Cf51%2Cf168%2Cf47%2Cf164%2Cf116%2Cf60%2Cf45%2Cf52%2Cf50%2Cf48%2Cf167%2Cf117%2Cf71%2Cf161%2Cf49%2Cf530%2Cf135%2Cf136%2Cf137%2Cf138%2Cf139%2Cf141%2Cf142%2Cf144%2Cf145%2Cf147%2Cf148%2Cf140%2Cf143%2Cf146%2Cf149%2Cf55%2Cf62%2Cf162%2Cf92%2Cf173%2Cf104%2Cf105%2Cf84%2Cf85%2Cf183%2Cf184%2Cf185%2Cf186%2Cf187%2Cf188%2Cf189%2Cf190%2Cf191%2Cf192%2Cf107%2Cf111%2Cf86%2Cf177%2Cf78%2Cf110%2Cf262%2Cf263%2Cf264%2Cf267%2Cf268%2Cf255%2Cf256%2Cf257%2Cf258%2Cf127%2Cf199%2Cf128%2Cf198%2Cf259%2Cf260%2Cf261%2Cf171%2Cf277%2Cf278%2Cf279%2Cf288%2Cf152%2Cf250%2Cf251%2Cf252%2Cf253%2Cf254%2Cf269%2Cf270%2Cf271%2Cf272%2Cf273%2Cf274%2Cf275%2Cf276%2Cf265%2Cf266%2Cf289%2Cf290%2Cf286%2Cf285%2Cf292%2Cf293%2Cf294%2Cf295%2Cf43&secid=0.00179 (Caused by ProxyError('Unable to connect to proxy', RemoteDisconnected('Remote end closed connection without response')))
2025-11-23 12:51:14,058 - growth_stock_screener - WARNING - 获取股票 603129 的概念板块信息失败: HTTPSConnectionPool(host='push2.eastmoney.com', port=443): Max retries exceeded with url: /api/qt/stock/get?fltt=2&invt=2&fields=f120%2Cf121%2Cf122%2Cf174%2Cf175%2Cf59%2Cf163%2Cf43%2Cf57%2Cf58%2Cf169%2Cf170%2Cf46%2Cf44%2Cf51%2Cf168%2Cf47%2Cf164%2Cf116%2Cf60%2Cf45%2Cf52%2Cf50%2Cf48%2Cf167%2Cf117%2Cf71%2Cf161%2Cf49%2Cf530%2Cf135%2Cf136%2Cf137%2Cf138%2Cf139%2Cf141%2Cf142%2Cf144%2Cf145%2Cf147%2Cf148%2Cf140%2Cf143%2Cf146%2Cf149%2Cf55%2Cf62%2Cf162%2Cf92%2Cf173%2Cf104%2Cf105%2Cf84%2Cf85%2Cf183%2Cf184%2Cf185%2Cf186%2Cf187%2Cf188%2Cf189%2Cf190%2Cf191%2Cf192%2Cf107%2Cf111%2Cf86%2Cf177%2Cf78%2Cf110%2Cf262%2Cf263%2Cf264%2Cf267%2Cf268%2Cf255%2Cf256%2Cf257%2Cf258%2Cf127%2Cf199%2Cf128%2Cf198%2Cf259%2Cf260%2Cf261%2Cf171%2Cf277%2Cf278%2Cf279%2Cf288%2Cf152%2Cf250%2Cf251%2Cf252%2Cf253%2Cf254%2Cf269%2Cf270%2Cf271%2Cf272%2Cf273%2Cf274%2Cf275%2Cf276%2Cf265%2Cf266%2Cf289%2Cf290%2Cf286%2Cf285%2Cf292%2Cf293%2Cf294%2Cf295%2Cf43&secid=1.603129 (Caused by ProxyError('Unable to connect to proxy', RemoteDisconnected('Remote end closed connection without response')))
2025-11-23 12:51:14,062 - growth_stock_screener - INFO - 筛选出 6 只成长板块股票
2025-11-23 12:51:15,507 - growth_stock_screener - WARNING - 获取股票 300502 的行业信息失败: HTTPSConnectionPool(host='push2.eastmoney.com', port=443): Max retries exceeded with url: /api/qt/stock/get?fltt=2&invt=2&fields=f120%2Cf121%2Cf122%2Cf174%2Cf175%2Cf59%2Cf163%2Cf43%2Cf57%2Cf58%2Cf169%2Cf170%2Cf46%2Cf44%2Cf51%2Cf168%2Cf47%2Cf164%2Cf116%2Cf60%2Cf45%2Cf52%2Cf50%2Cf48%2Cf167%2Cf117%2Cf71%2Cf161%2Cf49%2Cf530%2Cf135%2Cf136%2Cf137%2Cf138%2Cf139%2Cf141%2Cf142%2Cf144%2Cf145%2Cf147%2Cf148%2Cf140%2Cf143%2Cf146%2Cf149%2Cf55%2Cf62%2Cf162%2Cf92%2Cf173%2Cf104%2Cf105%2Cf84%2Cf85%2Cf183%2Cf184%2Cf185%2Cf186%2Cf187%2Cf188%2Cf189%2Cf190%2Cf191%2Cf192%2Cf107%2Cf111%2Cf86%2Cf177%2Cf78%2Cf110%2Cf262%2Cf263%2Cf264%2Cf267%2Cf268%2Cf255%2Cf256%2Cf257%2Cf258%2Cf127%2Cf199%2Cf128%2Cf198%2Cf259%2Cf260%2Cf261%2Cf171%2Cf277%2Cf278%2Cf279%2Cf288%2Cf152%2Cf250%2Cf251%2Cf252%2Cf253%2Cf254%2Cf269%2Cf270%2Cf271%2Cf272%2Cf273%2Cf274%2Cf275%2Cf276%2Cf265%2Cf266%2Cf289%2Cf290%2Cf286%2Cf285%2Cf292%2Cf293%2Cf294%2Cf295%2Cf43&secid=0.300502 (Caused by ProxyError('Unable to connect to proxy', RemoteDisconnected('Remote end closed connection without response')))
2025-11-23 12:51:16,568 - growth_stock_screener - WARNING - 获取股票 300308 的行业信息失败: HTTPSConnectionPool(host='push2.eastmoney.com', port=443): Max retries exceeded with url: /api/qt/stock/get?fltt=2&invt=2&fields=f120%2Cf121%2Cf122%2Cf174%2Cf175%2Cf59%2Cf163%2Cf43%2Cf57%2Cf58%2Cf169%2Cf170%2Cf46%2Cf44%2Cf51%2Cf168%2Cf47%2Cf164%2Cf116%2Cf60%2Cf45%2Cf52%2Cf50%2Cf48%2Cf167%2Cf117%2Cf71%2Cf161%2Cf49%2Cf530%2Cf135%2Cf136%2Cf137%2Cf138%2Cf139%2Cf141%2Cf142%2Cf144%2Cf145%2Cf147%2Cf148%2Cf140%2Cf143%2Cf146%2Cf149%2Cf55%2Cf62%2Cf162%2Cf92%2Cf173%2Cf104%2Cf105%2Cf84%2Cf85%2Cf183%2Cf184%2Cf185%2Cf186%2Cf187%2Cf188%2Cf189%2Cf190%2Cf191%2Cf192%2Cf107%2Cf111%2Cf86%2Cf177%2Cf78%2Cf110%2Cf262%2Cf263%2Cf264%2Cf267%2Cf268%2Cf255%2Cf256%2Cf257%2Cf258%2Cf127%2Cf199%2Cf128%2Cf198%2Cf259%2Cf260%2Cf261%2Cf171%2Cf277%2Cf278%2Cf279%2Cf288%2Cf152%2Cf250%2Cf251%2Cf252%2Cf253%2Cf254%2Cf269%2Cf270%2Cf271%2Cf272%2Cf273%2Cf274%2Cf275%2Cf276%2Cf265%2Cf266%2Cf289%2Cf290%2Cf286%2Cf285%2Cf292%2Cf293%2Cf294%2Cf295%2Cf43&secid=0.300308 (Caused by ProxyError('Unable to connect to proxy', RemoteDisconnected('Remote end closed connection without response')))
2025-11-23 12:51:18,373 - growth_stock_screener - WARNING - 获取股票 300750 的行业信息失败: HTTPSConnectionPool(host='push2.eastmoney.com', port=443): Max retries exceeded with url: /api/qt/stock/get?fltt=2&invt=2&fields=f120%2Cf121%2Cf122%2Cf174%2Cf175%2Cf59%2Cf163%2Cf43%2Cf57%2Cf58%2Cf169%2Cf170%2Cf46%2Cf44%2Cf51%2Cf168%2Cf47%2Cf164%2Cf116%2Cf60%2Cf45%2Cf52%2Cf50%2Cf48%2Cf167%2Cf117%2Cf71%2Cf161%2Cf49%2Cf530%2Cf135%2Cf136%2Cf137%2Cf138%2Cf139%2Cf141%2Cf142%2Cf144%2Cf145%2Cf147%2Cf148%2Cf140%2Cf143%2Cf146%2Cf149%2Cf55%2Cf62%2Cf162%2Cf92%2Cf173%2Cf104%2Cf105%2Cf84%2Cf85%2Cf183%2Cf184%2Cf185%2Cf186%2Cf187%2Cf188%2Cf189%2Cf190%2Cf191%2Cf192%2Cf107%2Cf111%2Cf86%2Cf177%2Cf78%2Cf110%2Cf262%2Cf263%2Cf264%2Cf267%2Cf268%2Cf255%2Cf256%2Cf257%2Cf258%2Cf127%2Cf199%2Cf128%2Cf198%2Cf259%2Cf260%2Cf261%2Cf171%2Cf277%2Cf278%2Cf279%2Cf288%2Cf152%2Cf250%2Cf251%2Cf252%2Cf253%2Cf254%2Cf269%2Cf270%2Cf271%2Cf272%2Cf273%2Cf274%2Cf275%2Cf276%2Cf265%2Cf266%2Cf289%2Cf290%2Cf286%2Cf285%2Cf292%2Cf293%2Cf294%2Cf295%2Cf43&secid=0.300750 (Caused by ProxyError('Unable to connect to proxy', RemoteDisconnected('Remote end closed connection without response')))
2025-11-23 12:51:20,080 - growth_stock_screener - WARNING - 获取股票 300394 的行业信息失败: HTTPSConnectionPool(host='push2.eastmoney.com', port=443): Max retries exceeded with url: /api/qt/stock/get?fltt=2&invt=2&fields=f120%2Cf121%2Cf122%2Cf174%2Cf175%2Cf59%2Cf163%2Cf43%2Cf57%2Cf58%2Cf169%2Cf170%2Cf46%2Cf44%2Cf51%2Cf168%2Cf47%2Cf164%2Cf116%2Cf60%2Cf45%2Cf52%2Cf50%2Cf48%2Cf167%2Cf117%2Cf71%2Cf161%2Cf49%2Cf530%2Cf135%2Cf136%2Cf137%2Cf138%2Cf139%2Cf141%2Cf142%2Cf144%2Cf145%2Cf147%2Cf148%2Cf140%2Cf143%2Cf146%2Cf149%2Cf55%2Cf62%2Cf162%2Cf92%2Cf173%2Cf104%2Cf105%2Cf84%2Cf85%2Cf183%2Cf184%2Cf185%2Cf186%2Cf187%2Cf188%2Cf189%2Cf190%2Cf191%2Cf192%2Cf107%2Cf111%2Cf86%2Cf177%2Cf78%2Cf110%2Cf262%2Cf263%2Cf264%2Cf267%2Cf268%2Cf255%2Cf256%2Cf257%2Cf258%2Cf127%2Cf199%2Cf128%2Cf198%2Cf259%2Cf260%2Cf261%2Cf171%2Cf277%2Cf278%2Cf279%2Cf288%2Cf152%2Cf250%2Cf251%2Cf252%2Cf253%2Cf254%2Cf269%2Cf270%2Cf271%2Cf272%2Cf273%2Cf274%2Cf275%2Cf276%2Cf265%2Cf266%2Cf289%2Cf290%2Cf286%2Cf285%2Cf292%2Cf293%2Cf294%2Cf295%2Cf43&secid=0.300394 (Caused by ProxyError('Unable to connect to proxy', RemoteDisconnected('Remote end closed connection without response')))
2025-11-23 12:51:21,679 - growth_stock_screener - WARNING - 获取股票 600536 的行业信息失败: HTTPSConnectionPool(host='push2.eastmoney.com', port=443): Max retries exceeded with url: /api/qt/stock/get?fltt=2&invt=2&fields=f120%2Cf121%2Cf122%2Cf174%2Cf175%2Cf59%2Cf163%2Cf43%2Cf57%2Cf58%2Cf169%2Cf170%2Cf46%2Cf44%2Cf51%2Cf168%2Cf47%2Cf164%2Cf116%2Cf60%2Cf45%2Cf52%2Cf50%2Cf48%2Cf167%2Cf117%2Cf71%2Cf161%2Cf49%2Cf530%2Cf135%2Cf136%2Cf137%2Cf138%2Cf139%2Cf141%2Cf142%2Cf144%2Cf145%2Cf147%2Cf148%2Cf140%2Cf143%2Cf146%2Cf149%2Cf55%2Cf62%2Cf162%2Cf92%2Cf173%2Cf104%2Cf105%2Cf84%2Cf85%2Cf183%2Cf184%2Cf185%2Cf186%2Cf187%2Cf188%2Cf189%2Cf190%2Cf191%2Cf192%2Cf107%2Cf111%2Cf86%2Cf177%2Cf78%2Cf110%2Cf262%2Cf263%2Cf264%2Cf267%2Cf268%2Cf255%2Cf256%2Cf257%2Cf258%2Cf127%2Cf199%2Cf128%2Cf198%2Cf259%2Cf260%2Cf261%2Cf171%2Cf277%2Cf278%2Cf279%2Cf288%2Cf152%2Cf250%2Cf251%2Cf252%2Cf253%2Cf254%2Cf269%2Cf270%2Cf271%2Cf272%2Cf273%2Cf274%2Cf275%2Cf276%2Cf265%2Cf266%2Cf289%2Cf290%2Cf286%2Cf285%2Cf292%2Cf293%2Cf294%2Cf295%2Cf43&secid=1.600536 (Caused by ProxyError('Unable to connect to proxy', RemoteDisconnected('Remote end closed connection without response')))
2025-11-23 12:51:23,201 - growth_stock_screener - WARNING - 获取股票 688702 的行业信息失败: HTTPSConnectionPool(host='push2.eastmoney.com', port=443): Max retries exceeded with url: /api/qt/stock/get?fltt=2&invt=2&fields=f120%2Cf121%2Cf122%2Cf174%2Cf175%2Cf59%2Cf163%2Cf43%2Cf57%2Cf58%2Cf169%2Cf170%2Cf46%2Cf44%2Cf51%2Cf168%2Cf47%2Cf164%2Cf116%2Cf60%2Cf45%2Cf52%2Cf50%2Cf48%2Cf167%2Cf117%2Cf71%2Cf161%2Cf49%2Cf530%2Cf135%2Cf136%2Cf137%2Cf138%2Cf139%2Cf141%2Cf142%2Cf144%2Cf145%2Cf147%2Cf148%2Cf140%2Cf143%2Cf146%2Cf149%2Cf55%2Cf62%2Cf162%2Cf92%2Cf173%2Cf104%2Cf105%2Cf84%2Cf85%2Cf183%2Cf184%2Cf185%2Cf186%2Cf187%2Cf188%2Cf189%2Cf190%2Cf191%2Cf192%2Cf107%2Cf111%2Cf86%2Cf177%2Cf78%2Cf110%2Cf262%2Cf263%2Cf264%2Cf267%2Cf268%2Cf255%2Cf256%2Cf257%2Cf258%2Cf127%2Cf199%2Cf128%2Cf198%2Cf259%2Cf260%2Cf261%2Cf171%2Cf277%2Cf278%2Cf279%2Cf288%2Cf152%2Cf250%2Cf251%2Cf252%2Cf253%2Cf254%2Cf269%2Cf270%2Cf271%2Cf272%2Cf273%2Cf274%2Cf275%2Cf276%2Cf265%2Cf266%2Cf289%2Cf290%2Cf286%2Cf285%2Cf292%2Cf293%2Cf294%2Cf295%2Cf43&secid=1.688702 (Caused by ProxyError('Unable to connect to proxy', RemoteDisconnected('Remote end closed connection without response')))
