2025-11-21 19:17:59,256 - growth_stock_screener - INFO - 从文件 growth_stock.txt 读取了 44 个基金代码
2025-11-21 19:17:59,258 - growth_stock_screener - INFO - 开始分析 44 只基金的共同增仓股票...
2025-11-21 19:18:02,343 - fund_data_fetcher - INFO - 正在获取基金 022364 在 2025 年的持仓数据...
2025-11-21 19:18:03,389 - fund_data_fetcher - INFO - 成功获取基金 022364 的持仓数据，共 43 条记录
2025-11-21 19:18:03,390 - fund_holdings_analyzer - INFO - 自动使用最新季度: 2025-09-30 -> 2025-12-31
2025-11-21 19:18:03,390 - fund_holdings_analyzer - INFO - 开始分析 44 只基金的共同增仓股票...
2025-11-21 19:18:03,391 - fund_holdings_analyzer - INFO - 报告期: 2025 -> 2025
2025-11-21 19:18:03,391 - fund_holdings_analyzer - INFO - 正在分析基金 022364 的增仓股票...
2025-11-21 19:18:10,528 - fund_data_fetcher - INFO - 获取基金 022364 在 2025 年的持仓数据，共 43 条记录
2025-11-21 19:18:10,529 - fund_data_fetcher - INFO - 正在获取基金 022364 在 2025 年的持仓数据...
2025-11-21 19:18:11,642 - fund_data_fetcher - INFO - 成功获取基金 022364 的持仓数据，共 43 条记录
2025-11-21 19:18:11,716 - fund_holdings_analyzer - INFO - 基金 022364 共有 8 只增仓股票
2025-11-21 19:18:11,717 - fund_holdings_analyzer - INFO - 正在分析基金 011815 的增仓股票...
2025-11-21 19:18:23,682 - fund_data_fetcher - INFO - 获取基金 011815 在 2025 年的持仓数据，共 240 条记录
2025-11-21 19:18:23,683 - fund_data_fetcher - INFO - 正在获取基金 011815 在 2025 年的持仓数据...
2025-11-21 19:18:25,038 - fund_data_fetcher - INFO - 成功获取基金 011815 的持仓数据，共 240 条记录
2025-11-21 19:18:25,079 - fund_holdings_analyzer - INFO - 基金 011815 共有 11 只增仓股票
2025-11-21 19:18:25,079 - fund_holdings_analyzer - INFO - 正在分析基金 016243 的增仓股票...
2025-11-21 19:18:33,037 - fund_data_fetcher - INFO - 获取基金 016243 在 2025 年的持仓数据，共 64 条记录
2025-11-21 19:18:33,038 - fund_data_fetcher - INFO - 正在获取基金 016243 在 2025 年的持仓数据...
2025-11-21 19:18:34,195 - fund_data_fetcher - INFO - 成功获取基金 016243 的持仓数据，共 64 条记录
2025-11-21 19:18:34,241 - fund_holdings_analyzer - INFO - 基金 016243 共有 6 只增仓股票
2025-11-21 19:18:34,242 - fund_holdings_analyzer - INFO - 正在分析基金 016244 的增仓股票...
2025-11-21 19:18:48,149 - fund_data_fetcher - INFO - 获取基金 016244 在 2025 年的持仓数据，共 63 条记录
2025-11-21 19:18:48,232 - fund_data_fetcher - INFO - 正在获取基金 016244 在 2025 年的持仓数据...
2025-11-21 19:18:51,489 - fund_data_fetcher - INFO - 成功获取基金 016244 的持仓数据，共 63 条记录
2025-11-21 19:18:51,613 - fund_holdings_analyzer - INFO - 基金 016244 共有 6 只增仓股票
2025-11-21 19:18:51,613 - fund_holdings_analyzer - INFO - 正在分析基金 016371 的增仓股票...
2025-11-21 19:19:01,632 - fund_data_fetcher - INFO - 获取基金 016371 在 2025 年的持仓数据，共 38 条记录
2025-11-21 19:19:01,633 - fund_data_fetcher - INFO - 正在获取基金 016371 在 2025 年的持仓数据...
2025-11-21 19:19:03,242 - fund_data_fetcher - INFO - 成功获取基金 016371 的持仓数据，共 38 条记录
2025-11-21 19:19:03,303 - fund_holdings_analyzer - INFO - 基金 016371 共有 20 只增仓股票
2025-11-21 19:19:03,304 - fund_holdings_analyzer - INFO - 正在分析基金 018993 的增仓股票...
2025-11-21 19:19:11,432 - fund_data_fetcher - INFO - 获取基金 018993 在 2025 年的持仓数据，共 52 条记录
2025-11-21 19:19:11,432 - fund_data_fetcher - INFO - 正在获取基金 018993 在 2025 年的持仓数据...
2025-11-21 19:19:12,770 - fund_data_fetcher - INFO - 成功获取基金 018993 的持仓数据，共 52 条记录
2025-11-21 19:19:12,795 - fund_holdings_analyzer - INFO - 基金 018993 共有 18 只增仓股票
2025-11-21 19:19:12,795 - fund_holdings_analyzer - INFO - 正在分析基金 018956 的增仓股票...
2025-11-21 19:19:22,815 - fund_data_fetcher - INFO - 获取基金 018956 在 2025 年的持仓数据，共 82 条记录
2025-11-21 19:19:22,816 - fund_data_fetcher - INFO - 正在获取基金 018956 在 2025 年的持仓数据...
2025-11-21 19:19:24,104 - fund_data_fetcher - INFO - 成功获取基金 018956 的持仓数据，共 82 条记录
2025-11-21 19:19:24,135 - fund_holdings_analyzer - INFO - 基金 018956 共有 21 只增仓股票
2025-11-21 19:19:24,136 - fund_holdings_analyzer - INFO - 正在分析基金 018994 的增仓股票...
2025-11-21 19:19:32,198 - fund_data_fetcher - INFO - 获取基金 018994 在 2025 年的持仓数据，共 48 条记录
2025-11-21 19:19:32,201 - fund_data_fetcher - INFO - 正在获取基金 018994 在 2025 年的持仓数据...
2025-11-21 19:19:33,524 - fund_data_fetcher - INFO - 成功获取基金 018994 的持仓数据，共 48 条记录
2025-11-21 19:19:33,554 - fund_holdings_analyzer - INFO - 基金 018994 共有 16 只增仓股票
2025-11-21 19:19:33,554 - fund_holdings_analyzer - INFO - 正在分析基金 018957 的增仓股票...
2025-11-21 19:19:41,059 - fund_data_fetcher - INFO - 获取基金 018957 在 2025 年的持仓数据，共 76 条记录
2025-11-21 19:19:41,059 - fund_data_fetcher - INFO - 正在获取基金 018957 在 2025 年的持仓数据...
2025-11-21 19:19:42,241 - fund_data_fetcher - INFO - 成功获取基金 018957 的持仓数据，共 76 条记录
2025-11-21 19:19:42,278 - fund_holdings_analyzer - INFO - 基金 018957 共有 19 只增仓股票
2025-11-21 19:19:42,278 - fund_holdings_analyzer - INFO - 正在分析基金 519770 的增仓股票...
2025-11-21 19:19:51,307 - fund_data_fetcher - INFO - 获取基金 519770 在 2025 年的持仓数据，共 73 条记录
2025-11-21 19:19:51,308 - fund_data_fetcher - INFO - 正在获取基金 519770 在 2025 年的持仓数据...
2025-11-21 19:19:52,417 - fund_data_fetcher - INFO - 成功获取基金 519770 的持仓数据，共 73 条记录
2025-11-21 19:19:52,448 - fund_holdings_analyzer - INFO - 基金 519770 共有 13 只增仓股票
2025-11-21 19:19:52,450 - fund_holdings_analyzer - INFO - 正在分析基金 014938 的增仓股票...
2025-11-21 19:20:00,285 - fund_data_fetcher - INFO - 获取基金 014938 在 2025 年的持仓数据，共 40 条记录
2025-11-21 19:20:00,285 - fund_data_fetcher - INFO - 正在获取基金 014938 在 2025 年的持仓数据...
2025-11-21 19:20:01,441 - fund_data_fetcher - INFO - 成功获取基金 014938 的持仓数据，共 40 条记录
2025-11-21 19:20:01,472 - fund_holdings_analyzer - INFO - 基金 014938 共有 5 只增仓股票
2025-11-21 19:20:01,472 - fund_holdings_analyzer - INFO - 正在分析基金 001753 的增仓股票...
2025-11-21 19:20:10,503 - fund_data_fetcher - INFO - 获取基金 001753 在 2025 年的持仓数据，共 52 条记录
2025-11-21 19:20:10,503 - fund_data_fetcher - INFO - 正在获取基金 001753 在 2025 年的持仓数据...
2025-11-21 19:20:12,172 - fund_data_fetcher - INFO - 成功获取基金 001753 的持仓数据，共 52 条记录
2025-11-21 19:20:12,269 - fund_holdings_analyzer - INFO - 基金 001753 共有 7 只增仓股票
2025-11-21 19:20:12,286 - fund_holdings_analyzer - INFO - 正在分析基金 001412 的增仓股票...
2025-11-21 19:20:24,613 - fund_data_fetcher - INFO - 获取基金 001412 在 2025 年的持仓数据，共 44 条记录
2025-11-21 19:20:24,614 - fund_data_fetcher - INFO - 正在获取基金 001412 在 2025 年的持仓数据...
2025-11-21 19:20:25,783 - fund_data_fetcher - INFO - 成功获取基金 001412 的持仓数据，共 44 条记录
2025-11-21 19:20:25,818 - fund_holdings_analyzer - INFO - 基金 001412 共有 17 只增仓股票
2025-11-21 19:20:25,818 - fund_holdings_analyzer - INFO - 正在分析基金 002112 的增仓股票...
2025-11-21 19:20:34,461 - fund_data_fetcher - INFO - 获取基金 002112 在 2025 年的持仓数据，共 39 条记录
2025-11-21 19:20:34,461 - fund_data_fetcher - INFO - 正在获取基金 002112 在 2025 年的持仓数据...
2025-11-21 19:20:35,609 - fund_data_fetcher - INFO - 成功获取基金 002112 的持仓数据，共 39 条记录
2025-11-21 19:20:35,644 - fund_holdings_analyzer - INFO - 基金 002112 共有 16 只增仓股票
2025-11-21 19:20:35,645 - fund_holdings_analyzer - INFO - 正在分析基金 005550 的增仓股票...
2025-11-21 19:20:44,025 - fund_data_fetcher - INFO - 获取基金 005550 在 2025 年的持仓数据，共 42 条记录
2025-11-21 19:20:44,025 - fund_data_fetcher - INFO - 正在获取基金 005550 在 2025 年的持仓数据...
2025-11-21 19:20:45,073 - fund_data_fetcher - INFO - 成功获取基金 005550 的持仓数据，共 42 条记录
2025-11-21 19:20:45,116 - fund_holdings_analyzer - INFO - 基金 005550 共有 16 只增仓股票
2025-11-21 19:20:45,117 - fund_holdings_analyzer - INFO - 正在分析基金 008988 的增仓股票...
2025-11-21 19:20:54,591 - fund_data_fetcher - INFO - 获取基金 008988 在 2025 年的持仓数据，共 57 条记录
2025-11-21 19:20:54,591 - fund_data_fetcher - INFO - 正在获取基金 008988 在 2025 年的持仓数据...
2025-11-21 19:20:55,588 - fund_data_fetcher - INFO - 成功获取基金 008988 的持仓数据，共 57 条记录
2025-11-21 19:20:55,619 - fund_holdings_analyzer - INFO - 基金 008988 共有 11 只增仓股票
2025-11-21 19:20:55,620 - fund_holdings_analyzer - INFO - 正在分析基金 005551 的增仓股票...
2025-11-21 19:21:03,085 - fund_data_fetcher - INFO - 获取基金 005551 在 2025 年的持仓数据，共 42 条记录
2025-11-21 19:21:03,085 - fund_data_fetcher - INFO - 正在获取基金 005551 在 2025 年的持仓数据...
2025-11-21 19:21:04,107 - fund_data_fetcher - INFO - 成功获取基金 005551 的持仓数据，共 42 条记录
2025-11-21 19:21:04,140 - fund_holdings_analyzer - INFO - 基金 005551 共有 16 只增仓股票
2025-11-21 19:21:04,141 - fund_holdings_analyzer - INFO - 正在分析基金 001194 的增仓股票...
2025-11-21 19:21:11,634 - fund_data_fetcher - INFO - 获取基金 001194 在 2025 年的持仓数据，共 80 条记录
2025-11-21 19:21:11,635 - fund_data_fetcher - INFO - 正在获取基金 001194 在 2025 年的持仓数据...
2025-11-21 19:21:12,954 - fund_data_fetcher - INFO - 成功获取基金 001194 的持仓数据，共 80 条记录
2025-11-21 19:21:12,987 - fund_holdings_analyzer - INFO - 基金 001194 共有 10 只增仓股票
2025-11-21 19:21:12,987 - fund_holdings_analyzer - INFO - 正在分析基金 010415 的增仓股票...
2025-11-21 19:21:21,212 - fund_data_fetcher - INFO - 获取基金 010415 在 2025 年的持仓数据，共 67 条记录
2025-11-21 19:21:21,213 - fund_data_fetcher - INFO - 正在获取基金 010415 在 2025 年的持仓数据...
2025-11-21 19:21:22,381 - fund_data_fetcher - INFO - 成功获取基金 010415 的持仓数据，共 67 条记录
2025-11-21 19:21:22,405 - fund_holdings_analyzer - INFO - 基金 010415 共有 18 只增仓股票
2025-11-21 19:21:22,406 - fund_holdings_analyzer - INFO - 正在分析基金 001407 的增仓股票...
2025-11-21 19:21:30,570 - fund_data_fetcher - INFO - 获取基金 001407 在 2025 年的持仓数据，共 74 条记录
2025-11-21 19:21:30,570 - fund_data_fetcher - INFO - 正在获取基金 001407 在 2025 年的持仓数据...
2025-11-21 19:21:31,677 - fund_data_fetcher - INFO - 成功获取基金 001407 的持仓数据，共 74 条记录
2025-11-21 19:21:31,717 - fund_holdings_analyzer - INFO - 基金 001407 共有 10 只增仓股票
2025-11-21 19:21:31,718 - fund_holdings_analyzer - INFO - 正在分析基金 010416 的增仓股票...
2025-11-21 19:21:39,816 - fund_data_fetcher - INFO - 获取基金 010416 在 2025 年的持仓数据，共 67 条记录
2025-11-21 19:21:39,817 - fund_data_fetcher - INFO - 正在获取基金 010416 在 2025 年的持仓数据...
2025-11-21 19:21:40,877 - fund_data_fetcher - INFO - 成功获取基金 010416 的持仓数据，共 67 条记录
2025-11-21 19:21:40,916 - fund_holdings_analyzer - INFO - 基金 010416 共有 18 只增仓股票
2025-11-21 19:21:40,916 - fund_holdings_analyzer - INFO - 正在分析基金 019829 的增仓股票...
2025-11-21 19:21:48,250 - fund_data_fetcher - INFO - 获取基金 019829 在 2025 年的持仓数据，共 47 条记录
2025-11-21 19:21:48,250 - fund_data_fetcher - INFO - 正在获取基金 019829 在 2025 年的持仓数据...
2025-11-21 19:21:49,408 - fund_data_fetcher - INFO - 成功获取基金 019829 的持仓数据，共 47 条记录
2025-11-21 19:21:49,446 - fund_holdings_analyzer - INFO - 基金 019829 共有 15 只增仓股票
2025-11-21 19:21:49,446 - fund_holdings_analyzer - INFO - 正在分析基金 006533 的增仓股票...
2025-11-21 19:21:58,346 - fund_data_fetcher - INFO - 获取基金 006533 在 2025 年的持仓数据，共 119 条记录
2025-11-21 19:21:58,347 - fund_data_fetcher - INFO - 正在获取基金 006533 在 2025 年的持仓数据...
2025-11-21 19:21:59,601 - fund_data_fetcher - INFO - 成功获取基金 006533 的持仓数据，共 119 条记录
2025-11-21 19:21:59,650 - fund_holdings_analyzer - INFO - 基金 006533 共有 17 只增仓股票
2025-11-21 19:21:59,651 - fund_holdings_analyzer - INFO - 正在分析基金 019830 的增仓股票...
2025-11-21 19:22:06,955 - fund_data_fetcher - INFO - 获取基金 019830 在 2025 年的持仓数据，共 47 条记录
2025-11-21 19:22:06,956 - fund_data_fetcher - INFO - 正在获取基金 019830 在 2025 年的持仓数据...
2025-11-21 19:22:07,994 - fund_data_fetcher - INFO - 成功获取基金 019830 的持仓数据，共 47 条记录
2025-11-21 19:22:08,024 - fund_holdings_analyzer - INFO - 基金 019830 共有 15 只增仓股票
2025-11-21 19:22:08,025 - fund_holdings_analyzer - INFO - 正在分析基金 002692 的增仓股票...
2025-11-21 19:22:16,966 - fund_data_fetcher - INFO - 获取基金 002692 在 2025 年的持仓数据，共 98 条记录
2025-11-21 19:22:16,967 - fund_data_fetcher - INFO - 正在获取基金 002692 在 2025 年的持仓数据...
2025-11-21 19:22:18,100 - fund_data_fetcher - INFO - 成功获取基金 002692 的持仓数据，共 98 条记录
2025-11-21 19:22:18,136 - fund_holdings_analyzer - INFO - 基金 002692 共有 18 只增仓股票
2025-11-21 19:22:18,137 - fund_holdings_analyzer - INFO - 正在分析基金 011369 的增仓股票...
2025-11-21 19:22:27,039 - fund_data_fetcher - INFO - 获取基金 011369 在 2025 年的持仓数据，共 51 条记录
2025-11-21 19:22:27,040 - fund_data_fetcher - INFO - 正在获取基金 011369 在 2025 年的持仓数据...
2025-11-21 19:22:28,178 - fund_data_fetcher - INFO - 成功获取基金 011369 的持仓数据，共 51 条记录
2025-11-21 19:22:28,221 - fund_holdings_analyzer - INFO - 基金 011369 共有 14 只增仓股票
2025-11-21 19:22:28,221 - fund_holdings_analyzer - INFO - 正在分析基金 020755 的增仓股票...
2025-11-21 19:22:35,013 - fund_data_fetcher - INFO - 获取基金 020755 在 2025 年的持仓数据，共 42 条记录
2025-11-21 19:22:35,014 - fund_data_fetcher - INFO - 正在获取基金 020755 在 2025 年的持仓数据...
2025-11-21 19:22:35,922 - fund_data_fetcher - INFO - 成功获取基金 020755 的持仓数据，共 42 条记录
2025-11-21 19:22:35,951 - fund_holdings_analyzer - INFO - 基金 020755 共有 11 只增仓股票
2025-11-21 19:22:35,952 - fund_holdings_analyzer - INFO - 正在分析基金 014727 的增仓股票...
2025-11-21 19:22:44,551 - fund_data_fetcher - INFO - 获取基金 014727 在 2025 年的持仓数据，共 115 条记录
2025-11-21 19:22:44,551 - fund_data_fetcher - INFO - 正在获取基金 014727 在 2025 年的持仓数据...
2025-11-21 19:22:45,783 - fund_data_fetcher - INFO - 成功获取基金 014727 的持仓数据，共 115 条记录
2025-11-21 19:22:45,831 - fund_holdings_analyzer - INFO - 基金 014727 共有 14 只增仓股票
2025-11-21 19:22:45,832 - fund_holdings_analyzer - INFO - 正在分析基金 001513 的增仓股票...
2025-11-21 19:22:55,687 - fund_data_fetcher - INFO - 获取基金 001513 在 2025 年的持仓数据，共 168 条记录
2025-11-21 19:22:55,688 - fund_data_fetcher - INFO - 正在获取基金 001513 在 2025 年的持仓数据...
2025-11-21 19:22:57,106 - fund_data_fetcher - INFO - 成功获取基金 001513 的持仓数据，共 168 条记录
2025-11-21 19:22:57,146 - fund_holdings_analyzer - INFO - 基金 001513 共有 21 只增仓股票
2025-11-21 19:22:57,147 - fund_holdings_analyzer - INFO - 正在分析基金 011370 的增仓股票...
2025-11-21 19:23:05,838 - fund_data_fetcher - INFO - 获取基金 011370 在 2025 年的持仓数据，共 51 条记录
2025-11-21 19:23:05,839 - fund_data_fetcher - INFO - 正在获取基金 011370 在 2025 年的持仓数据...
2025-11-21 19:23:06,851 - fund_data_fetcher - INFO - 成功获取基金 011370 的持仓数据，共 51 条记录
2025-11-21 19:23:06,886 - fund_holdings_analyzer - INFO - 基金 011370 共有 14 只增仓股票
2025-11-21 19:23:06,887 - fund_holdings_analyzer - INFO - 正在分析基金 011120 的增仓股票...
2025-11-21 19:23:15,789 - fund_data_fetcher - INFO - 获取基金 011120 在 2025 年的持仓数据，共 88 条记录
2025-11-21 19:23:15,789 - fund_data_fetcher - INFO - 正在获取基金 011120 在 2025 年的持仓数据...
2025-11-21 19:23:16,835 - fund_data_fetcher - INFO - 成功获取基金 011120 的持仓数据，共 88 条记录
2025-11-21 19:23:16,867 - fund_holdings_analyzer - INFO - 基金 011120 共有 17 只增仓股票
2025-11-21 19:23:16,868 - fund_holdings_analyzer - INFO - 正在分析基金 008528 的增仓股票...
2025-11-21 19:23:25,501 - fund_data_fetcher - INFO - 获取基金 008528 在 2025 年的持仓数据，共 92 条记录
2025-11-21 19:23:25,502 - fund_data_fetcher - INFO - 正在获取基金 008528 在 2025 年的持仓数据...
2025-11-21 19:23:26,588 - fund_data_fetcher - INFO - 成功获取基金 008528 的持仓数据，共 92 条记录
2025-11-21 19:23:26,616 - fund_holdings_analyzer - INFO - 基金 008528 共有 16 只增仓股票
2025-11-21 19:23:26,616 - fund_holdings_analyzer - INFO - 正在分析基金 014728 的增仓股票...
2025-11-21 19:23:35,793 - fund_data_fetcher - INFO - 获取基金 014728 在 2025 年的持仓数据，共 114 条记录
2025-11-21 19:23:35,820 - fund_data_fetcher - INFO - 正在获取基金 014728 在 2025 年的持仓数据...
2025-11-21 19:23:37,069 - fund_data_fetcher - INFO - 成功获取基金 014728 的持仓数据，共 114 条记录
2025-11-21 19:23:37,107 - fund_holdings_analyzer - INFO - 基金 014728 共有 14 只增仓股票
2025-11-21 19:23:37,107 - fund_holdings_analyzer - INFO - 正在分析基金 020758 的增仓股票...
2025-11-21 19:23:43,723 - fund_data_fetcher - INFO - 获取基金 020758 在 2025 年的持仓数据，共 42 条记录
2025-11-21 19:23:43,723 - fund_data_fetcher - INFO - 正在获取基金 020758 在 2025 年的持仓数据...
2025-11-21 19:23:44,766 - fund_data_fetcher - INFO - 成功获取基金 020758 的持仓数据，共 42 条记录
2025-11-21 19:23:44,802 - fund_holdings_analyzer - INFO - 基金 020758 共有 11 只增仓股票
2025-11-21 19:23:44,803 - fund_holdings_analyzer - INFO - 正在分析基金 002152 的增仓股票...
2025-11-21 19:23:52,339 - fund_data_fetcher - INFO - 获取基金 002152 在 2025 年的持仓数据，共 44 条记录
2025-11-21 19:23:52,340 - fund_data_fetcher - INFO - 正在获取基金 002152 在 2025 年的持仓数据...
2025-11-21 19:23:53,523 - fund_data_fetcher - INFO - 成功获取基金 002152 的持仓数据，共 44 条记录
2025-11-21 19:23:53,563 - fund_holdings_analyzer - INFO - 基金 002152 共有 24 只增仓股票
2025-11-21 19:23:53,564 - fund_holdings_analyzer - INFO - 正在分析基金 019018 的增仓股票...
2025-11-21 19:24:02,891 - fund_data_fetcher - INFO - 获取基金 019018 在 2025 年的持仓数据，共 165 条记录
2025-11-21 19:24:02,892 - fund_data_fetcher - INFO - 正在获取基金 019018 在 2025 年的持仓数据...
2025-11-21 19:24:04,269 - fund_data_fetcher - INFO - 成功获取基金 019018 的持仓数据，共 165 条记录
2025-11-21 19:24:04,316 - fund_holdings_analyzer - INFO - 基金 019018 共有 18 只增仓股票
2025-11-21 19:24:04,317 - fund_holdings_analyzer - INFO - 正在分析基金 011452 的增仓股票...
2025-11-21 19:24:12,634 - fund_data_fetcher - INFO - 获取基金 011452 在 2025 年的持仓数据，共 92 条记录
2025-11-21 19:24:12,635 - fund_data_fetcher - INFO - 正在获取基金 011452 在 2025 年的持仓数据...
2025-11-21 19:24:13,865 - fund_data_fetcher - INFO - 成功获取基金 011452 的持仓数据，共 92 条记录
2025-11-21 19:24:13,921 - fund_holdings_analyzer - INFO - 基金 011452 共有 16 只增仓股票
2025-11-21 19:24:13,921 - fund_holdings_analyzer - INFO - 正在分析基金 010013 的增仓股票...
2025-11-21 19:24:23,709 - fund_data_fetcher - INFO - 获取基金 010013 在 2025 年的持仓数据，共 173 条记录
2025-11-21 19:24:23,709 - fund_data_fetcher - INFO - 正在获取基金 010013 在 2025 年的持仓数据...
2025-11-21 19:24:24,919 - fund_data_fetcher - INFO - 成功获取基金 010013 的持仓数据，共 173 条记录
2025-11-21 19:24:24,978 - fund_holdings_analyzer - INFO - 基金 010013 共有 22 只增仓股票
2025-11-21 19:24:24,982 - fund_holdings_analyzer - INFO - 正在分析基金 162201 的增仓股票...
2025-11-21 19:24:33,784 - fund_data_fetcher - INFO - 获取基金 162201 在 2025 年的持仓数据，共 67 条记录
2025-11-21 19:24:33,785 - fund_data_fetcher - INFO - 正在获取基金 162201 在 2025 年的持仓数据...
2025-11-21 19:24:34,855 - fund_data_fetcher - INFO - 成功获取基金 162201 的持仓数据，共 67 条记录
2025-11-21 19:24:34,887 - fund_holdings_analyzer - INFO - 基金 162201 共有 19 只增仓股票
2025-11-21 19:24:34,887 - fund_holdings_analyzer - INFO - 正在分析基金 016461 的增仓股票...
2025-11-21 19:24:42,189 - fund_data_fetcher - INFO - 获取基金 016461 在 2025 年的持仓数据，共 44 条记录
2025-11-21 19:24:42,189 - fund_data_fetcher - INFO - 正在获取基金 016461 在 2025 年的持仓数据...
2025-11-21 19:24:43,349 - fund_data_fetcher - INFO - 成功获取基金 016461 的持仓数据，共 44 条记录
2025-11-21 19:24:43,392 - fund_holdings_analyzer - INFO - 基金 016461 共有 24 只增仓股票
2025-11-21 19:24:43,393 - fund_holdings_analyzer - INFO - 正在分析基金 019024 的增仓股票...
2025-11-21 19:24:51,713 - fund_data_fetcher - INFO - 获取基金 019024 在 2025 年的持仓数据，共 173 条记录
2025-11-21 19:24:51,714 - fund_data_fetcher - INFO - 正在获取基金 019024 在 2025 年的持仓数据...
2025-11-21 19:24:52,895 - fund_data_fetcher - INFO - 成功获取基金 019024 的持仓数据，共 173 条记录
2025-11-21 19:24:52,943 - fund_holdings_analyzer - INFO - 基金 019024 共有 22 只增仓股票
2025-11-21 19:24:52,943 - fund_holdings_analyzer - INFO - 正在分析基金 006887 的增仓股票...
2025-11-21 19:25:00,862 - fund_data_fetcher - INFO - 获取基金 006887 在 2025 年的持仓数据，共 45 条记录
2025-11-21 19:25:00,863 - fund_data_fetcher - INFO - 正在获取基金 006887 在 2025 年的持仓数据...
2025-11-21 19:25:01,946 - fund_data_fetcher - INFO - 成功获取基金 006887 的持仓数据，共 45 条记录
2025-11-21 19:25:01,997 - fund_holdings_analyzer - INFO - 基金 006887 共有 17 只增仓股票
2025-11-21 19:25:01,997 - fund_holdings_analyzer - INFO - 正在分析基金 011144 的增仓股票...
2025-11-21 19:25:10,543 - fund_data_fetcher - INFO - 获取基金 011144 在 2025 年的持仓数据，共 46 条记录
2025-11-21 19:25:10,543 - fund_data_fetcher - INFO - 正在获取基金 011144 在 2025 年的持仓数据...
2025-11-21 19:25:12,810 - fund_data_fetcher - INFO - 成功获取基金 011144 的持仓数据，共 46 条记录
2025-11-21 19:25:13,028 - fund_holdings_analyzer - INFO - 基金 011144 共有 5 只增仓股票
2025-11-21 19:25:13,033 - fund_holdings_analyzer - INFO - 正在分析基金 002770 的增仓股票...
2025-11-21 19:25:27,216 - fund_data_fetcher - INFO - 获取基金 002770 在 2025 年的持仓数据，共 67 条记录
2025-11-21 19:25:27,216 - fund_data_fetcher - INFO - 正在获取基金 002770 在 2025 年的持仓数据...
2025-11-21 19:25:28,376 - fund_data_fetcher - INFO - 成功获取基金 002770 的持仓数据，共 67 条记录
2025-11-21 19:25:28,406 - fund_holdings_analyzer - INFO - 基金 002770 共有 8 只增仓股票
2025-11-21 19:25:28,480 - fund_holdings_analyzer - INFO - 找到 82 只共同增仓股票
2025-11-21 19:25:28,483 - growth_stock_screener - INFO - 开始筛选成长板块股票...
2025-11-21 19:25:29,311 - growth_stock_screener - WARNING - 获取股票 300502 的概念板块信息失败: HTTPSConnectionPool(host='push2.eastmoney.com', port=443): Max retries exceeded with url: /api/qt/stock/get?fltt=2&invt=2&fields=f120%2Cf121%2Cf122%2Cf174%2Cf175%2Cf59%2Cf163%2Cf43%2Cf57%2Cf58%2Cf169%2Cf170%2Cf46%2Cf44%2Cf51%2Cf168%2Cf47%2Cf164%2Cf116%2Cf60%2Cf45%2Cf52%2Cf50%2Cf48%2Cf167%2Cf117%2Cf71%2Cf161%2Cf49%2Cf530%2Cf135%2Cf136%2Cf137%2Cf138%2Cf139%2Cf141%2Cf142%2Cf144%2Cf145%2Cf147%2Cf148%2Cf140%2Cf143%2Cf146%2Cf149%2Cf55%2Cf62%2Cf162%2Cf92%2Cf173%2Cf104%2Cf105%2Cf84%2Cf85%2Cf183%2Cf184%2Cf185%2Cf186%2Cf187%2Cf188%2Cf189%2Cf190%2Cf191%2Cf192%2Cf107%2Cf111%2Cf86%2Cf177%2Cf78%2Cf110%2Cf262%2Cf263%2Cf264%2Cf267%2Cf268%2Cf255%2Cf256%2Cf257%2Cf258%2Cf127%2Cf199%2Cf128%2Cf198%2Cf259%2Cf260%2Cf261%2Cf171%2Cf277%2Cf278%2Cf279%2Cf288%2Cf152%2Cf250%2Cf251%2Cf252%2Cf253%2Cf254%2Cf269%2Cf270%2Cf271%2Cf272%2Cf273%2Cf274%2Cf275%2Cf276%2Cf265%2Cf266%2Cf289%2Cf290%2Cf286%2Cf285%2Cf292%2Cf293%2Cf294%2Cf295%2Cf43&secid=0.300502 (Caused by ProxyError('Unable to connect to proxy', RemoteDisconnected('Remote end closed connection without response')))
2025-11-21 19:25:30,078 - growth_stock_screener - WARNING - 获取股票 300308 的概念板块信息失败: HTTPSConnectionPool(host='push2.eastmoney.com', port=443): Max retries exceeded with url: /api/qt/stock/get?fltt=2&invt=2&fields=f120%2Cf121%2Cf122%2Cf174%2Cf175%2Cf59%2Cf163%2Cf43%2Cf57%2Cf58%2Cf169%2Cf170%2Cf46%2Cf44%2Cf51%2Cf168%2Cf47%2Cf164%2Cf116%2Cf60%2Cf45%2Cf52%2Cf50%2Cf48%2Cf167%2Cf117%2Cf71%2Cf161%2Cf49%2Cf530%2Cf135%2Cf136%2Cf137%2Cf138%2Cf139%2Cf141%2Cf142%2Cf144%2Cf145%2Cf147%2Cf148%2Cf140%2Cf143%2Cf146%2Cf149%2Cf55%2Cf62%2Cf162%2Cf92%2Cf173%2Cf104%2Cf105%2Cf84%2Cf85%2Cf183%2Cf184%2Cf185%2Cf186%2Cf187%2Cf188%2Cf189%2Cf190%2Cf191%2Cf192%2Cf107%2Cf111%2Cf86%2Cf177%2Cf78%2Cf110%2Cf262%2Cf263%2Cf264%2Cf267%2Cf268%2Cf255%2Cf256%2Cf257%2Cf258%2Cf127%2Cf199%2Cf128%2Cf198%2Cf259%2Cf260%2Cf261%2Cf171%2Cf277%2Cf278%2Cf279%2Cf288%2Cf152%2Cf250%2Cf251%2Cf252%2Cf253%2Cf254%2Cf269%2Cf270%2Cf271%2Cf272%2Cf273%2Cf274%2Cf275%2Cf276%2Cf265%2Cf266%2Cf289%2Cf290%2Cf286%2Cf285%2Cf292%2Cf293%2Cf294%2Cf295%2Cf43&secid=0.300308 (Caused by ProxyError('Unable to connect to proxy', RemoteDisconnected('Remote end closed connection without response')))
2025-11-21 19:25:32,675 - growth_stock_screener - WARNING - 获取股票 300476 的概念板块信息失败: HTTPSConnectionPool(host='push2.eastmoney.com', port=443): Max retries exceeded with url: /api/qt/stock/get?fltt=2&invt=2&fields=f120%2Cf121%2Cf122%2Cf174%2Cf175%2Cf59%2Cf163%2Cf43%2Cf57%2Cf58%2Cf169%2Cf170%2Cf46%2Cf44%2Cf51%2Cf168%2Cf47%2Cf164%2Cf116%2Cf60%2Cf45%2Cf52%2Cf50%2Cf48%2Cf167%2Cf117%2Cf71%2Cf161%2Cf49%2Cf530%2Cf135%2Cf136%2Cf137%2Cf138%2Cf139%2Cf141%2Cf142%2Cf144%2Cf145%2Cf147%2Cf148%2Cf140%2Cf143%2Cf146%2Cf149%2Cf55%2Cf62%2Cf162%2Cf92%2Cf173%2Cf104%2Cf105%2Cf84%2Cf85%2Cf183%2Cf184%2Cf185%2Cf186%2Cf187%2Cf188%2Cf189%2Cf190%2Cf191%2Cf192%2Cf107%2Cf111%2Cf86%2Cf177%2Cf78%2Cf110%2Cf262%2Cf263%2Cf264%2Cf267%2Cf268%2Cf255%2Cf256%2Cf257%2Cf258%2Cf127%2Cf199%2Cf128%2Cf198%2Cf259%2Cf260%2Cf261%2Cf171%2Cf277%2Cf278%2Cf279%2Cf288%2Cf152%2Cf250%2Cf251%2Cf252%2Cf253%2Cf254%2Cf269%2Cf270%2Cf271%2Cf272%2Cf273%2Cf274%2Cf275%2Cf276%2Cf265%2Cf266%2Cf289%2Cf290%2Cf286%2Cf285%2Cf292%2Cf293%2Cf294%2Cf295%2Cf43&secid=0.300476 (Caused by ProxyError('Unable to connect to proxy', RemoteDisconnected('Remote end closed connection without response')))
2025-11-21 19:25:33,603 - growth_stock_screener - WARNING - 获取股票 002463 的概念板块信息失败: HTTPSConnectionPool(host='push2.eastmoney.com', port=443): Max retries exceeded with url: /api/qt/stock/get?fltt=2&invt=2&fields=f120%2Cf121%2Cf122%2Cf174%2Cf175%2Cf59%2Cf163%2Cf43%2Cf57%2Cf58%2Cf169%2Cf170%2Cf46%2Cf44%2Cf51%2Cf168%2Cf47%2Cf164%2Cf116%2Cf60%2Cf45%2Cf52%2Cf50%2Cf48%2Cf167%2Cf117%2Cf71%2Cf161%2Cf49%2Cf530%2Cf135%2Cf136%2Cf137%2Cf138%2Cf139%2Cf141%2Cf142%2Cf144%2Cf145%2Cf147%2Cf148%2Cf140%2Cf143%2Cf146%2Cf149%2Cf55%2Cf62%2Cf162%2Cf92%2Cf173%2Cf104%2Cf105%2Cf84%2Cf85%2Cf183%2Cf184%2Cf185%2Cf186%2Cf187%2Cf188%2Cf189%2Cf190%2Cf191%2Cf192%2Cf107%2Cf111%2Cf86%2Cf177%2Cf78%2Cf110%2Cf262%2Cf263%2Cf264%2Cf267%2Cf268%2Cf255%2Cf256%2Cf257%2Cf258%2Cf127%2Cf199%2Cf128%2Cf198%2Cf259%2Cf260%2Cf261%2Cf171%2Cf277%2Cf278%2Cf279%2Cf288%2Cf152%2Cf250%2Cf251%2Cf252%2Cf253%2Cf254%2Cf269%2Cf270%2Cf271%2Cf272%2Cf273%2Cf274%2Cf275%2Cf276%2Cf265%2Cf266%2Cf289%2Cf290%2Cf286%2Cf285%2Cf292%2Cf293%2Cf294%2Cf295%2Cf43&secid=0.002463 (Caused by ProxyError('Unable to connect to proxy', RemoteDisconnected('Remote end closed connection without response')))
2025-11-21 19:25:34,490 - growth_stock_screener - WARNING - 获取股票 300394 的概念板块信息失败: HTTPSConnectionPool(host='push2.eastmoney.com', port=443): Max retries exceeded with url: /api/qt/stock/get?fltt=2&invt=2&fields=f120%2Cf121%2Cf122%2Cf174%2Cf175%2Cf59%2Cf163%2Cf43%2Cf57%2Cf58%2Cf169%2Cf170%2Cf46%2Cf44%2Cf51%2Cf168%2Cf47%2Cf164%2Cf116%2Cf60%2Cf45%2Cf52%2Cf50%2Cf48%2Cf167%2Cf117%2Cf71%2Cf161%2Cf49%2Cf530%2Cf135%2Cf136%2Cf137%2Cf138%2Cf139%2Cf141%2Cf142%2Cf144%2Cf145%2Cf147%2Cf148%2Cf140%2Cf143%2Cf146%2Cf149%2Cf55%2Cf62%2Cf162%2Cf92%2Cf173%2Cf104%2Cf105%2Cf84%2Cf85%2Cf183%2Cf184%2Cf185%2Cf186%2Cf187%2Cf188%2Cf189%2Cf190%2Cf191%2Cf192%2Cf107%2Cf111%2Cf86%2Cf177%2Cf78%2Cf110%2Cf262%2Cf263%2Cf264%2Cf267%2Cf268%2Cf255%2Cf256%2Cf257%2Cf258%2Cf127%2Cf199%2Cf128%2Cf198%2Cf259%2Cf260%2Cf261%2Cf171%2Cf277%2Cf278%2Cf279%2Cf288%2Cf152%2Cf250%2Cf251%2Cf252%2Cf253%2Cf254%2Cf269%2Cf270%2Cf271%2Cf272%2Cf273%2Cf274%2Cf275%2Cf276%2Cf265%2Cf266%2Cf289%2Cf290%2Cf286%2Cf285%2Cf292%2Cf293%2Cf294%2Cf295%2Cf43&secid=0.300394 (Caused by ProxyError('Unable to connect to proxy', RemoteDisconnected('Remote end closed connection without response')))
2025-11-21 19:25:35,696 - growth_stock_screener - WARNING - 获取股票 00700 的概念板块信息失败: HTTPSConnectionPool(host='push2.eastmoney.com', port=443): Max retries exceeded with url: /api/qt/stock/get?fltt=2&invt=2&fields=f120%2Cf121%2Cf122%2Cf174%2Cf175%2Cf59%2Cf163%2Cf43%2Cf57%2Cf58%2Cf169%2Cf170%2Cf46%2Cf44%2Cf51%2Cf168%2Cf47%2Cf164%2Cf116%2Cf60%2Cf45%2Cf52%2Cf50%2Cf48%2Cf167%2Cf117%2Cf71%2Cf161%2Cf49%2Cf530%2Cf135%2Cf136%2Cf137%2Cf138%2Cf139%2Cf141%2Cf142%2Cf144%2Cf145%2Cf147%2Cf148%2Cf140%2Cf143%2Cf146%2Cf149%2Cf55%2Cf62%2Cf162%2Cf92%2Cf173%2Cf104%2Cf105%2Cf84%2Cf85%2Cf183%2Cf184%2Cf185%2Cf186%2Cf187%2Cf188%2Cf189%2Cf190%2Cf191%2Cf192%2Cf107%2Cf111%2Cf86%2Cf177%2Cf78%2Cf110%2Cf262%2Cf263%2Cf264%2Cf267%2Cf268%2Cf255%2Cf256%2Cf257%2Cf258%2Cf127%2Cf199%2Cf128%2Cf198%2Cf259%2Cf260%2Cf261%2Cf171%2Cf277%2Cf278%2Cf279%2Cf288%2Cf152%2Cf250%2Cf251%2Cf252%2Cf253%2Cf254%2Cf269%2Cf270%2Cf271%2Cf272%2Cf273%2Cf274%2Cf275%2Cf276%2Cf265%2Cf266%2Cf289%2Cf290%2Cf286%2Cf285%2Cf292%2Cf293%2Cf294%2Cf295%2Cf43&secid=0.00700 (Caused by ProxyError('Unable to connect to proxy', RemoteDisconnected('Remote end closed connection without response')))
2025-11-21 19:25:36,959 - growth_stock_screener - WARNING - 获取股票 09988 的概念板块信息失败: HTTPSConnectionPool(host='push2.eastmoney.com', port=443): Max retries exceeded with url: /api/qt/stock/get?fltt=2&invt=2&fields=f120%2Cf121%2Cf122%2Cf174%2Cf175%2Cf59%2Cf163%2Cf43%2Cf57%2Cf58%2Cf169%2Cf170%2Cf46%2Cf44%2Cf51%2Cf168%2Cf47%2Cf164%2Cf116%2Cf60%2Cf45%2Cf52%2Cf50%2Cf48%2Cf167%2Cf117%2Cf71%2Cf161%2Cf49%2Cf530%2Cf135%2Cf136%2Cf137%2Cf138%2Cf139%2Cf141%2Cf142%2Cf144%2Cf145%2Cf147%2Cf148%2Cf140%2Cf143%2Cf146%2Cf149%2Cf55%2Cf62%2Cf162%2Cf92%2Cf173%2Cf104%2Cf105%2Cf84%2Cf85%2Cf183%2Cf184%2Cf185%2Cf186%2Cf187%2Cf188%2Cf189%2Cf190%2Cf191%2Cf192%2Cf107%2Cf111%2Cf86%2Cf177%2Cf78%2Cf110%2Cf262%2Cf263%2Cf264%2Cf267%2Cf268%2Cf255%2Cf256%2Cf257%2Cf258%2Cf127%2Cf199%2Cf128%2Cf198%2Cf259%2Cf260%2Cf261%2Cf171%2Cf277%2Cf278%2Cf279%2Cf288%2Cf152%2Cf250%2Cf251%2Cf252%2Cf253%2Cf254%2Cf269%2Cf270%2Cf271%2Cf272%2Cf273%2Cf274%2Cf275%2Cf276%2Cf265%2Cf266%2Cf289%2Cf290%2Cf286%2Cf285%2Cf292%2Cf293%2Cf294%2Cf295%2Cf43&secid=0.09988 (Caused by ProxyError('Unable to connect to proxy', RemoteDisconnected('Remote end closed connection without response')))
2025-11-21 19:25:37,945 - growth_stock_screener - WARNING - 获取股票 688008 的概念板块信息失败: HTTPSConnectionPool(host='push2.eastmoney.com', port=443): Max retries exceeded with url: /api/qt/stock/get?fltt=2&invt=2&fields=f120%2Cf121%2Cf122%2Cf174%2Cf175%2Cf59%2Cf163%2Cf43%2Cf57%2Cf58%2Cf169%2Cf170%2Cf46%2Cf44%2Cf51%2Cf168%2Cf47%2Cf164%2Cf116%2Cf60%2Cf45%2Cf52%2Cf50%2Cf48%2Cf167%2Cf117%2Cf71%2Cf161%2Cf49%2Cf530%2Cf135%2Cf136%2Cf137%2Cf138%2Cf139%2Cf141%2Cf142%2Cf144%2Cf145%2Cf147%2Cf148%2Cf140%2Cf143%2Cf146%2Cf149%2Cf55%2Cf62%2Cf162%2Cf92%2Cf173%2Cf104%2Cf105%2Cf84%2Cf85%2Cf183%2Cf184%2Cf185%2Cf186%2Cf187%2Cf188%2Cf189%2Cf190%2Cf191%2Cf192%2Cf107%2Cf111%2Cf86%2Cf177%2Cf78%2Cf110%2Cf262%2Cf263%2Cf264%2Cf267%2Cf268%2Cf255%2Cf256%2Cf257%2Cf258%2Cf127%2Cf199%2Cf128%2Cf198%2Cf259%2Cf260%2Cf261%2Cf171%2Cf277%2Cf278%2Cf279%2Cf288%2Cf152%2Cf250%2Cf251%2Cf252%2Cf253%2Cf254%2Cf269%2Cf270%2Cf271%2Cf272%2Cf273%2Cf274%2Cf275%2Cf276%2Cf265%2Cf266%2Cf289%2Cf290%2Cf286%2Cf285%2Cf292%2Cf293%2Cf294%2Cf295%2Cf43&secid=1.688008 (Caused by ProxyError('Unable to connect to proxy', RemoteDisconnected('Remote end closed connection without response')))
2025-11-21 19:25:38,882 - growth_stock_screener - WARNING - 获取股票 688256 的概念板块信息失败: HTTPSConnectionPool(host='push2.eastmoney.com', port=443): Max retries exceeded with url: /api/qt/stock/get?fltt=2&invt=2&fields=f120%2Cf121%2Cf122%2Cf174%2Cf175%2Cf59%2Cf163%2Cf43%2Cf57%2Cf58%2Cf169%2Cf170%2Cf46%2Cf44%2Cf51%2Cf168%2Cf47%2Cf164%2Cf116%2Cf60%2Cf45%2Cf52%2Cf50%2Cf48%2Cf167%2Cf117%2Cf71%2Cf161%2Cf49%2Cf530%2Cf135%2Cf136%2Cf137%2Cf138%2Cf139%2Cf141%2Cf142%2Cf144%2Cf145%2Cf147%2Cf148%2Cf140%2Cf143%2Cf146%2Cf149%2Cf55%2Cf62%2Cf162%2Cf92%2Cf173%2Cf104%2Cf105%2Cf84%2Cf85%2Cf183%2Cf184%2Cf185%2Cf186%2Cf187%2Cf188%2Cf189%2Cf190%2Cf191%2Cf192%2Cf107%2Cf111%2Cf86%2Cf177%2Cf78%2Cf110%2Cf262%2Cf263%2Cf264%2Cf267%2Cf268%2Cf255%2Cf256%2Cf257%2Cf258%2Cf127%2Cf199%2Cf128%2Cf198%2Cf259%2Cf260%2Cf261%2Cf171%2Cf277%2Cf278%2Cf279%2Cf288%2Cf152%2Cf250%2Cf251%2Cf252%2Cf253%2Cf254%2Cf269%2Cf270%2Cf271%2Cf272%2Cf273%2Cf274%2Cf275%2Cf276%2Cf265%2Cf266%2Cf289%2Cf290%2Cf286%2Cf285%2Cf292%2Cf293%2Cf294%2Cf295%2Cf43&secid=1.688256 (Caused by ProxyError('Unable to connect to proxy', RemoteDisconnected('Remote end closed connection without response')))
2025-11-21 19:25:39,929 - growth_stock_screener - WARNING - 获取股票 601138 的概念板块信息失败: HTTPSConnectionPool(host='push2.eastmoney.com', port=443): Max retries exceeded with url: /api/qt/stock/get?fltt=2&invt=2&fields=f120%2Cf121%2Cf122%2Cf174%2Cf175%2Cf59%2Cf163%2Cf43%2Cf57%2Cf58%2Cf169%2Cf170%2Cf46%2Cf44%2Cf51%2Cf168%2Cf47%2Cf164%2Cf116%2Cf60%2Cf45%2Cf52%2Cf50%2Cf48%2Cf167%2Cf117%2Cf71%2Cf161%2Cf49%2Cf530%2Cf135%2Cf136%2Cf137%2Cf138%2Cf139%2Cf141%2Cf142%2Cf144%2Cf145%2Cf147%2Cf148%2Cf140%2Cf143%2Cf146%2Cf149%2Cf55%2Cf62%2Cf162%2Cf92%2Cf173%2Cf104%2Cf105%2Cf84%2Cf85%2Cf183%2Cf184%2Cf185%2Cf186%2Cf187%2Cf188%2Cf189%2Cf190%2Cf191%2Cf192%2Cf107%2Cf111%2Cf86%2Cf177%2Cf78%2Cf110%2Cf262%2Cf263%2Cf264%2Cf267%2Cf268%2Cf255%2Cf256%2Cf257%2Cf258%2Cf127%2Cf199%2Cf128%2Cf198%2Cf259%2Cf260%2Cf261%2Cf171%2Cf277%2Cf278%2Cf279%2Cf288%2Cf152%2Cf250%2Cf251%2Cf252%2Cf253%2Cf254%2Cf269%2Cf270%2Cf271%2Cf272%2Cf273%2Cf274%2Cf275%2Cf276%2Cf265%2Cf266%2Cf289%2Cf290%2Cf286%2Cf285%2Cf292%2Cf293%2Cf294%2Cf295%2Cf43&secid=1.601138 (Caused by ProxyError('Unable to connect to proxy', RemoteDisconnected('Remote end closed connection without response')))
2025-11-21 19:25:40,853 - growth_stock_screener - WARNING - 获取股票 688123 的概念板块信息失败: HTTPSConnectionPool(host='push2.eastmoney.com', port=443): Max retries exceeded with url: /api/qt/stock/get?fltt=2&invt=2&fields=f120%2Cf121%2Cf122%2Cf174%2Cf175%2Cf59%2Cf163%2Cf43%2Cf57%2Cf58%2Cf169%2Cf170%2Cf46%2Cf44%2Cf51%2Cf168%2Cf47%2Cf164%2Cf116%2Cf60%2Cf45%2Cf52%2Cf50%2Cf48%2Cf167%2Cf117%2Cf71%2Cf161%2Cf49%2Cf530%2Cf135%2Cf136%2Cf137%2Cf138%2Cf139%2Cf141%2Cf142%2Cf144%2Cf145%2Cf147%2Cf148%2Cf140%2Cf143%2Cf146%2Cf149%2Cf55%2Cf62%2Cf162%2Cf92%2Cf173%2Cf104%2Cf105%2Cf84%2Cf85%2Cf183%2Cf184%2Cf185%2Cf186%2Cf187%2Cf188%2Cf189%2Cf190%2Cf191%2Cf192%2Cf107%2Cf111%2Cf86%2Cf177%2Cf78%2Cf110%2Cf262%2Cf263%2Cf264%2Cf267%2Cf268%2Cf255%2Cf256%2Cf257%2Cf258%2Cf127%2Cf199%2Cf128%2Cf198%2Cf259%2Cf260%2Cf261%2Cf171%2Cf277%2Cf278%2Cf279%2Cf288%2Cf152%2Cf250%2Cf251%2Cf252%2Cf253%2Cf254%2Cf269%2Cf270%2Cf271%2Cf272%2Cf273%2Cf274%2Cf275%2Cf276%2Cf265%2Cf266%2Cf289%2Cf290%2Cf286%2Cf285%2Cf292%2Cf293%2Cf294%2Cf295%2Cf43&secid=1.688123 (Caused by ProxyError('Unable to connect to proxy', RemoteDisconnected('Remote end closed connection without response')))
2025-11-21 19:25:41,638 - growth_stock_screener - WARNING - 获取股票 300548 的概念板块信息失败: HTTPSConnectionPool(host='push2.eastmoney.com', port=443): Max retries exceeded with url: /api/qt/stock/get?fltt=2&invt=2&fields=f120%2Cf121%2Cf122%2Cf174%2Cf175%2Cf59%2Cf163%2Cf43%2Cf57%2Cf58%2Cf169%2Cf170%2Cf46%2Cf44%2Cf51%2Cf168%2Cf47%2Cf164%2Cf116%2Cf60%2Cf45%2Cf52%2Cf50%2Cf48%2Cf167%2Cf117%2Cf71%2Cf161%2Cf49%2Cf530%2Cf135%2Cf136%2Cf137%2Cf138%2Cf139%2Cf141%2Cf142%2Cf144%2Cf145%2Cf147%2Cf148%2Cf140%2Cf143%2Cf146%2Cf149%2Cf55%2Cf62%2Cf162%2Cf92%2Cf173%2Cf104%2Cf105%2Cf84%2Cf85%2Cf183%2Cf184%2Cf185%2Cf186%2Cf187%2Cf188%2Cf189%2Cf190%2Cf191%2Cf192%2Cf107%2Cf111%2Cf86%2Cf177%2Cf78%2Cf110%2Cf262%2Cf263%2Cf264%2Cf267%2Cf268%2Cf255%2Cf256%2Cf257%2Cf258%2Cf127%2Cf199%2Cf128%2Cf198%2Cf259%2Cf260%2Cf261%2Cf171%2Cf277%2Cf278%2Cf279%2Cf288%2Cf152%2Cf250%2Cf251%2Cf252%2Cf253%2Cf254%2Cf269%2Cf270%2Cf271%2Cf272%2Cf273%2Cf274%2Cf275%2Cf276%2Cf265%2Cf266%2Cf289%2Cf290%2Cf286%2Cf285%2Cf292%2Cf293%2Cf294%2Cf295%2Cf43&secid=0.300548 (Caused by ProxyError('Unable to connect to proxy', RemoteDisconnected('Remote end closed connection without response')))
2025-11-21 19:28:36,904 - growth_stock_screener - WARNING - 获取股票 300570 的概念板块信息失败: HTTPSConnectionPool(host='push2.eastmoney.com', port=443): Max retries exceeded with url: /api/qt/stock/get?fltt=2&invt=2&fields=f120%2Cf121%2Cf122%2Cf174%2Cf175%2Cf59%2Cf163%2Cf43%2Cf57%2Cf58%2Cf169%2Cf170%2Cf46%2Cf44%2Cf51%2Cf168%2Cf47%2Cf164%2Cf116%2Cf60%2Cf45%2Cf52%2Cf50%2Cf48%2Cf167%2Cf117%2Cf71%2Cf161%2Cf49%2Cf530%2Cf135%2Cf136%2Cf137%2Cf138%2Cf139%2Cf141%2Cf142%2Cf144%2Cf145%2Cf147%2Cf148%2Cf140%2Cf143%2Cf146%2Cf149%2Cf55%2Cf62%2Cf162%2Cf92%2Cf173%2Cf104%2Cf105%2Cf84%2Cf85%2Cf183%2Cf184%2Cf185%2Cf186%2Cf187%2Cf188%2Cf189%2Cf190%2Cf191%2Cf192%2Cf107%2Cf111%2Cf86%2Cf177%2Cf78%2Cf110%2Cf262%2Cf263%2Cf264%2Cf267%2Cf268%2Cf255%2Cf256%2Cf257%2Cf258%2Cf127%2Cf199%2Cf128%2Cf198%2Cf259%2Cf260%2Cf261%2Cf171%2Cf277%2Cf278%2Cf279%2Cf288%2Cf152%2Cf250%2Cf251%2Cf252%2Cf253%2Cf254%2Cf269%2Cf270%2Cf271%2Cf272%2Cf273%2Cf274%2Cf275%2Cf276%2Cf265%2Cf266%2Cf289%2Cf290%2Cf286%2Cf285%2Cf292%2Cf293%2Cf294%2Cf295%2Cf43&secid=0.300570 (Caused by ProxyError('Unable to connect to proxy', RemoteDisconnected('Remote end closed connection without response')))
2025-11-21 19:28:38,331 - growth_stock_screener - WARNING - 获取股票 688498 的概念板块信息失败: HTTPSConnectionPool(host='push2.eastmoney.com', port=443): Max retries exceeded with url: /api/qt/stock/get?fltt=2&invt=2&fields=f120%2Cf121%2Cf122%2Cf174%2Cf175%2Cf59%2Cf163%2Cf43%2Cf57%2Cf58%2Cf169%2Cf170%2Cf46%2Cf44%2Cf51%2Cf168%2Cf47%2Cf164%2Cf116%2Cf60%2Cf45%2Cf52%2Cf50%2Cf48%2Cf167%2Cf117%2Cf71%2Cf161%2Cf49%2Cf530%2Cf135%2Cf136%2Cf137%2Cf138%2Cf139%2Cf141%2Cf142%2Cf144%2Cf145%2Cf147%2Cf148%2Cf140%2Cf143%2Cf146%2Cf149%2Cf55%2Cf62%2Cf162%2Cf92%2Cf173%2Cf104%2Cf105%2Cf84%2Cf85%2Cf183%2Cf184%2Cf185%2Cf186%2Cf187%2Cf188%2Cf189%2Cf190%2Cf191%2Cf192%2Cf107%2Cf111%2Cf86%2Cf177%2Cf78%2Cf110%2Cf262%2Cf263%2Cf264%2Cf267%2Cf268%2Cf255%2Cf256%2Cf257%2Cf258%2Cf127%2Cf199%2Cf128%2Cf198%2Cf259%2Cf260%2Cf261%2Cf171%2Cf277%2Cf278%2Cf279%2Cf288%2Cf152%2Cf250%2Cf251%2Cf252%2Cf253%2Cf254%2Cf269%2Cf270%2Cf271%2Cf272%2Cf273%2Cf274%2Cf275%2Cf276%2Cf265%2Cf266%2Cf289%2Cf290%2Cf286%2Cf285%2Cf292%2Cf293%2Cf294%2Cf295%2Cf43&secid=1.688498 (Caused by ProxyError('Unable to connect to proxy', RemoteDisconnected('Remote end closed connection without response')))
2025-11-21 19:28:39,535 - growth_stock_screener - WARNING - 获取股票 002602 的概念板块信息失败: HTTPSConnectionPool(host='push2.eastmoney.com', port=443): Max retries exceeded with url: /api/qt/stock/get?fltt=2&invt=2&fields=f120%2Cf121%2Cf122%2Cf174%2Cf175%2Cf59%2Cf163%2Cf43%2Cf57%2Cf58%2Cf169%2Cf170%2Cf46%2Cf44%2Cf51%2Cf168%2Cf47%2Cf164%2Cf116%2Cf60%2Cf45%2Cf52%2Cf50%2Cf48%2Cf167%2Cf117%2Cf71%2Cf161%2Cf49%2Cf530%2Cf135%2Cf136%2Cf137%2Cf138%2Cf139%2Cf141%2Cf142%2Cf144%2Cf145%2Cf147%2Cf148%2Cf140%2Cf143%2Cf146%2Cf149%2Cf55%2Cf62%2Cf162%2Cf92%2Cf173%2Cf104%2Cf105%2Cf84%2Cf85%2Cf183%2Cf184%2Cf185%2Cf186%2Cf187%2Cf188%2Cf189%2Cf190%2Cf191%2Cf192%2Cf107%2Cf111%2Cf86%2Cf177%2Cf78%2Cf110%2Cf262%2Cf263%2Cf264%2Cf267%2Cf268%2Cf255%2Cf256%2Cf257%2Cf258%2Cf127%2Cf199%2Cf128%2Cf198%2Cf259%2Cf260%2Cf261%2Cf171%2Cf277%2Cf278%2Cf279%2Cf288%2Cf152%2Cf250%2Cf251%2Cf252%2Cf253%2Cf254%2Cf269%2Cf270%2Cf271%2Cf272%2Cf273%2Cf274%2Cf275%2Cf276%2Cf265%2Cf266%2Cf289%2Cf290%2Cf286%2Cf285%2Cf292%2Cf293%2Cf294%2Cf295%2Cf43&secid=0.002602 (Caused by ProxyError('Unable to connect to proxy', RemoteDisconnected('Remote end closed connection without response')))
2025-11-21 19:28:40,470 - growth_stock_screener - WARNING - 获取股票 002851 的概念板块信息失败: HTTPSConnectionPool(host='push2.eastmoney.com', port=443): Max retries exceeded with url: /api/qt/stock/get?fltt=2&invt=2&fields=f120%2Cf121%2Cf122%2Cf174%2Cf175%2Cf59%2Cf163%2Cf43%2Cf57%2Cf58%2Cf169%2Cf170%2Cf46%2Cf44%2Cf51%2Cf168%2Cf47%2Cf164%2Cf116%2Cf60%2Cf45%2Cf52%2Cf50%2Cf48%2Cf167%2Cf117%2Cf71%2Cf161%2Cf49%2Cf530%2Cf135%2Cf136%2Cf137%2Cf138%2Cf139%2Cf141%2Cf142%2Cf144%2Cf145%2Cf147%2Cf148%2Cf140%2Cf143%2Cf146%2Cf149%2Cf55%2Cf62%2Cf162%2Cf92%2Cf173%2Cf104%2Cf105%2Cf84%2Cf85%2Cf183%2Cf184%2Cf185%2Cf186%2Cf187%2Cf188%2Cf189%2Cf190%2Cf191%2Cf192%2Cf107%2Cf111%2Cf86%2Cf177%2Cf78%2Cf110%2Cf262%2Cf263%2Cf264%2Cf267%2Cf268%2Cf255%2Cf256%2Cf257%2Cf258%2Cf127%2Cf199%2Cf128%2Cf198%2Cf259%2Cf260%2Cf261%2Cf171%2Cf277%2Cf278%2Cf279%2Cf288%2Cf152%2Cf250%2Cf251%2Cf252%2Cf253%2Cf254%2Cf269%2Cf270%2Cf271%2Cf272%2Cf273%2Cf274%2Cf275%2Cf276%2Cf265%2Cf266%2Cf289%2Cf290%2Cf286%2Cf285%2Cf292%2Cf293%2Cf294%2Cf295%2Cf43&secid=0.002851 (Caused by ProxyError('Unable to connect to proxy', RemoteDisconnected('Remote end closed connection without response')))
2025-11-21 19:28:41,679 - growth_stock_screener - WARNING - 获取股票 002916 的概念板块信息失败: HTTPSConnectionPool(host='push2.eastmoney.com', port=443): Max retries exceeded with url: /api/qt/stock/get?fltt=2&invt=2&fields=f120%2Cf121%2Cf122%2Cf174%2Cf175%2Cf59%2Cf163%2Cf43%2Cf57%2Cf58%2Cf169%2Cf170%2Cf46%2Cf44%2Cf51%2Cf168%2Cf47%2Cf164%2Cf116%2Cf60%2Cf45%2Cf52%2Cf50%2Cf48%2Cf167%2Cf117%2Cf71%2Cf161%2Cf49%2Cf530%2Cf135%2Cf136%2Cf137%2Cf138%2Cf139%2Cf141%2Cf142%2Cf144%2Cf145%2Cf147%2Cf148%2Cf140%2Cf143%2Cf146%2Cf149%2Cf55%2Cf62%2Cf162%2Cf92%2Cf173%2Cf104%2Cf105%2Cf84%2Cf85%2Cf183%2Cf184%2Cf185%2Cf186%2Cf187%2Cf188%2Cf189%2Cf190%2Cf191%2Cf192%2Cf107%2Cf111%2Cf86%2Cf177%2Cf78%2Cf110%2Cf262%2Cf263%2Cf264%2Cf267%2Cf268%2Cf255%2Cf256%2Cf257%2Cf258%2Cf127%2Cf199%2Cf128%2Cf198%2Cf259%2Cf260%2Cf261%2Cf171%2Cf277%2Cf278%2Cf279%2Cf288%2Cf152%2Cf250%2Cf251%2Cf252%2Cf253%2Cf254%2Cf269%2Cf270%2Cf271%2Cf272%2Cf273%2Cf274%2Cf275%2Cf276%2Cf265%2Cf266%2Cf289%2Cf290%2Cf286%2Cf285%2Cf292%2Cf293%2Cf294%2Cf295%2Cf43&secid=0.002916 (Caused by ProxyError('Unable to connect to proxy', RemoteDisconnected('Remote end closed connection without response')))
2025-11-21 19:28:42,775 - growth_stock_screener - WARNING - 获取股票 688313 的概念板块信息失败: HTTPSConnectionPool(host='push2.eastmoney.com', port=443): Max retries exceeded with url: /api/qt/stock/get?fltt=2&invt=2&fields=f120%2Cf121%2Cf122%2Cf174%2Cf175%2Cf59%2Cf163%2Cf43%2Cf57%2Cf58%2Cf169%2Cf170%2Cf46%2Cf44%2Cf51%2Cf168%2Cf47%2Cf164%2Cf116%2Cf60%2Cf45%2Cf52%2Cf50%2Cf48%2Cf167%2Cf117%2Cf71%2Cf161%2Cf49%2Cf530%2Cf135%2Cf136%2Cf137%2Cf138%2Cf139%2Cf141%2Cf142%2Cf144%2Cf145%2Cf147%2Cf148%2Cf140%2Cf143%2Cf146%2Cf149%2Cf55%2Cf62%2Cf162%2Cf92%2Cf173%2Cf104%2Cf105%2Cf84%2Cf85%2Cf183%2Cf184%2Cf185%2Cf186%2Cf187%2Cf188%2Cf189%2Cf190%2Cf191%2Cf192%2Cf107%2Cf111%2Cf86%2Cf177%2Cf78%2Cf110%2Cf262%2Cf263%2Cf264%2Cf267%2Cf268%2Cf255%2Cf256%2Cf257%2Cf258%2Cf127%2Cf199%2Cf128%2Cf198%2Cf259%2Cf260%2Cf261%2Cf171%2Cf277%2Cf278%2Cf279%2Cf288%2Cf152%2Cf250%2Cf251%2Cf252%2Cf253%2Cf254%2Cf269%2Cf270%2Cf271%2Cf272%2Cf273%2Cf274%2Cf275%2Cf276%2Cf265%2Cf266%2Cf289%2Cf290%2Cf286%2Cf285%2Cf292%2Cf293%2Cf294%2Cf295%2Cf43&secid=1.688313 (Caused by ProxyError('Unable to connect to proxy', RemoteDisconnected('Remote end closed connection without response')))
2025-11-21 19:28:43,610 - growth_stock_screener - WARNING - 获取股票 688183 的概念板块信息失败: HTTPSConnectionPool(host='push2.eastmoney.com', port=443): Max retries exceeded with url: /api/qt/stock/get?fltt=2&invt=2&fields=f120%2Cf121%2Cf122%2Cf174%2Cf175%2Cf59%2Cf163%2Cf43%2Cf57%2Cf58%2Cf169%2Cf170%2Cf46%2Cf44%2Cf51%2Cf168%2Cf47%2Cf164%2Cf116%2Cf60%2Cf45%2Cf52%2Cf50%2Cf48%2Cf167%2Cf117%2Cf71%2Cf161%2Cf49%2Cf530%2Cf135%2Cf136%2Cf137%2Cf138%2Cf139%2Cf141%2Cf142%2Cf144%2Cf145%2Cf147%2Cf148%2Cf140%2Cf143%2Cf146%2Cf149%2Cf55%2Cf62%2Cf162%2Cf92%2Cf173%2Cf104%2Cf105%2Cf84%2Cf85%2Cf183%2Cf184%2Cf185%2Cf186%2Cf187%2Cf188%2Cf189%2Cf190%2Cf191%2Cf192%2Cf107%2Cf111%2Cf86%2Cf177%2Cf78%2Cf110%2Cf262%2Cf263%2Cf264%2Cf267%2Cf268%2Cf255%2Cf256%2Cf257%2Cf258%2Cf127%2Cf199%2Cf128%2Cf198%2Cf259%2Cf260%2Cf261%2Cf171%2Cf277%2Cf278%2Cf279%2Cf288%2Cf152%2Cf250%2Cf251%2Cf252%2Cf253%2Cf254%2Cf269%2Cf270%2Cf271%2Cf272%2Cf273%2Cf274%2Cf275%2Cf276%2Cf265%2Cf266%2Cf289%2Cf290%2Cf286%2Cf285%2Cf292%2Cf293%2Cf294%2Cf295%2Cf43&secid=1.688183 (Caused by ProxyError('Unable to connect to proxy', RemoteDisconnected('Remote end closed connection without response')))
2025-11-21 19:28:44,733 - growth_stock_screener - WARNING - 获取股票 002384 的概念板块信息失败: HTTPSConnectionPool(host='push2.eastmoney.com', port=443): Max retries exceeded with url: /api/qt/stock/get?fltt=2&invt=2&fields=f120%2Cf121%2Cf122%2Cf174%2Cf175%2Cf59%2Cf163%2Cf43%2Cf57%2Cf58%2Cf169%2Cf170%2Cf46%2Cf44%2Cf51%2Cf168%2Cf47%2Cf164%2Cf116%2Cf60%2Cf45%2Cf52%2Cf50%2Cf48%2Cf167%2Cf117%2Cf71%2Cf161%2Cf49%2Cf530%2Cf135%2Cf136%2Cf137%2Cf138%2Cf139%2Cf141%2Cf142%2Cf144%2Cf145%2Cf147%2Cf148%2Cf140%2Cf143%2Cf146%2Cf149%2Cf55%2Cf62%2Cf162%2Cf92%2Cf173%2Cf104%2Cf105%2Cf84%2Cf85%2Cf183%2Cf184%2Cf185%2Cf186%2Cf187%2Cf188%2Cf189%2Cf190%2Cf191%2Cf192%2Cf107%2Cf111%2Cf86%2Cf177%2Cf78%2Cf110%2Cf262%2Cf263%2Cf264%2Cf267%2Cf268%2Cf255%2Cf256%2Cf257%2Cf258%2Cf127%2Cf199%2Cf128%2Cf198%2Cf259%2Cf260%2Cf261%2Cf171%2Cf277%2Cf278%2Cf279%2Cf288%2Cf152%2Cf250%2Cf251%2Cf252%2Cf253%2Cf254%2Cf269%2Cf270%2Cf271%2Cf272%2Cf273%2Cf274%2Cf275%2Cf276%2Cf265%2Cf266%2Cf289%2Cf290%2Cf286%2Cf285%2Cf292%2Cf293%2Cf294%2Cf295%2Cf43&secid=0.002384 (Caused by ProxyError('Unable to connect to proxy', RemoteDisconnected('Remote end closed connection without response')))
2025-11-21 19:28:45,924 - growth_stock_screener - WARNING - 获取股票 688041 的概念板块信息失败: HTTPSConnectionPool(host='push2.eastmoney.com', port=443): Max retries exceeded with url: /api/qt/stock/get?fltt=2&invt=2&fields=f120%2Cf121%2Cf122%2Cf174%2Cf175%2Cf59%2Cf163%2Cf43%2Cf57%2Cf58%2Cf169%2Cf170%2Cf46%2Cf44%2Cf51%2Cf168%2Cf47%2Cf164%2Cf116%2Cf60%2Cf45%2Cf52%2Cf50%2Cf48%2Cf167%2Cf117%2Cf71%2Cf161%2Cf49%2Cf530%2Cf135%2Cf136%2Cf137%2Cf138%2Cf139%2Cf141%2Cf142%2Cf144%2Cf145%2Cf147%2Cf148%2Cf140%2Cf143%2Cf146%2Cf149%2Cf55%2Cf62%2Cf162%2Cf92%2Cf173%2Cf104%2Cf105%2Cf84%2Cf85%2Cf183%2Cf184%2Cf185%2Cf186%2Cf187%2Cf188%2Cf189%2Cf190%2Cf191%2Cf192%2Cf107%2Cf111%2Cf86%2Cf177%2Cf78%2Cf110%2Cf262%2Cf263%2Cf264%2Cf267%2Cf268%2Cf255%2Cf256%2Cf257%2Cf258%2Cf127%2Cf199%2Cf128%2Cf198%2Cf259%2Cf260%2Cf261%2Cf171%2Cf277%2Cf278%2Cf279%2Cf288%2Cf152%2Cf250%2Cf251%2Cf252%2Cf253%2Cf254%2Cf269%2Cf270%2Cf271%2Cf272%2Cf273%2Cf274%2Cf275%2Cf276%2Cf265%2Cf266%2Cf289%2Cf290%2Cf286%2Cf285%2Cf292%2Cf293%2Cf294%2Cf295%2Cf43&secid=1.688041 (Caused by ProxyError('Unable to connect to proxy', RemoteDisconnected('Remote end closed connection without response')))
2025-11-21 19:28:46,927 - growth_stock_screener - WARNING - 获取股票 002837 的概念板块信息失败: HTTPSConnectionPool(host='push2.eastmoney.com', port=443): Max retries exceeded with url: /api/qt/stock/get?fltt=2&invt=2&fields=f120%2Cf121%2Cf122%2Cf174%2Cf175%2Cf59%2Cf163%2Cf43%2Cf57%2Cf58%2Cf169%2Cf170%2Cf46%2Cf44%2Cf51%2Cf168%2Cf47%2Cf164%2Cf116%2Cf60%2Cf45%2Cf52%2Cf50%2Cf48%2Cf167%2Cf117%2Cf71%2Cf161%2Cf49%2Cf530%2Cf135%2Cf136%2Cf137%2Cf138%2Cf139%2Cf141%2Cf142%2Cf144%2Cf145%2Cf147%2Cf148%2Cf140%2Cf143%2Cf146%2Cf149%2Cf55%2Cf62%2Cf162%2Cf92%2Cf173%2Cf104%2Cf105%2Cf84%2Cf85%2Cf183%2Cf184%2Cf185%2Cf186%2Cf187%2Cf188%2Cf189%2Cf190%2Cf191%2Cf192%2Cf107%2Cf111%2Cf86%2Cf177%2Cf78%2Cf110%2Cf262%2Cf263%2Cf264%2Cf267%2Cf268%2Cf255%2Cf256%2Cf257%2Cf258%2Cf127%2Cf199%2Cf128%2Cf198%2Cf259%2Cf260%2Cf261%2Cf171%2Cf277%2Cf278%2Cf279%2Cf288%2Cf152%2Cf250%2Cf251%2Cf252%2Cf253%2Cf254%2Cf269%2Cf270%2Cf271%2Cf272%2Cf273%2Cf274%2Cf275%2Cf276%2Cf265%2Cf266%2Cf289%2Cf290%2Cf286%2Cf285%2Cf292%2Cf293%2Cf294%2Cf295%2Cf43&secid=0.002837 (Caused by ProxyError('Unable to connect to proxy', RemoteDisconnected('Remote end closed connection without response')))
2025-11-21 19:28:47,932 - growth_stock_screener - WARNING - 获取股票 002993 的概念板块信息失败: HTTPSConnectionPool(host='push2.eastmoney.com', port=443): Max retries exceeded with url: /api/qt/stock/get?fltt=2&invt=2&fields=f120%2Cf121%2Cf122%2Cf174%2Cf175%2Cf59%2Cf163%2Cf43%2Cf57%2Cf58%2Cf169%2Cf170%2Cf46%2Cf44%2Cf51%2Cf168%2Cf47%2Cf164%2Cf116%2Cf60%2Cf45%2Cf52%2Cf50%2Cf48%2Cf167%2Cf117%2Cf71%2Cf161%2Cf49%2Cf530%2Cf135%2Cf136%2Cf137%2Cf138%2Cf139%2Cf141%2Cf142%2Cf144%2Cf145%2Cf147%2Cf148%2Cf140%2Cf143%2Cf146%2Cf149%2Cf55%2Cf62%2Cf162%2Cf92%2Cf173%2Cf104%2Cf105%2Cf84%2Cf85%2Cf183%2Cf184%2Cf185%2Cf186%2Cf187%2Cf188%2Cf189%2Cf190%2Cf191%2Cf192%2Cf107%2Cf111%2Cf86%2Cf177%2Cf78%2Cf110%2Cf262%2Cf263%2Cf264%2Cf267%2Cf268%2Cf255%2Cf256%2Cf257%2Cf258%2Cf127%2Cf199%2Cf128%2Cf198%2Cf259%2Cf260%2Cf261%2Cf171%2Cf277%2Cf278%2Cf279%2Cf288%2Cf152%2Cf250%2Cf251%2Cf252%2Cf253%2Cf254%2Cf269%2Cf270%2Cf271%2Cf272%2Cf273%2Cf274%2Cf275%2Cf276%2Cf265%2Cf266%2Cf289%2Cf290%2Cf286%2Cf285%2Cf292%2Cf293%2Cf294%2Cf295%2Cf43&secid=0.002993 (Caused by ProxyError('Unable to connect to proxy', RemoteDisconnected('Remote end closed connection without response')))
2025-11-21 19:28:48,987 - growth_stock_screener - WARNING - 获取股票 300014 的概念板块信息失败: HTTPSConnectionPool(host='push2.eastmoney.com', port=443): Max retries exceeded with url: /api/qt/stock/get?fltt=2&invt=2&fields=f120%2Cf121%2Cf122%2Cf174%2Cf175%2Cf59%2Cf163%2Cf43%2Cf57%2Cf58%2Cf169%2Cf170%2Cf46%2Cf44%2Cf51%2Cf168%2Cf47%2Cf164%2Cf116%2Cf60%2Cf45%2Cf52%2Cf50%2Cf48%2Cf167%2Cf117%2Cf71%2Cf161%2Cf49%2Cf530%2Cf135%2Cf136%2Cf137%2Cf138%2Cf139%2Cf141%2Cf142%2Cf144%2Cf145%2Cf147%2Cf148%2Cf140%2Cf143%2Cf146%2Cf149%2Cf55%2Cf62%2Cf162%2Cf92%2Cf173%2Cf104%2Cf105%2Cf84%2Cf85%2Cf183%2Cf184%2Cf185%2Cf186%2Cf187%2Cf188%2Cf189%2Cf190%2Cf191%2Cf192%2Cf107%2Cf111%2Cf86%2Cf177%2Cf78%2Cf110%2Cf262%2Cf263%2Cf264%2Cf267%2Cf268%2Cf255%2Cf256%2Cf257%2Cf258%2Cf127%2Cf199%2Cf128%2Cf198%2Cf259%2Cf260%2Cf261%2Cf171%2Cf277%2Cf278%2Cf279%2Cf288%2Cf152%2Cf250%2Cf251%2Cf252%2Cf253%2Cf254%2Cf269%2Cf270%2Cf271%2Cf272%2Cf273%2Cf274%2Cf275%2Cf276%2Cf265%2Cf266%2Cf289%2Cf290%2Cf286%2Cf285%2Cf292%2Cf293%2Cf294%2Cf295%2Cf43&secid=0.300014 (Caused by ProxyError('Unable to connect to proxy', RemoteDisconnected('Remote end closed connection without response')))
2025-11-21 19:28:50,193 - growth_stock_screener - WARNING - 获取股票 01810 的概念板块信息失败: HTTPSConnectionPool(host='push2.eastmoney.com', port=443): Max retries exceeded with url: /api/qt/stock/get?fltt=2&invt=2&fields=f120%2Cf121%2Cf122%2Cf174%2Cf175%2Cf59%2Cf163%2Cf43%2Cf57%2Cf58%2Cf169%2Cf170%2Cf46%2Cf44%2Cf51%2Cf168%2Cf47%2Cf164%2Cf116%2Cf60%2Cf45%2Cf52%2Cf50%2Cf48%2Cf167%2Cf117%2Cf71%2Cf161%2Cf49%2Cf530%2Cf135%2Cf136%2Cf137%2Cf138%2Cf139%2Cf141%2Cf142%2Cf144%2Cf145%2Cf147%2Cf148%2Cf140%2Cf143%2Cf146%2Cf149%2Cf55%2Cf62%2Cf162%2Cf92%2Cf173%2Cf104%2Cf105%2Cf84%2Cf85%2Cf183%2Cf184%2Cf185%2Cf186%2Cf187%2Cf188%2Cf189%2Cf190%2Cf191%2Cf192%2Cf107%2Cf111%2Cf86%2Cf177%2Cf78%2Cf110%2Cf262%2Cf263%2Cf264%2Cf267%2Cf268%2Cf255%2Cf256%2Cf257%2Cf258%2Cf127%2Cf199%2Cf128%2Cf198%2Cf259%2Cf260%2Cf261%2Cf171%2Cf277%2Cf278%2Cf279%2Cf288%2Cf152%2Cf250%2Cf251%2Cf252%2Cf253%2Cf254%2Cf269%2Cf270%2Cf271%2Cf272%2Cf273%2Cf274%2Cf275%2Cf276%2Cf265%2Cf266%2Cf289%2Cf290%2Cf286%2Cf285%2Cf292%2Cf293%2Cf294%2Cf295%2Cf43&secid=0.01810 (Caused by ProxyError('Unable to connect to proxy', RemoteDisconnected('Remote end closed connection without response')))
2025-11-21 19:28:51,028 - growth_stock_screener - WARNING - 获取股票 688084 的概念板块信息失败: HTTPSConnectionPool(host='push2.eastmoney.com', port=443): Max retries exceeded with url: /api/qt/stock/get?fltt=2&invt=2&fields=f120%2Cf121%2Cf122%2Cf174%2Cf175%2Cf59%2Cf163%2Cf43%2Cf57%2Cf58%2Cf169%2Cf170%2Cf46%2Cf44%2Cf51%2Cf168%2Cf47%2Cf164%2Cf116%2Cf60%2Cf45%2Cf52%2Cf50%2Cf48%2Cf167%2Cf117%2Cf71%2Cf161%2Cf49%2Cf530%2Cf135%2Cf136%2Cf137%2Cf138%2Cf139%2Cf141%2Cf142%2Cf144%2Cf145%2Cf147%2Cf148%2Cf140%2Cf143%2Cf146%2Cf149%2Cf55%2Cf62%2Cf162%2Cf92%2Cf173%2Cf104%2Cf105%2Cf84%2Cf85%2Cf183%2Cf184%2Cf185%2Cf186%2Cf187%2Cf188%2Cf189%2Cf190%2Cf191%2Cf192%2Cf107%2Cf111%2Cf86%2Cf177%2Cf78%2Cf110%2Cf262%2Cf263%2Cf264%2Cf267%2Cf268%2Cf255%2Cf256%2Cf257%2Cf258%2Cf127%2Cf199%2Cf128%2Cf198%2Cf259%2Cf260%2Cf261%2Cf171%2Cf277%2Cf278%2Cf279%2Cf288%2Cf152%2Cf250%2Cf251%2Cf252%2Cf253%2Cf254%2Cf269%2Cf270%2Cf271%2Cf272%2Cf273%2Cf274%2Cf275%2Cf276%2Cf265%2Cf266%2Cf289%2Cf290%2Cf286%2Cf285%2Cf292%2Cf293%2Cf294%2Cf295%2Cf43&secid=1.688084 (Caused by ProxyError('Unable to connect to proxy', RemoteDisconnected('Remote end closed connection without response')))
2025-11-21 19:28:52,655 - growth_stock_screener - WARNING - 获取股票 300832 的概念板块信息失败: HTTPSConnectionPool(host='push2.eastmoney.com', port=443): Max retries exceeded with url: /api/qt/stock/get?fltt=2&invt=2&fields=f120%2Cf121%2Cf122%2Cf174%2Cf175%2Cf59%2Cf163%2Cf43%2Cf57%2Cf58%2Cf169%2Cf170%2Cf46%2Cf44%2Cf51%2Cf168%2Cf47%2Cf164%2Cf116%2Cf60%2Cf45%2Cf52%2Cf50%2Cf48%2Cf167%2Cf117%2Cf71%2Cf161%2Cf49%2Cf530%2Cf135%2Cf136%2Cf137%2Cf138%2Cf139%2Cf141%2Cf142%2Cf144%2Cf145%2Cf147%2Cf148%2Cf140%2Cf143%2Cf146%2Cf149%2Cf55%2Cf62%2Cf162%2Cf92%2Cf173%2Cf104%2Cf105%2Cf84%2Cf85%2Cf183%2Cf184%2Cf185%2Cf186%2Cf187%2Cf188%2Cf189%2Cf190%2Cf191%2Cf192%2Cf107%2Cf111%2Cf86%2Cf177%2Cf78%2Cf110%2Cf262%2Cf263%2Cf264%2Cf267%2Cf268%2Cf255%2Cf256%2Cf257%2Cf258%2Cf127%2Cf199%2Cf128%2Cf198%2Cf259%2Cf260%2Cf261%2Cf171%2Cf277%2Cf278%2Cf279%2Cf288%2Cf152%2Cf250%2Cf251%2Cf252%2Cf253%2Cf254%2Cf269%2Cf270%2Cf271%2Cf272%2Cf273%2Cf274%2Cf275%2Cf276%2Cf265%2Cf266%2Cf289%2Cf290%2Cf286%2Cf285%2Cf292%2Cf293%2Cf294%2Cf295%2Cf43&secid=0.300832 (Caused by ProxyError('Unable to connect to proxy', RemoteDisconnected('Remote end closed connection without response')))
2025-11-21 19:28:53,518 - growth_stock_screener - WARNING - 获取股票 301061 的概念板块信息失败: HTTPSConnectionPool(host='push2.eastmoney.com', port=443): Max retries exceeded with url: /api/qt/stock/get?fltt=2&invt=2&fields=f120%2Cf121%2Cf122%2Cf174%2Cf175%2Cf59%2Cf163%2Cf43%2Cf57%2Cf58%2Cf169%2Cf170%2Cf46%2Cf44%2Cf51%2Cf168%2Cf47%2Cf164%2Cf116%2Cf60%2Cf45%2Cf52%2Cf50%2Cf48%2Cf167%2Cf117%2Cf71%2Cf161%2Cf49%2Cf530%2Cf135%2Cf136%2Cf137%2Cf138%2Cf139%2Cf141%2Cf142%2Cf144%2Cf145%2Cf147%2Cf148%2Cf140%2Cf143%2Cf146%2Cf149%2Cf55%2Cf62%2Cf162%2Cf92%2Cf173%2Cf104%2Cf105%2Cf84%2Cf85%2Cf183%2Cf184%2Cf185%2Cf186%2Cf187%2Cf188%2Cf189%2Cf190%2Cf191%2Cf192%2Cf107%2Cf111%2Cf86%2Cf177%2Cf78%2Cf110%2Cf262%2Cf263%2Cf264%2Cf267%2Cf268%2Cf255%2Cf256%2Cf257%2Cf258%2Cf127%2Cf199%2Cf128%2Cf198%2Cf259%2Cf260%2Cf261%2Cf171%2Cf277%2Cf278%2Cf279%2Cf288%2Cf152%2Cf250%2Cf251%2Cf252%2Cf253%2Cf254%2Cf269%2Cf270%2Cf271%2Cf272%2Cf273%2Cf274%2Cf275%2Cf276%2Cf265%2Cf266%2Cf289%2Cf290%2Cf286%2Cf285%2Cf292%2Cf293%2Cf294%2Cf295%2Cf43&secid=0.301061 (Caused by ProxyError('Unable to connect to proxy', RemoteDisconnected('Remote end closed connection without response')))
2025-11-21 19:28:54,318 - growth_stock_screener - WARNING - 获取股票 600183 的概念板块信息失败: HTTPSConnectionPool(host='push2.eastmoney.com', port=443): Max retries exceeded with url: /api/qt/stock/get?fltt=2&invt=2&fields=f120%2Cf121%2Cf122%2Cf174%2Cf175%2Cf59%2Cf163%2Cf43%2Cf57%2Cf58%2Cf169%2Cf170%2Cf46%2Cf44%2Cf51%2Cf168%2Cf47%2Cf164%2Cf116%2Cf60%2Cf45%2Cf52%2Cf50%2Cf48%2Cf167%2Cf117%2Cf71%2Cf161%2Cf49%2Cf530%2Cf135%2Cf136%2Cf137%2Cf138%2Cf139%2Cf141%2Cf142%2Cf144%2Cf145%2Cf147%2Cf148%2Cf140%2Cf143%2Cf146%2Cf149%2Cf55%2Cf62%2Cf162%2Cf92%2Cf173%2Cf104%2Cf105%2Cf84%2Cf85%2Cf183%2Cf184%2Cf185%2Cf186%2Cf187%2Cf188%2Cf189%2Cf190%2Cf191%2Cf192%2Cf107%2Cf111%2Cf86%2Cf177%2Cf78%2Cf110%2Cf262%2Cf263%2Cf264%2Cf267%2Cf268%2Cf255%2Cf256%2Cf257%2Cf258%2Cf127%2Cf199%2Cf128%2Cf198%2Cf259%2Cf260%2Cf261%2Cf171%2Cf277%2Cf278%2Cf279%2Cf288%2Cf152%2Cf250%2Cf251%2Cf252%2Cf253%2Cf254%2Cf269%2Cf270%2Cf271%2Cf272%2Cf273%2Cf274%2Cf275%2Cf276%2Cf265%2Cf266%2Cf289%2Cf290%2Cf286%2Cf285%2Cf292%2Cf293%2Cf294%2Cf295%2Cf43&secid=1.600183 (Caused by ProxyError('Unable to connect to proxy', RemoteDisconnected('Remote end closed connection without response')))
2025-11-21 19:28:55,168 - growth_stock_screener - WARNING - 获取股票 688205 的概念板块信息失败: HTTPSConnectionPool(host='push2.eastmoney.com', port=443): Max retries exceeded with url: /api/qt/stock/get?fltt=2&invt=2&fields=f120%2Cf121%2Cf122%2Cf174%2Cf175%2Cf59%2Cf163%2Cf43%2Cf57%2Cf58%2Cf169%2Cf170%2Cf46%2Cf44%2Cf51%2Cf168%2Cf47%2Cf164%2Cf116%2Cf60%2Cf45%2Cf52%2Cf50%2Cf48%2Cf167%2Cf117%2Cf71%2Cf161%2Cf49%2Cf530%2Cf135%2Cf136%2Cf137%2Cf138%2Cf139%2Cf141%2Cf142%2Cf144%2Cf145%2Cf147%2Cf148%2Cf140%2Cf143%2Cf146%2Cf149%2Cf55%2Cf62%2Cf162%2Cf92%2Cf173%2Cf104%2Cf105%2Cf84%2Cf85%2Cf183%2Cf184%2Cf185%2Cf186%2Cf187%2Cf188%2Cf189%2Cf190%2Cf191%2Cf192%2Cf107%2Cf111%2Cf86%2Cf177%2Cf78%2Cf110%2Cf262%2Cf263%2Cf264%2Cf267%2Cf268%2Cf255%2Cf256%2Cf257%2Cf258%2Cf127%2Cf199%2Cf128%2Cf198%2Cf259%2Cf260%2Cf261%2Cf171%2Cf277%2Cf278%2Cf279%2Cf288%2Cf152%2Cf250%2Cf251%2Cf252%2Cf253%2Cf254%2Cf269%2Cf270%2Cf271%2Cf272%2Cf273%2Cf274%2Cf275%2Cf276%2Cf265%2Cf266%2Cf289%2Cf290%2Cf286%2Cf285%2Cf292%2Cf293%2Cf294%2Cf295%2Cf43&secid=1.688205 (Caused by ProxyError('Unable to connect to proxy', RemoteDisconnected('Remote end closed connection without response')))
2025-11-21 19:28:56,247 - growth_stock_screener - WARNING - 获取股票 300750 的概念板块信息失败: HTTPSConnectionPool(host='push2.eastmoney.com', port=443): Max retries exceeded with url: /api/qt/stock/get?fltt=2&invt=2&fields=f120%2Cf121%2Cf122%2Cf174%2Cf175%2Cf59%2Cf163%2Cf43%2Cf57%2Cf58%2Cf169%2Cf170%2Cf46%2Cf44%2Cf51%2Cf168%2Cf47%2Cf164%2Cf116%2Cf60%2Cf45%2Cf52%2Cf50%2Cf48%2Cf167%2Cf117%2Cf71%2Cf161%2Cf49%2Cf530%2Cf135%2Cf136%2Cf137%2Cf138%2Cf139%2Cf141%2Cf142%2Cf144%2Cf145%2Cf147%2Cf148%2Cf140%2Cf143%2Cf146%2Cf149%2Cf55%2Cf62%2Cf162%2Cf92%2Cf173%2Cf104%2Cf105%2Cf84%2Cf85%2Cf183%2Cf184%2Cf185%2Cf186%2Cf187%2Cf188%2Cf189%2Cf190%2Cf191%2Cf192%2Cf107%2Cf111%2Cf86%2Cf177%2Cf78%2Cf110%2Cf262%2Cf263%2Cf264%2Cf267%2Cf268%2Cf255%2Cf256%2Cf257%2Cf258%2Cf127%2Cf199%2Cf128%2Cf198%2Cf259%2Cf260%2Cf261%2Cf171%2Cf277%2Cf278%2Cf279%2Cf288%2Cf152%2Cf250%2Cf251%2Cf252%2Cf253%2Cf254%2Cf269%2Cf270%2Cf271%2Cf272%2Cf273%2Cf274%2Cf275%2Cf276%2Cf265%2Cf266%2Cf289%2Cf290%2Cf286%2Cf285%2Cf292%2Cf293%2Cf294%2Cf295%2Cf43&secid=0.300750 (Caused by ProxyError('Unable to connect to proxy', RemoteDisconnected('Remote end closed connection without response')))
2025-11-21 19:28:57,140 - growth_stock_screener - WARNING - 获取股票 09992 的概念板块信息失败: HTTPSConnectionPool(host='push2.eastmoney.com', port=443): Max retries exceeded with url: /api/qt/stock/get?fltt=2&invt=2&fields=f120%2Cf121%2Cf122%2Cf174%2Cf175%2Cf59%2Cf163%2Cf43%2Cf57%2Cf58%2Cf169%2Cf170%2Cf46%2Cf44%2Cf51%2Cf168%2Cf47%2Cf164%2Cf116%2Cf60%2Cf45%2Cf52%2Cf50%2Cf48%2Cf167%2Cf117%2Cf71%2Cf161%2Cf49%2Cf530%2Cf135%2Cf136%2Cf137%2Cf138%2Cf139%2Cf141%2Cf142%2Cf144%2Cf145%2Cf147%2Cf148%2Cf140%2Cf143%2Cf146%2Cf149%2Cf55%2Cf62%2Cf162%2Cf92%2Cf173%2Cf104%2Cf105%2Cf84%2Cf85%2Cf183%2Cf184%2Cf185%2Cf186%2Cf187%2Cf188%2Cf189%2Cf190%2Cf191%2Cf192%2Cf107%2Cf111%2Cf86%2Cf177%2Cf78%2Cf110%2Cf262%2Cf263%2Cf264%2Cf267%2Cf268%2Cf255%2Cf256%2Cf257%2Cf258%2Cf127%2Cf199%2Cf128%2Cf198%2Cf259%2Cf260%2Cf261%2Cf171%2Cf277%2Cf278%2Cf279%2Cf288%2Cf152%2Cf250%2Cf251%2Cf252%2Cf253%2Cf254%2Cf269%2Cf270%2Cf271%2Cf272%2Cf273%2Cf274%2Cf275%2Cf276%2Cf265%2Cf266%2Cf289%2Cf290%2Cf286%2Cf285%2Cf292%2Cf293%2Cf294%2Cf295%2Cf43&secid=0.09992 (Caused by ProxyError('Unable to connect to proxy', RemoteDisconnected('Remote end closed connection without response')))
2025-11-21 19:28:57,930 - growth_stock_screener - WARNING - 获取股票 01024 的概念板块信息失败: HTTPSConnectionPool(host='push2.eastmoney.com', port=443): Max retries exceeded with url: /api/qt/stock/get?fltt=2&invt=2&fields=f120%2Cf121%2Cf122%2Cf174%2Cf175%2Cf59%2Cf163%2Cf43%2Cf57%2Cf58%2Cf169%2Cf170%2Cf46%2Cf44%2Cf51%2Cf168%2Cf47%2Cf164%2Cf116%2Cf60%2Cf45%2Cf52%2Cf50%2Cf48%2Cf167%2Cf117%2Cf71%2Cf161%2Cf49%2Cf530%2Cf135%2Cf136%2Cf137%2Cf138%2Cf139%2Cf141%2Cf142%2Cf144%2Cf145%2Cf147%2Cf148%2Cf140%2Cf143%2Cf146%2Cf149%2Cf55%2Cf62%2Cf162%2Cf92%2Cf173%2Cf104%2Cf105%2Cf84%2Cf85%2Cf183%2Cf184%2Cf185%2Cf186%2Cf187%2Cf188%2Cf189%2Cf190%2Cf191%2Cf192%2Cf107%2Cf111%2Cf86%2Cf177%2Cf78%2Cf110%2Cf262%2Cf263%2Cf264%2Cf267%2Cf268%2Cf255%2Cf256%2Cf257%2Cf258%2Cf127%2Cf199%2Cf128%2Cf198%2Cf259%2Cf260%2Cf261%2Cf171%2Cf277%2Cf278%2Cf279%2Cf288%2Cf152%2Cf250%2Cf251%2Cf252%2Cf253%2Cf254%2Cf269%2Cf270%2Cf271%2Cf272%2Cf273%2Cf274%2Cf275%2Cf276%2Cf265%2Cf266%2Cf289%2Cf290%2Cf286%2Cf285%2Cf292%2Cf293%2Cf294%2Cf295%2Cf43&secid=0.01024 (Caused by ProxyError('Unable to connect to proxy', RemoteDisconnected('Remote end closed connection without response')))
2025-11-21 19:28:59,128 - growth_stock_screener - WARNING - 获取股票 002609 的概念板块信息失败: HTTPSConnectionPool(host='push2.eastmoney.com', port=443): Max retries exceeded with url: /api/qt/stock/get?fltt=2&invt=2&fields=f120%2Cf121%2Cf122%2Cf174%2Cf175%2Cf59%2Cf163%2Cf43%2Cf57%2Cf58%2Cf169%2Cf170%2Cf46%2Cf44%2Cf51%2Cf168%2Cf47%2Cf164%2Cf116%2Cf60%2Cf45%2Cf52%2Cf50%2Cf48%2Cf167%2Cf117%2Cf71%2Cf161%2Cf49%2Cf530%2Cf135%2Cf136%2Cf137%2Cf138%2Cf139%2Cf141%2Cf142%2Cf144%2Cf145%2Cf147%2Cf148%2Cf140%2Cf143%2Cf146%2Cf149%2Cf55%2Cf62%2Cf162%2Cf92%2Cf173%2Cf104%2Cf105%2Cf84%2Cf85%2Cf183%2Cf184%2Cf185%2Cf186%2Cf187%2Cf188%2Cf189%2Cf190%2Cf191%2Cf192%2Cf107%2Cf111%2Cf86%2Cf177%2Cf78%2Cf110%2Cf262%2Cf263%2Cf264%2Cf267%2Cf268%2Cf255%2Cf256%2Cf257%2Cf258%2Cf127%2Cf199%2Cf128%2Cf198%2Cf259%2Cf260%2Cf261%2Cf171%2Cf277%2Cf278%2Cf279%2Cf288%2Cf152%2Cf250%2Cf251%2Cf252%2Cf253%2Cf254%2Cf269%2Cf270%2Cf271%2Cf272%2Cf273%2Cf274%2Cf275%2Cf276%2Cf265%2Cf266%2Cf289%2Cf290%2Cf286%2Cf285%2Cf292%2Cf293%2Cf294%2Cf295%2Cf43&secid=0.002609 (Caused by ProxyError('Unable to connect to proxy', RemoteDisconnected('Remote end closed connection without response')))
2025-11-21 19:29:00,794 - growth_stock_screener - WARNING - 获取股票 603083 的概念板块信息失败: HTTPSConnectionPool(host='push2.eastmoney.com', port=443): Max retries exceeded with url: /api/qt/stock/get?fltt=2&invt=2&fields=f120%2Cf121%2Cf122%2Cf174%2Cf175%2Cf59%2Cf163%2Cf43%2Cf57%2Cf58%2Cf169%2Cf170%2Cf46%2Cf44%2Cf51%2Cf168%2Cf47%2Cf164%2Cf116%2Cf60%2Cf45%2Cf52%2Cf50%2Cf48%2Cf167%2Cf117%2Cf71%2Cf161%2Cf49%2Cf530%2Cf135%2Cf136%2Cf137%2Cf138%2Cf139%2Cf141%2Cf142%2Cf144%2Cf145%2Cf147%2Cf148%2Cf140%2Cf143%2Cf146%2Cf149%2Cf55%2Cf62%2Cf162%2Cf92%2Cf173%2Cf104%2Cf105%2Cf84%2Cf85%2Cf183%2Cf184%2Cf185%2Cf186%2Cf187%2Cf188%2Cf189%2Cf190%2Cf191%2Cf192%2Cf107%2Cf111%2Cf86%2Cf177%2Cf78%2Cf110%2Cf262%2Cf263%2Cf264%2Cf267%2Cf268%2Cf255%2Cf256%2Cf257%2Cf258%2Cf127%2Cf199%2Cf128%2Cf198%2Cf259%2Cf260%2Cf261%2Cf171%2Cf277%2Cf278%2Cf279%2Cf288%2Cf152%2Cf250%2Cf251%2Cf252%2Cf253%2Cf254%2Cf269%2Cf270%2Cf271%2Cf272%2Cf273%2Cf274%2Cf275%2Cf276%2Cf265%2Cf266%2Cf289%2Cf290%2Cf286%2Cf285%2Cf292%2Cf293%2Cf294%2Cf295%2Cf43&secid=1.603083 (Caused by ProxyError('Unable to connect to proxy', RemoteDisconnected('Remote end closed connection without response')))
2025-11-21 19:29:01,930 - growth_stock_screener - WARNING - 获取股票 00981 的概念板块信息失败: HTTPSConnectionPool(host='push2.eastmoney.com', port=443): Max retries exceeded with url: /api/qt/stock/get?fltt=2&invt=2&fields=f120%2Cf121%2Cf122%2Cf174%2Cf175%2Cf59%2Cf163%2Cf43%2Cf57%2Cf58%2Cf169%2Cf170%2Cf46%2Cf44%2Cf51%2Cf168%2Cf47%2Cf164%2Cf116%2Cf60%2Cf45%2Cf52%2Cf50%2Cf48%2Cf167%2Cf117%2Cf71%2Cf161%2Cf49%2Cf530%2Cf135%2Cf136%2Cf137%2Cf138%2Cf139%2Cf141%2Cf142%2Cf144%2Cf145%2Cf147%2Cf148%2Cf140%2Cf143%2Cf146%2Cf149%2Cf55%2Cf62%2Cf162%2Cf92%2Cf173%2Cf104%2Cf105%2Cf84%2Cf85%2Cf183%2Cf184%2Cf185%2Cf186%2Cf187%2Cf188%2Cf189%2Cf190%2Cf191%2Cf192%2Cf107%2Cf111%2Cf86%2Cf177%2Cf78%2Cf110%2Cf262%2Cf263%2Cf264%2Cf267%2Cf268%2Cf255%2Cf256%2Cf257%2Cf258%2Cf127%2Cf199%2Cf128%2Cf198%2Cf259%2Cf260%2Cf261%2Cf171%2Cf277%2Cf278%2Cf279%2Cf288%2Cf152%2Cf250%2Cf251%2Cf252%2Cf253%2Cf254%2Cf269%2Cf270%2Cf271%2Cf272%2Cf273%2Cf274%2Cf275%2Cf276%2Cf265%2Cf266%2Cf289%2Cf290%2Cf286%2Cf285%2Cf292%2Cf293%2Cf294%2Cf295%2Cf43&secid=0.00981 (Caused by ProxyError('Unable to connect to proxy', RemoteDisconnected('Remote end closed connection without response')))
2025-11-21 19:29:03,003 - growth_stock_screener - WARNING - 获取股票 300433 的概念板块信息失败: HTTPSConnectionPool(host='push2.eastmoney.com', port=443): Max retries exceeded with url: /api/qt/stock/get?fltt=2&invt=2&fields=f120%2Cf121%2Cf122%2Cf174%2Cf175%2Cf59%2Cf163%2Cf43%2Cf57%2Cf58%2Cf169%2Cf170%2Cf46%2Cf44%2Cf51%2Cf168%2Cf47%2Cf164%2Cf116%2Cf60%2Cf45%2Cf52%2Cf50%2Cf48%2Cf167%2Cf117%2Cf71%2Cf161%2Cf49%2Cf530%2Cf135%2Cf136%2Cf137%2Cf138%2Cf139%2Cf141%2Cf142%2Cf144%2Cf145%2Cf147%2Cf148%2Cf140%2Cf143%2Cf146%2Cf149%2Cf55%2Cf62%2Cf162%2Cf92%2Cf173%2Cf104%2Cf105%2Cf84%2Cf85%2Cf183%2Cf184%2Cf185%2Cf186%2Cf187%2Cf188%2Cf189%2Cf190%2Cf191%2Cf192%2Cf107%2Cf111%2Cf86%2Cf177%2Cf78%2Cf110%2Cf262%2Cf263%2Cf264%2Cf267%2Cf268%2Cf255%2Cf256%2Cf257%2Cf258%2Cf127%2Cf199%2Cf128%2Cf198%2Cf259%2Cf260%2Cf261%2Cf171%2Cf277%2Cf278%2Cf279%2Cf288%2Cf152%2Cf250%2Cf251%2Cf252%2Cf253%2Cf254%2Cf269%2Cf270%2Cf271%2Cf272%2Cf273%2Cf274%2Cf275%2Cf276%2Cf265%2Cf266%2Cf289%2Cf290%2Cf286%2Cf285%2Cf292%2Cf293%2Cf294%2Cf295%2Cf43&secid=0.300433 (Caused by ProxyError('Unable to connect to proxy', RemoteDisconnected('Remote end closed connection without response')))
2025-11-21 19:29:04,151 - growth_stock_screener - WARNING - 获取股票 06869 的概念板块信息失败: HTTPSConnectionPool(host='push2.eastmoney.com', port=443): Max retries exceeded with url: /api/qt/stock/get?fltt=2&invt=2&fields=f120%2Cf121%2Cf122%2Cf174%2Cf175%2Cf59%2Cf163%2Cf43%2Cf57%2Cf58%2Cf169%2Cf170%2Cf46%2Cf44%2Cf51%2Cf168%2Cf47%2Cf164%2Cf116%2Cf60%2Cf45%2Cf52%2Cf50%2Cf48%2Cf167%2Cf117%2Cf71%2Cf161%2Cf49%2Cf530%2Cf135%2Cf136%2Cf137%2Cf138%2Cf139%2Cf141%2Cf142%2Cf144%2Cf145%2Cf147%2Cf148%2Cf140%2Cf143%2Cf146%2Cf149%2Cf55%2Cf62%2Cf162%2Cf92%2Cf173%2Cf104%2Cf105%2Cf84%2Cf85%2Cf183%2Cf184%2Cf185%2Cf186%2Cf187%2Cf188%2Cf189%2Cf190%2Cf191%2Cf192%2Cf107%2Cf111%2Cf86%2Cf177%2Cf78%2Cf110%2Cf262%2Cf263%2Cf264%2Cf267%2Cf268%2Cf255%2Cf256%2Cf257%2Cf258%2Cf127%2Cf199%2Cf128%2Cf198%2Cf259%2Cf260%2Cf261%2Cf171%2Cf277%2Cf278%2Cf279%2Cf288%2Cf152%2Cf250%2Cf251%2Cf252%2Cf253%2Cf254%2Cf269%2Cf270%2Cf271%2Cf272%2Cf273%2Cf274%2Cf275%2Cf276%2Cf265%2Cf266%2Cf289%2Cf290%2Cf286%2Cf285%2Cf292%2Cf293%2Cf294%2Cf295%2Cf43&secid=0.06869 (Caused by ProxyError('Unable to connect to proxy', RemoteDisconnected('Remote end closed connection without response')))
2025-11-21 19:29:05,144 - growth_stock_screener - WARNING - 获取股票 300274 的概念板块信息失败: HTTPSConnectionPool(host='push2.eastmoney.com', port=443): Max retries exceeded with url: /api/qt/stock/get?fltt=2&invt=2&fields=f120%2Cf121%2Cf122%2Cf174%2Cf175%2Cf59%2Cf163%2Cf43%2Cf57%2Cf58%2Cf169%2Cf170%2Cf46%2Cf44%2Cf51%2Cf168%2Cf47%2Cf164%2Cf116%2Cf60%2Cf45%2Cf52%2Cf50%2Cf48%2Cf167%2Cf117%2Cf71%2Cf161%2Cf49%2Cf530%2Cf135%2Cf136%2Cf137%2Cf138%2Cf139%2Cf141%2Cf142%2Cf144%2Cf145%2Cf147%2Cf148%2Cf140%2Cf143%2Cf146%2Cf149%2Cf55%2Cf62%2Cf162%2Cf92%2Cf173%2Cf104%2Cf105%2Cf84%2Cf85%2Cf183%2Cf184%2Cf185%2Cf186%2Cf187%2Cf188%2Cf189%2Cf190%2Cf191%2Cf192%2Cf107%2Cf111%2Cf86%2Cf177%2Cf78%2Cf110%2Cf262%2Cf263%2Cf264%2Cf267%2Cf268%2Cf255%2Cf256%2Cf257%2Cf258%2Cf127%2Cf199%2Cf128%2Cf198%2Cf259%2Cf260%2Cf261%2Cf171%2Cf277%2Cf278%2Cf279%2Cf288%2Cf152%2Cf250%2Cf251%2Cf252%2Cf253%2Cf254%2Cf269%2Cf270%2Cf271%2Cf272%2Cf273%2Cf274%2Cf275%2Cf276%2Cf265%2Cf266%2Cf289%2Cf290%2Cf286%2Cf285%2Cf292%2Cf293%2Cf294%2Cf295%2Cf43&secid=0.300274 (Caused by ProxyError('Unable to connect to proxy', RemoteDisconnected('Remote end closed connection without response')))
2025-11-21 19:29:06,140 - growth_stock_screener - WARNING - 获取股票 06181 的概念板块信息失败: HTTPSConnectionPool(host='push2.eastmoney.com', port=443): Max retries exceeded with url: /api/qt/stock/get?fltt=2&invt=2&fields=f120%2Cf121%2Cf122%2Cf174%2Cf175%2Cf59%2Cf163%2Cf43%2Cf57%2Cf58%2Cf169%2Cf170%2Cf46%2Cf44%2Cf51%2Cf168%2Cf47%2Cf164%2Cf116%2Cf60%2Cf45%2Cf52%2Cf50%2Cf48%2Cf167%2Cf117%2Cf71%2Cf161%2Cf49%2Cf530%2Cf135%2Cf136%2Cf137%2Cf138%2Cf139%2Cf141%2Cf142%2Cf144%2Cf145%2Cf147%2Cf148%2Cf140%2Cf143%2Cf146%2Cf149%2Cf55%2Cf62%2Cf162%2Cf92%2Cf173%2Cf104%2Cf105%2Cf84%2Cf85%2Cf183%2Cf184%2Cf185%2Cf186%2Cf187%2Cf188%2Cf189%2Cf190%2Cf191%2Cf192%2Cf107%2Cf111%2Cf86%2Cf177%2Cf78%2Cf110%2Cf262%2Cf263%2Cf264%2Cf267%2Cf268%2Cf255%2Cf256%2Cf257%2Cf258%2Cf127%2Cf199%2Cf128%2Cf198%2Cf259%2Cf260%2Cf261%2Cf171%2Cf277%2Cf278%2Cf279%2Cf288%2Cf152%2Cf250%2Cf251%2Cf252%2Cf253%2Cf254%2Cf269%2Cf270%2Cf271%2Cf272%2Cf273%2Cf274%2Cf275%2Cf276%2Cf265%2Cf266%2Cf289%2Cf290%2Cf286%2Cf285%2Cf292%2Cf293%2Cf294%2Cf295%2Cf43&secid=0.06181 (Caused by ProxyError('Unable to connect to proxy', RemoteDisconnected('Remote end closed connection without response')))
2025-11-21 19:29:07,450 - growth_stock_screener - WARNING - 获取股票 600522 的概念板块信息失败: HTTPSConnectionPool(host='push2.eastmoney.com', port=443): Max retries exceeded with url: /api/qt/stock/get?fltt=2&invt=2&fields=f120%2Cf121%2Cf122%2Cf174%2Cf175%2Cf59%2Cf163%2Cf43%2Cf57%2Cf58%2Cf169%2Cf170%2Cf46%2Cf44%2Cf51%2Cf168%2Cf47%2Cf164%2Cf116%2Cf60%2Cf45%2Cf52%2Cf50%2Cf48%2Cf167%2Cf117%2Cf71%2Cf161%2Cf49%2Cf530%2Cf135%2Cf136%2Cf137%2Cf138%2Cf139%2Cf141%2Cf142%2Cf144%2Cf145%2Cf147%2Cf148%2Cf140%2Cf143%2Cf146%2Cf149%2Cf55%2Cf62%2Cf162%2Cf92%2Cf173%2Cf104%2Cf105%2Cf84%2Cf85%2Cf183%2Cf184%2Cf185%2Cf186%2Cf187%2Cf188%2Cf189%2Cf190%2Cf191%2Cf192%2Cf107%2Cf111%2Cf86%2Cf177%2Cf78%2Cf110%2Cf262%2Cf263%2Cf264%2Cf267%2Cf268%2Cf255%2Cf256%2Cf257%2Cf258%2Cf127%2Cf199%2Cf128%2Cf198%2Cf259%2Cf260%2Cf261%2Cf171%2Cf277%2Cf278%2Cf279%2Cf288%2Cf152%2Cf250%2Cf251%2Cf252%2Cf253%2Cf254%2Cf269%2Cf270%2Cf271%2Cf272%2Cf273%2Cf274%2Cf275%2Cf276%2Cf265%2Cf266%2Cf289%2Cf290%2Cf286%2Cf285%2Cf292%2Cf293%2Cf294%2Cf295%2Cf43&secid=1.600522 (Caused by ProxyError('Unable to connect to proxy', RemoteDisconnected('Remote end closed connection without response')))
2025-11-21 19:29:08,372 - growth_stock_screener - WARNING - 获取股票 300723 的概念板块信息失败: HTTPSConnectionPool(host='push2.eastmoney.com', port=443): Max retries exceeded with url: /api/qt/stock/get?fltt=2&invt=2&fields=f120%2Cf121%2Cf122%2Cf174%2Cf175%2Cf59%2Cf163%2Cf43%2Cf57%2Cf58%2Cf169%2Cf170%2Cf46%2Cf44%2Cf51%2Cf168%2Cf47%2Cf164%2Cf116%2Cf60%2Cf45%2Cf52%2Cf50%2Cf48%2Cf167%2Cf117%2Cf71%2Cf161%2Cf49%2Cf530%2Cf135%2Cf136%2Cf137%2Cf138%2Cf139%2Cf141%2Cf142%2Cf144%2Cf145%2Cf147%2Cf148%2Cf140%2Cf143%2Cf146%2Cf149%2Cf55%2Cf62%2Cf162%2Cf92%2Cf173%2Cf104%2Cf105%2Cf84%2Cf85%2Cf183%2Cf184%2Cf185%2Cf186%2Cf187%2Cf188%2Cf189%2Cf190%2Cf191%2Cf192%2Cf107%2Cf111%2Cf86%2Cf177%2Cf78%2Cf110%2Cf262%2Cf263%2Cf264%2Cf267%2Cf268%2Cf255%2Cf256%2Cf257%2Cf258%2Cf127%2Cf199%2Cf128%2Cf198%2Cf259%2Cf260%2Cf261%2Cf171%2Cf277%2Cf278%2Cf279%2Cf288%2Cf152%2Cf250%2Cf251%2Cf252%2Cf253%2Cf254%2Cf269%2Cf270%2Cf271%2Cf272%2Cf273%2Cf274%2Cf275%2Cf276%2Cf265%2Cf266%2Cf289%2Cf290%2Cf286%2Cf285%2Cf292%2Cf293%2Cf294%2Cf295%2Cf43&secid=0.300723 (Caused by ProxyError('Unable to connect to proxy', RemoteDisconnected('Remote end closed connection without response')))
2025-11-21 19:29:09,328 - growth_stock_screener - WARNING - 获取股票 002179 的概念板块信息失败: HTTPSConnectionPool(host='push2.eastmoney.com', port=443): Max retries exceeded with url: /api/qt/stock/get?fltt=2&invt=2&fields=f120%2Cf121%2Cf122%2Cf174%2Cf175%2Cf59%2Cf163%2Cf43%2Cf57%2Cf58%2Cf169%2Cf170%2Cf46%2Cf44%2Cf51%2Cf168%2Cf47%2Cf164%2Cf116%2Cf60%2Cf45%2Cf52%2Cf50%2Cf48%2Cf167%2Cf117%2Cf71%2Cf161%2Cf49%2Cf530%2Cf135%2Cf136%2Cf137%2Cf138%2Cf139%2Cf141%2Cf142%2Cf144%2Cf145%2Cf147%2Cf148%2Cf140%2Cf143%2Cf146%2Cf149%2Cf55%2Cf62%2Cf162%2Cf92%2Cf173%2Cf104%2Cf105%2Cf84%2Cf85%2Cf183%2Cf184%2Cf185%2Cf186%2Cf187%2Cf188%2Cf189%2Cf190%2Cf191%2Cf192%2Cf107%2Cf111%2Cf86%2Cf177%2Cf78%2Cf110%2Cf262%2Cf263%2Cf264%2Cf267%2Cf268%2Cf255%2Cf256%2Cf257%2Cf258%2Cf127%2Cf199%2Cf128%2Cf198%2Cf259%2Cf260%2Cf261%2Cf171%2Cf277%2Cf278%2Cf279%2Cf288%2Cf152%2Cf250%2Cf251%2Cf252%2Cf253%2Cf254%2Cf269%2Cf270%2Cf271%2Cf272%2Cf273%2Cf274%2Cf275%2Cf276%2Cf265%2Cf266%2Cf289%2Cf290%2Cf286%2Cf285%2Cf292%2Cf293%2Cf294%2Cf295%2Cf43&secid=0.002179 (Caused by ProxyError('Unable to connect to proxy', RemoteDisconnected('Remote end closed connection without response')))
2025-11-21 19:29:10,364 - growth_stock_screener - WARNING - 获取股票 002683 的概念板块信息失败: HTTPSConnectionPool(host='push2.eastmoney.com', port=443): Max retries exceeded with url: /api/qt/stock/get?fltt=2&invt=2&fields=f120%2Cf121%2Cf122%2Cf174%2Cf175%2Cf59%2Cf163%2Cf43%2Cf57%2Cf58%2Cf169%2Cf170%2Cf46%2Cf44%2Cf51%2Cf168%2Cf47%2Cf164%2Cf116%2Cf60%2Cf45%2Cf52%2Cf50%2Cf48%2Cf167%2Cf117%2Cf71%2Cf161%2Cf49%2Cf530%2Cf135%2Cf136%2Cf137%2Cf138%2Cf139%2Cf141%2Cf142%2Cf144%2Cf145%2Cf147%2Cf148%2Cf140%2Cf143%2Cf146%2Cf149%2Cf55%2Cf62%2Cf162%2Cf92%2Cf173%2Cf104%2Cf105%2Cf84%2Cf85%2Cf183%2Cf184%2Cf185%2Cf186%2Cf187%2Cf188%2Cf189%2Cf190%2Cf191%2Cf192%2Cf107%2Cf111%2Cf86%2Cf177%2Cf78%2Cf110%2Cf262%2Cf263%2Cf264%2Cf267%2Cf268%2Cf255%2Cf256%2Cf257%2Cf258%2Cf127%2Cf199%2Cf128%2Cf198%2Cf259%2Cf260%2Cf261%2Cf171%2Cf277%2Cf278%2Cf279%2Cf288%2Cf152%2Cf250%2Cf251%2Cf252%2Cf253%2Cf254%2Cf269%2Cf270%2Cf271%2Cf272%2Cf273%2Cf274%2Cf275%2Cf276%2Cf265%2Cf266%2Cf289%2Cf290%2Cf286%2Cf285%2Cf292%2Cf293%2Cf294%2Cf295%2Cf43&secid=0.002683 (Caused by ProxyError('Unable to connect to proxy', RemoteDisconnected('Remote end closed connection without response')))
2025-11-21 19:29:11,204 - growth_stock_screener - WARNING - 获取股票 688279 的概念板块信息失败: HTTPSConnectionPool(host='push2.eastmoney.com', port=443): Max retries exceeded with url: /api/qt/stock/get?fltt=2&invt=2&fields=f120%2Cf121%2Cf122%2Cf174%2Cf175%2Cf59%2Cf163%2Cf43%2Cf57%2Cf58%2Cf169%2Cf170%2Cf46%2Cf44%2Cf51%2Cf168%2Cf47%2Cf164%2Cf116%2Cf60%2Cf45%2Cf52%2Cf50%2Cf48%2Cf167%2Cf117%2Cf71%2Cf161%2Cf49%2Cf530%2Cf135%2Cf136%2Cf137%2Cf138%2Cf139%2Cf141%2Cf142%2Cf144%2Cf145%2Cf147%2Cf148%2Cf140%2Cf143%2Cf146%2Cf149%2Cf55%2Cf62%2Cf162%2Cf92%2Cf173%2Cf104%2Cf105%2Cf84%2Cf85%2Cf183%2Cf184%2Cf185%2Cf186%2Cf187%2Cf188%2Cf189%2Cf190%2Cf191%2Cf192%2Cf107%2Cf111%2Cf86%2Cf177%2Cf78%2Cf110%2Cf262%2Cf263%2Cf264%2Cf267%2Cf268%2Cf255%2Cf256%2Cf257%2Cf258%2Cf127%2Cf199%2Cf128%2Cf198%2Cf259%2Cf260%2Cf261%2Cf171%2Cf277%2Cf278%2Cf279%2Cf288%2Cf152%2Cf250%2Cf251%2Cf252%2Cf253%2Cf254%2Cf269%2Cf270%2Cf271%2Cf272%2Cf273%2Cf274%2Cf275%2Cf276%2Cf265%2Cf266%2Cf289%2Cf290%2Cf286%2Cf285%2Cf292%2Cf293%2Cf294%2Cf295%2Cf43&secid=1.688279 (Caused by ProxyError('Unable to connect to proxy', RemoteDisconnected('Remote end closed connection without response')))
2025-11-21 19:29:12,375 - growth_stock_screener - WARNING - 获取股票 688213 的概念板块信息失败: HTTPSConnectionPool(host='push2.eastmoney.com', port=443): Max retries exceeded with url: /api/qt/stock/get?fltt=2&invt=2&fields=f120%2Cf121%2Cf122%2Cf174%2Cf175%2Cf59%2Cf163%2Cf43%2Cf57%2Cf58%2Cf169%2Cf170%2Cf46%2Cf44%2Cf51%2Cf168%2Cf47%2Cf164%2Cf116%2Cf60%2Cf45%2Cf52%2Cf50%2Cf48%2Cf167%2Cf117%2Cf71%2Cf161%2Cf49%2Cf530%2Cf135%2Cf136%2Cf137%2Cf138%2Cf139%2Cf141%2Cf142%2Cf144%2Cf145%2Cf147%2Cf148%2Cf140%2Cf143%2Cf146%2Cf149%2Cf55%2Cf62%2Cf162%2Cf92%2Cf173%2Cf104%2Cf105%2Cf84%2Cf85%2Cf183%2Cf184%2Cf185%2Cf186%2Cf187%2Cf188%2Cf189%2Cf190%2Cf191%2Cf192%2Cf107%2Cf111%2Cf86%2Cf177%2Cf78%2Cf110%2Cf262%2Cf263%2Cf264%2Cf267%2Cf268%2Cf255%2Cf256%2Cf257%2Cf258%2Cf127%2Cf199%2Cf128%2Cf198%2Cf259%2Cf260%2Cf261%2Cf171%2Cf277%2Cf278%2Cf279%2Cf288%2Cf152%2Cf250%2Cf251%2Cf252%2Cf253%2Cf254%2Cf269%2Cf270%2Cf271%2Cf272%2Cf273%2Cf274%2Cf275%2Cf276%2Cf265%2Cf266%2Cf289%2Cf290%2Cf286%2Cf285%2Cf292%2Cf293%2Cf294%2Cf295%2Cf43&secid=1.688213 (Caused by ProxyError('Unable to connect to proxy', RemoteDisconnected('Remote end closed connection without response')))
2025-11-21 19:29:13,121 - growth_stock_screener - WARNING - 获取股票 300378 的概念板块信息失败: HTTPSConnectionPool(host='push2.eastmoney.com', port=443): Max retries exceeded with url: /api/qt/stock/get?fltt=2&invt=2&fields=f120%2Cf121%2Cf122%2Cf174%2Cf175%2Cf59%2Cf163%2Cf43%2Cf57%2Cf58%2Cf169%2Cf170%2Cf46%2Cf44%2Cf51%2Cf168%2Cf47%2Cf164%2Cf116%2Cf60%2Cf45%2Cf52%2Cf50%2Cf48%2Cf167%2Cf117%2Cf71%2Cf161%2Cf49%2Cf530%2Cf135%2Cf136%2Cf137%2Cf138%2Cf139%2Cf141%2Cf142%2Cf144%2Cf145%2Cf147%2Cf148%2Cf140%2Cf143%2Cf146%2Cf149%2Cf55%2Cf62%2Cf162%2Cf92%2Cf173%2Cf104%2Cf105%2Cf84%2Cf85%2Cf183%2Cf184%2Cf185%2Cf186%2Cf187%2Cf188%2Cf189%2Cf190%2Cf191%2Cf192%2Cf107%2Cf111%2Cf86%2Cf177%2Cf78%2Cf110%2Cf262%2Cf263%2Cf264%2Cf267%2Cf268%2Cf255%2Cf256%2Cf257%2Cf258%2Cf127%2Cf199%2Cf128%2Cf198%2Cf259%2Cf260%2Cf261%2Cf171%2Cf277%2Cf278%2Cf279%2Cf288%2Cf152%2Cf250%2Cf251%2Cf252%2Cf253%2Cf254%2Cf269%2Cf270%2Cf271%2Cf272%2Cf273%2Cf274%2Cf275%2Cf276%2Cf265%2Cf266%2Cf289%2Cf290%2Cf286%2Cf285%2Cf292%2Cf293%2Cf294%2Cf295%2Cf43&secid=0.300378 (Caused by ProxyError('Unable to connect to proxy', RemoteDisconnected('Remote end closed connection without response')))
2025-11-21 19:29:13,972 - growth_stock_screener - WARNING - 获取股票 01686 的概念板块信息失败: HTTPSConnectionPool(host='push2.eastmoney.com', port=443): Max retries exceeded with url: /api/qt/stock/get?fltt=2&invt=2&fields=f120%2Cf121%2Cf122%2Cf174%2Cf175%2Cf59%2Cf163%2Cf43%2Cf57%2Cf58%2Cf169%2Cf170%2Cf46%2Cf44%2Cf51%2Cf168%2Cf47%2Cf164%2Cf116%2Cf60%2Cf45%2Cf52%2Cf50%2Cf48%2Cf167%2Cf117%2Cf71%2Cf161%2Cf49%2Cf530%2Cf135%2Cf136%2Cf137%2Cf138%2Cf139%2Cf141%2Cf142%2Cf144%2Cf145%2Cf147%2Cf148%2Cf140%2Cf143%2Cf146%2Cf149%2Cf55%2Cf62%2Cf162%2Cf92%2Cf173%2Cf104%2Cf105%2Cf84%2Cf85%2Cf183%2Cf184%2Cf185%2Cf186%2Cf187%2Cf188%2Cf189%2Cf190%2Cf191%2Cf192%2Cf107%2Cf111%2Cf86%2Cf177%2Cf78%2Cf110%2Cf262%2Cf263%2Cf264%2Cf267%2Cf268%2Cf255%2Cf256%2Cf257%2Cf258%2Cf127%2Cf199%2Cf128%2Cf198%2Cf259%2Cf260%2Cf261%2Cf171%2Cf277%2Cf278%2Cf279%2Cf288%2Cf152%2Cf250%2Cf251%2Cf252%2Cf253%2Cf254%2Cf269%2Cf270%2Cf271%2Cf272%2Cf273%2Cf274%2Cf275%2Cf276%2Cf265%2Cf266%2Cf289%2Cf290%2Cf286%2Cf285%2Cf292%2Cf293%2Cf294%2Cf295%2Cf43&secid=0.01686 (Caused by ProxyError('Unable to connect to proxy', RemoteDisconnected('Remote end closed connection without response')))
2025-11-21 19:29:17,788 - growth_stock_screener - WARNING - 获取股票 002364 的概念板块信息失败: HTTPSConnectionPool(host='push2.eastmoney.com', port=443): Max retries exceeded with url: /api/qt/stock/get?fltt=2&invt=2&fields=f120%2Cf121%2Cf122%2Cf174%2Cf175%2Cf59%2Cf163%2Cf43%2Cf57%2Cf58%2Cf169%2Cf170%2Cf46%2Cf44%2Cf51%2Cf168%2Cf47%2Cf164%2Cf116%2Cf60%2Cf45%2Cf52%2Cf50%2Cf48%2Cf167%2Cf117%2Cf71%2Cf161%2Cf49%2Cf530%2Cf135%2Cf136%2Cf137%2Cf138%2Cf139%2Cf141%2Cf142%2Cf144%2Cf145%2Cf147%2Cf148%2Cf140%2Cf143%2Cf146%2Cf149%2Cf55%2Cf62%2Cf162%2Cf92%2Cf173%2Cf104%2Cf105%2Cf84%2Cf85%2Cf183%2Cf184%2Cf185%2Cf186%2Cf187%2Cf188%2Cf189%2Cf190%2Cf191%2Cf192%2Cf107%2Cf111%2Cf86%2Cf177%2Cf78%2Cf110%2Cf262%2Cf263%2Cf264%2Cf267%2Cf268%2Cf255%2Cf256%2Cf257%2Cf258%2Cf127%2Cf199%2Cf128%2Cf198%2Cf259%2Cf260%2Cf261%2Cf171%2Cf277%2Cf278%2Cf279%2Cf288%2Cf152%2Cf250%2Cf251%2Cf252%2Cf253%2Cf254%2Cf269%2Cf270%2Cf271%2Cf272%2Cf273%2Cf274%2Cf275%2Cf276%2Cf265%2Cf266%2Cf289%2Cf290%2Cf286%2Cf285%2Cf292%2Cf293%2Cf294%2Cf295%2Cf43&secid=0.002364 (Caused by ProxyError('Unable to connect to proxy', RemoteDisconnected('Remote end closed connection without response')))
2025-11-21 19:29:19,152 - growth_stock_screener - WARNING - 获取股票 600601 的概念板块信息失败: HTTPSConnectionPool(host='push2.eastmoney.com', port=443): Max retries exceeded with url: /api/qt/stock/get?fltt=2&invt=2&fields=f120%2Cf121%2Cf122%2Cf174%2Cf175%2Cf59%2Cf163%2Cf43%2Cf57%2Cf58%2Cf169%2Cf170%2Cf46%2Cf44%2Cf51%2Cf168%2Cf47%2Cf164%2Cf116%2Cf60%2Cf45%2Cf52%2Cf50%2Cf48%2Cf167%2Cf117%2Cf71%2Cf161%2Cf49%2Cf530%2Cf135%2Cf136%2Cf137%2Cf138%2Cf139%2Cf141%2Cf142%2Cf144%2Cf145%2Cf147%2Cf148%2Cf140%2Cf143%2Cf146%2Cf149%2Cf55%2Cf62%2Cf162%2Cf92%2Cf173%2Cf104%2Cf105%2Cf84%2Cf85%2Cf183%2Cf184%2Cf185%2Cf186%2Cf187%2Cf188%2Cf189%2Cf190%2Cf191%2Cf192%2Cf107%2Cf111%2Cf86%2Cf177%2Cf78%2Cf110%2Cf262%2Cf263%2Cf264%2Cf267%2Cf268%2Cf255%2Cf256%2Cf257%2Cf258%2Cf127%2Cf199%2Cf128%2Cf198%2Cf259%2Cf260%2Cf261%2Cf171%2Cf277%2Cf278%2Cf279%2Cf288%2Cf152%2Cf250%2Cf251%2Cf252%2Cf253%2Cf254%2Cf269%2Cf270%2Cf271%2Cf272%2Cf273%2Cf274%2Cf275%2Cf276%2Cf265%2Cf266%2Cf289%2Cf290%2Cf286%2Cf285%2Cf292%2Cf293%2Cf294%2Cf295%2Cf43&secid=1.600601 (Caused by ProxyError('Unable to connect to proxy', RemoteDisconnected('Remote end closed connection without response')))
2025-11-21 19:29:19,946 - growth_stock_screener - WARNING - 获取股票 002230 的概念板块信息失败: HTTPSConnectionPool(host='push2.eastmoney.com', port=443): Max retries exceeded with url: /api/qt/stock/get?fltt=2&invt=2&fields=f120%2Cf121%2Cf122%2Cf174%2Cf175%2Cf59%2Cf163%2Cf43%2Cf57%2Cf58%2Cf169%2Cf170%2Cf46%2Cf44%2Cf51%2Cf168%2Cf47%2Cf164%2Cf116%2Cf60%2Cf45%2Cf52%2Cf50%2Cf48%2Cf167%2Cf117%2Cf71%2Cf161%2Cf49%2Cf530%2Cf135%2Cf136%2Cf137%2Cf138%2Cf139%2Cf141%2Cf142%2Cf144%2Cf145%2Cf147%2Cf148%2Cf140%2Cf143%2Cf146%2Cf149%2Cf55%2Cf62%2Cf162%2Cf92%2Cf173%2Cf104%2Cf105%2Cf84%2Cf85%2Cf183%2Cf184%2Cf185%2Cf186%2Cf187%2Cf188%2Cf189%2Cf190%2Cf191%2Cf192%2Cf107%2Cf111%2Cf86%2Cf177%2Cf78%2Cf110%2Cf262%2Cf263%2Cf264%2Cf267%2Cf268%2Cf255%2Cf256%2Cf257%2Cf258%2Cf127%2Cf199%2Cf128%2Cf198%2Cf259%2Cf260%2Cf261%2Cf171%2Cf277%2Cf278%2Cf279%2Cf288%2Cf152%2Cf250%2Cf251%2Cf252%2Cf253%2Cf254%2Cf269%2Cf270%2Cf271%2Cf272%2Cf273%2Cf274%2Cf275%2Cf276%2Cf265%2Cf266%2Cf289%2Cf290%2Cf286%2Cf285%2Cf292%2Cf293%2Cf294%2Cf295%2Cf43&secid=0.002230 (Caused by ProxyError('Unable to connect to proxy', RemoteDisconnected('Remote end closed connection without response')))
2025-11-21 19:29:20,797 - growth_stock_screener - WARNING - 获取股票 688475 的概念板块信息失败: HTTPSConnectionPool(host='push2.eastmoney.com', port=443): Max retries exceeded with url: /api/qt/stock/get?fltt=2&invt=2&fields=f120%2Cf121%2Cf122%2Cf174%2Cf175%2Cf59%2Cf163%2Cf43%2Cf57%2Cf58%2Cf169%2Cf170%2Cf46%2Cf44%2Cf51%2Cf168%2Cf47%2Cf164%2Cf116%2Cf60%2Cf45%2Cf52%2Cf50%2Cf48%2Cf167%2Cf117%2Cf71%2Cf161%2Cf49%2Cf530%2Cf135%2Cf136%2Cf137%2Cf138%2Cf139%2Cf141%2Cf142%2Cf144%2Cf145%2Cf147%2Cf148%2Cf140%2Cf143%2Cf146%2Cf149%2Cf55%2Cf62%2Cf162%2Cf92%2Cf173%2Cf104%2Cf105%2Cf84%2Cf85%2Cf183%2Cf184%2Cf185%2Cf186%2Cf187%2Cf188%2Cf189%2Cf190%2Cf191%2Cf192%2Cf107%2Cf111%2Cf86%2Cf177%2Cf78%2Cf110%2Cf262%2Cf263%2Cf264%2Cf267%2Cf268%2Cf255%2Cf256%2Cf257%2Cf258%2Cf127%2Cf199%2Cf128%2Cf198%2Cf259%2Cf260%2Cf261%2Cf171%2Cf277%2Cf278%2Cf279%2Cf288%2Cf152%2Cf250%2Cf251%2Cf252%2Cf253%2Cf254%2Cf269%2Cf270%2Cf271%2Cf272%2Cf273%2Cf274%2Cf275%2Cf276%2Cf265%2Cf266%2Cf289%2Cf290%2Cf286%2Cf285%2Cf292%2Cf293%2Cf294%2Cf295%2Cf43&secid=1.688475 (Caused by ProxyError('Unable to connect to proxy', RemoteDisconnected('Remote end closed connection without response')))
2025-11-21 19:29:21,712 - growth_stock_screener - WARNING - 获取股票 301345 的概念板块信息失败: HTTPSConnectionPool(host='push2.eastmoney.com', port=443): Max retries exceeded with url: /api/qt/stock/get?fltt=2&invt=2&fields=f120%2Cf121%2Cf122%2Cf174%2Cf175%2Cf59%2Cf163%2Cf43%2Cf57%2Cf58%2Cf169%2Cf170%2Cf46%2Cf44%2Cf51%2Cf168%2Cf47%2Cf164%2Cf116%2Cf60%2Cf45%2Cf52%2Cf50%2Cf48%2Cf167%2Cf117%2Cf71%2Cf161%2Cf49%2Cf530%2Cf135%2Cf136%2Cf137%2Cf138%2Cf139%2Cf141%2Cf142%2Cf144%2Cf145%2Cf147%2Cf148%2Cf140%2Cf143%2Cf146%2Cf149%2Cf55%2Cf62%2Cf162%2Cf92%2Cf173%2Cf104%2Cf105%2Cf84%2Cf85%2Cf183%2Cf184%2Cf185%2Cf186%2Cf187%2Cf188%2Cf189%2Cf190%2Cf191%2Cf192%2Cf107%2Cf111%2Cf86%2Cf177%2Cf78%2Cf110%2Cf262%2Cf263%2Cf264%2Cf267%2Cf268%2Cf255%2Cf256%2Cf257%2Cf258%2Cf127%2Cf199%2Cf128%2Cf198%2Cf259%2Cf260%2Cf261%2Cf171%2Cf277%2Cf278%2Cf279%2Cf288%2Cf152%2Cf250%2Cf251%2Cf252%2Cf253%2Cf254%2Cf269%2Cf270%2Cf271%2Cf272%2Cf273%2Cf274%2Cf275%2Cf276%2Cf265%2Cf266%2Cf289%2Cf290%2Cf286%2Cf285%2Cf292%2Cf293%2Cf294%2Cf295%2Cf43&secid=0.301345 (Caused by ProxyError('Unable to connect to proxy', RemoteDisconnected('Remote end closed connection without response')))
2025-11-21 19:29:22,840 - growth_stock_screener - WARNING - 获取股票 06682 的概念板块信息失败: HTTPSConnectionPool(host='push2.eastmoney.com', port=443): Max retries exceeded with url: /api/qt/stock/get?fltt=2&invt=2&fields=f120%2Cf121%2Cf122%2Cf174%2Cf175%2Cf59%2Cf163%2Cf43%2Cf57%2Cf58%2Cf169%2Cf170%2Cf46%2Cf44%2Cf51%2Cf168%2Cf47%2Cf164%2Cf116%2Cf60%2Cf45%2Cf52%2Cf50%2Cf48%2Cf167%2Cf117%2Cf71%2Cf161%2Cf49%2Cf530%2Cf135%2Cf136%2Cf137%2Cf138%2Cf139%2Cf141%2Cf142%2Cf144%2Cf145%2Cf147%2Cf148%2Cf140%2Cf143%2Cf146%2Cf149%2Cf55%2Cf62%2Cf162%2Cf92%2Cf173%2Cf104%2Cf105%2Cf84%2Cf85%2Cf183%2Cf184%2Cf185%2Cf186%2Cf187%2Cf188%2Cf189%2Cf190%2Cf191%2Cf192%2Cf107%2Cf111%2Cf86%2Cf177%2Cf78%2Cf110%2Cf262%2Cf263%2Cf264%2Cf267%2Cf268%2Cf255%2Cf256%2Cf257%2Cf258%2Cf127%2Cf199%2Cf128%2Cf198%2Cf259%2Cf260%2Cf261%2Cf171%2Cf277%2Cf278%2Cf279%2Cf288%2Cf152%2Cf250%2Cf251%2Cf252%2Cf253%2Cf254%2Cf269%2Cf270%2Cf271%2Cf272%2Cf273%2Cf274%2Cf275%2Cf276%2Cf265%2Cf266%2Cf289%2Cf290%2Cf286%2Cf285%2Cf292%2Cf293%2Cf294%2Cf295%2Cf43&secid=0.06682 (Caused by ProxyError('Unable to connect to proxy', RemoteDisconnected('Remote end closed connection without response')))
2025-11-21 19:29:23,774 - growth_stock_screener - WARNING - 获取股票 688608 的概念板块信息失败: HTTPSConnectionPool(host='push2.eastmoney.com', port=443): Max retries exceeded with url: /api/qt/stock/get?fltt=2&invt=2&fields=f120%2Cf121%2Cf122%2Cf174%2Cf175%2Cf59%2Cf163%2Cf43%2Cf57%2Cf58%2Cf169%2Cf170%2Cf46%2Cf44%2Cf51%2Cf168%2Cf47%2Cf164%2Cf116%2Cf60%2Cf45%2Cf52%2Cf50%2Cf48%2Cf167%2Cf117%2Cf71%2Cf161%2Cf49%2Cf530%2Cf135%2Cf136%2Cf137%2Cf138%2Cf139%2Cf141%2Cf142%2Cf144%2Cf145%2Cf147%2Cf148%2Cf140%2Cf143%2Cf146%2Cf149%2Cf55%2Cf62%2Cf162%2Cf92%2Cf173%2Cf104%2Cf105%2Cf84%2Cf85%2Cf183%2Cf184%2Cf185%2Cf186%2Cf187%2Cf188%2Cf189%2Cf190%2Cf191%2Cf192%2Cf107%2Cf111%2Cf86%2Cf177%2Cf78%2Cf110%2Cf262%2Cf263%2Cf264%2Cf267%2Cf268%2Cf255%2Cf256%2Cf257%2Cf258%2Cf127%2Cf199%2Cf128%2Cf198%2Cf259%2Cf260%2Cf261%2Cf171%2Cf277%2Cf278%2Cf279%2Cf288%2Cf152%2Cf250%2Cf251%2Cf252%2Cf253%2Cf254%2Cf269%2Cf270%2Cf271%2Cf272%2Cf273%2Cf274%2Cf275%2Cf276%2Cf265%2Cf266%2Cf289%2Cf290%2Cf286%2Cf285%2Cf292%2Cf293%2Cf294%2Cf295%2Cf43&secid=1.688608 (Caused by ProxyError('Unable to connect to proxy', RemoteDisconnected('Remote end closed connection without response')))
2025-11-21 19:29:24,606 - growth_stock_screener - WARNING - 获取股票 688018 的概念板块信息失败: HTTPSConnectionPool(host='push2.eastmoney.com', port=443): Max retries exceeded with url: /api/qt/stock/get?fltt=2&invt=2&fields=f120%2Cf121%2Cf122%2Cf174%2Cf175%2Cf59%2Cf163%2Cf43%2Cf57%2Cf58%2Cf169%2Cf170%2Cf46%2Cf44%2Cf51%2Cf168%2Cf47%2Cf164%2Cf116%2Cf60%2Cf45%2Cf52%2Cf50%2Cf48%2Cf167%2Cf117%2Cf71%2Cf161%2Cf49%2Cf530%2Cf135%2Cf136%2Cf137%2Cf138%2Cf139%2Cf141%2Cf142%2Cf144%2Cf145%2Cf147%2Cf148%2Cf140%2Cf143%2Cf146%2Cf149%2Cf55%2Cf62%2Cf162%2Cf92%2Cf173%2Cf104%2Cf105%2Cf84%2Cf85%2Cf183%2Cf184%2Cf185%2Cf186%2Cf187%2Cf188%2Cf189%2Cf190%2Cf191%2Cf192%2Cf107%2Cf111%2Cf86%2Cf177%2Cf78%2Cf110%2Cf262%2Cf263%2Cf264%2Cf267%2Cf268%2Cf255%2Cf256%2Cf257%2Cf258%2Cf127%2Cf199%2Cf128%2Cf198%2Cf259%2Cf260%2Cf261%2Cf171%2Cf277%2Cf278%2Cf279%2Cf288%2Cf152%2Cf250%2Cf251%2Cf252%2Cf253%2Cf254%2Cf269%2Cf270%2Cf271%2Cf272%2Cf273%2Cf274%2Cf275%2Cf276%2Cf265%2Cf266%2Cf289%2Cf290%2Cf286%2Cf285%2Cf292%2Cf293%2Cf294%2Cf295%2Cf43&secid=1.688018 (Caused by ProxyError('Unable to connect to proxy', RemoteDisconnected('Remote end closed connection without response')))
2025-11-21 19:29:25,977 - growth_stock_screener - WARNING - 获取股票 002050 的概念板块信息失败: HTTPSConnectionPool(host='push2.eastmoney.com', port=443): Max retries exceeded with url: /api/qt/stock/get?fltt=2&invt=2&fields=f120%2Cf121%2Cf122%2Cf174%2Cf175%2Cf59%2Cf163%2Cf43%2Cf57%2Cf58%2Cf169%2Cf170%2Cf46%2Cf44%2Cf51%2Cf168%2Cf47%2Cf164%2Cf116%2Cf60%2Cf45%2Cf52%2Cf50%2Cf48%2Cf167%2Cf117%2Cf71%2Cf161%2Cf49%2Cf530%2Cf135%2Cf136%2Cf137%2Cf138%2Cf139%2Cf141%2Cf142%2Cf144%2Cf145%2Cf147%2Cf148%2Cf140%2Cf143%2Cf146%2Cf149%2Cf55%2Cf62%2Cf162%2Cf92%2Cf173%2Cf104%2Cf105%2Cf84%2Cf85%2Cf183%2Cf184%2Cf185%2Cf186%2Cf187%2Cf188%2Cf189%2Cf190%2Cf191%2Cf192%2Cf107%2Cf111%2Cf86%2Cf177%2Cf78%2Cf110%2Cf262%2Cf263%2Cf264%2Cf267%2Cf268%2Cf255%2Cf256%2Cf257%2Cf258%2Cf127%2Cf199%2Cf128%2Cf198%2Cf259%2Cf260%2Cf261%2Cf171%2Cf277%2Cf278%2Cf279%2Cf288%2Cf152%2Cf250%2Cf251%2Cf252%2Cf253%2Cf254%2Cf269%2Cf270%2Cf271%2Cf272%2Cf273%2Cf274%2Cf275%2Cf276%2Cf265%2Cf266%2Cf289%2Cf290%2Cf286%2Cf285%2Cf292%2Cf293%2Cf294%2Cf295%2Cf43&secid=0.002050 (Caused by ProxyError('Unable to connect to proxy', RemoteDisconnected('Remote end closed connection without response')))
2025-11-21 19:29:26,835 - growth_stock_screener - WARNING - 获取股票 09868 的概念板块信息失败: HTTPSConnectionPool(host='push2.eastmoney.com', port=443): Max retries exceeded with url: /api/qt/stock/get?fltt=2&invt=2&fields=f120%2Cf121%2Cf122%2Cf174%2Cf175%2Cf59%2Cf163%2Cf43%2Cf57%2Cf58%2Cf169%2Cf170%2Cf46%2Cf44%2Cf51%2Cf168%2Cf47%2Cf164%2Cf116%2Cf60%2Cf45%2Cf52%2Cf50%2Cf48%2Cf167%2Cf117%2Cf71%2Cf161%2Cf49%2Cf530%2Cf135%2Cf136%2Cf137%2Cf138%2Cf139%2Cf141%2Cf142%2Cf144%2Cf145%2Cf147%2Cf148%2Cf140%2Cf143%2Cf146%2Cf149%2Cf55%2Cf62%2Cf162%2Cf92%2Cf173%2Cf104%2Cf105%2Cf84%2Cf85%2Cf183%2Cf184%2Cf185%2Cf186%2Cf187%2Cf188%2Cf189%2Cf190%2Cf191%2Cf192%2Cf107%2Cf111%2Cf86%2Cf177%2Cf78%2Cf110%2Cf262%2Cf263%2Cf264%2Cf267%2Cf268%2Cf255%2Cf256%2Cf257%2Cf258%2Cf127%2Cf199%2Cf128%2Cf198%2Cf259%2Cf260%2Cf261%2Cf171%2Cf277%2Cf278%2Cf279%2Cf288%2Cf152%2Cf250%2Cf251%2Cf252%2Cf253%2Cf254%2Cf269%2Cf270%2Cf271%2Cf272%2Cf273%2Cf274%2Cf275%2Cf276%2Cf265%2Cf266%2Cf289%2Cf290%2Cf286%2Cf285%2Cf292%2Cf293%2Cf294%2Cf295%2Cf43&secid=0.09868 (Caused by ProxyError('Unable to connect to proxy', RemoteDisconnected('Remote end closed connection without response')))
2025-11-21 19:29:27,788 - growth_stock_screener - WARNING - 获取股票 688220 的概念板块信息失败: HTTPSConnectionPool(host='push2.eastmoney.com', port=443): Max retries exceeded with url: /api/qt/stock/get?fltt=2&invt=2&fields=f120%2Cf121%2Cf122%2Cf174%2Cf175%2Cf59%2Cf163%2Cf43%2Cf57%2Cf58%2Cf169%2Cf170%2Cf46%2Cf44%2Cf51%2Cf168%2Cf47%2Cf164%2Cf116%2Cf60%2Cf45%2Cf52%2Cf50%2Cf48%2Cf167%2Cf117%2Cf71%2Cf161%2Cf49%2Cf530%2Cf135%2Cf136%2Cf137%2Cf138%2Cf139%2Cf141%2Cf142%2Cf144%2Cf145%2Cf147%2Cf148%2Cf140%2Cf143%2Cf146%2Cf149%2Cf55%2Cf62%2Cf162%2Cf92%2Cf173%2Cf104%2Cf105%2Cf84%2Cf85%2Cf183%2Cf184%2Cf185%2Cf186%2Cf187%2Cf188%2Cf189%2Cf190%2Cf191%2Cf192%2Cf107%2Cf111%2Cf86%2Cf177%2Cf78%2Cf110%2Cf262%2Cf263%2Cf264%2Cf267%2Cf268%2Cf255%2Cf256%2Cf257%2Cf258%2Cf127%2Cf199%2Cf128%2Cf198%2Cf259%2Cf260%2Cf261%2Cf171%2Cf277%2Cf278%2Cf279%2Cf288%2Cf152%2Cf250%2Cf251%2Cf252%2Cf253%2Cf254%2Cf269%2Cf270%2Cf271%2Cf272%2Cf273%2Cf274%2Cf275%2Cf276%2Cf265%2Cf266%2Cf289%2Cf290%2Cf286%2Cf285%2Cf292%2Cf293%2Cf294%2Cf295%2Cf43&secid=1.688220 (Caused by ProxyError('Unable to connect to proxy', RemoteDisconnected('Remote end closed connection without response')))
2025-11-21 19:29:28,876 - growth_stock_screener - WARNING - 获取股票 688521 的概念板块信息失败: HTTPSConnectionPool(host='push2.eastmoney.com', port=443): Max retries exceeded with url: /api/qt/stock/get?fltt=2&invt=2&fields=f120%2Cf121%2Cf122%2Cf174%2Cf175%2Cf59%2Cf163%2Cf43%2Cf57%2Cf58%2Cf169%2Cf170%2Cf46%2Cf44%2Cf51%2Cf168%2Cf47%2Cf164%2Cf116%2Cf60%2Cf45%2Cf52%2Cf50%2Cf48%2Cf167%2Cf117%2Cf71%2Cf161%2Cf49%2Cf530%2Cf135%2Cf136%2Cf137%2Cf138%2Cf139%2Cf141%2Cf142%2Cf144%2Cf145%2Cf147%2Cf148%2Cf140%2Cf143%2Cf146%2Cf149%2Cf55%2Cf62%2Cf162%2Cf92%2Cf173%2Cf104%2Cf105%2Cf84%2Cf85%2Cf183%2Cf184%2Cf185%2Cf186%2Cf187%2Cf188%2Cf189%2Cf190%2Cf191%2Cf192%2Cf107%2Cf111%2Cf86%2Cf177%2Cf78%2Cf110%2Cf262%2Cf263%2Cf264%2Cf267%2Cf268%2Cf255%2Cf256%2Cf257%2Cf258%2Cf127%2Cf199%2Cf128%2Cf198%2Cf259%2Cf260%2Cf261%2Cf171%2Cf277%2Cf278%2Cf279%2Cf288%2Cf152%2Cf250%2Cf251%2Cf252%2Cf253%2Cf254%2Cf269%2Cf270%2Cf271%2Cf272%2Cf273%2Cf274%2Cf275%2Cf276%2Cf265%2Cf266%2Cf289%2Cf290%2Cf286%2Cf285%2Cf292%2Cf293%2Cf294%2Cf295%2Cf43&secid=1.688521 (Caused by ProxyError('Unable to connect to proxy', RemoteDisconnected('Remote end closed connection without response')))
2025-11-21 19:29:29,792 - growth_stock_screener - WARNING - 获取股票 002080 的概念板块信息失败: HTTPSConnectionPool(host='push2.eastmoney.com', port=443): Max retries exceeded with url: /api/qt/stock/get?fltt=2&invt=2&fields=f120%2Cf121%2Cf122%2Cf174%2Cf175%2Cf59%2Cf163%2Cf43%2Cf57%2Cf58%2Cf169%2Cf170%2Cf46%2Cf44%2Cf51%2Cf168%2Cf47%2Cf164%2Cf116%2Cf60%2Cf45%2Cf52%2Cf50%2Cf48%2Cf167%2Cf117%2Cf71%2Cf161%2Cf49%2Cf530%2Cf135%2Cf136%2Cf137%2Cf138%2Cf139%2Cf141%2Cf142%2Cf144%2Cf145%2Cf147%2Cf148%2Cf140%2Cf143%2Cf146%2Cf149%2Cf55%2Cf62%2Cf162%2Cf92%2Cf173%2Cf104%2Cf105%2Cf84%2Cf85%2Cf183%2Cf184%2Cf185%2Cf186%2Cf187%2Cf188%2Cf189%2Cf190%2Cf191%2Cf192%2Cf107%2Cf111%2Cf86%2Cf177%2Cf78%2Cf110%2Cf262%2Cf263%2Cf264%2Cf267%2Cf268%2Cf255%2Cf256%2Cf257%2Cf258%2Cf127%2Cf199%2Cf128%2Cf198%2Cf259%2Cf260%2Cf261%2Cf171%2Cf277%2Cf278%2Cf279%2Cf288%2Cf152%2Cf250%2Cf251%2Cf252%2Cf253%2Cf254%2Cf269%2Cf270%2Cf271%2Cf272%2Cf273%2Cf274%2Cf275%2Cf276%2Cf265%2Cf266%2Cf289%2Cf290%2Cf286%2Cf285%2Cf292%2Cf293%2Cf294%2Cf295%2Cf43&secid=0.002080 (Caused by ProxyError('Unable to connect to proxy', RemoteDisconnected('Remote end closed connection without response')))
2025-11-21 19:29:30,726 - growth_stock_screener - WARNING - 获取股票 603005 的概念板块信息失败: HTTPSConnectionPool(host='push2.eastmoney.com', port=443): Max retries exceeded with url: /api/qt/stock/get?fltt=2&invt=2&fields=f120%2Cf121%2Cf122%2Cf174%2Cf175%2Cf59%2Cf163%2Cf43%2Cf57%2Cf58%2Cf169%2Cf170%2Cf46%2Cf44%2Cf51%2Cf168%2Cf47%2Cf164%2Cf116%2Cf60%2Cf45%2Cf52%2Cf50%2Cf48%2Cf167%2Cf117%2Cf71%2Cf161%2Cf49%2Cf530%2Cf135%2Cf136%2Cf137%2Cf138%2Cf139%2Cf141%2Cf142%2Cf144%2Cf145%2Cf147%2Cf148%2Cf140%2Cf143%2Cf146%2Cf149%2Cf55%2Cf62%2Cf162%2Cf92%2Cf173%2Cf104%2Cf105%2Cf84%2Cf85%2Cf183%2Cf184%2Cf185%2Cf186%2Cf187%2Cf188%2Cf189%2Cf190%2Cf191%2Cf192%2Cf107%2Cf111%2Cf86%2Cf177%2Cf78%2Cf110%2Cf262%2Cf263%2Cf264%2Cf267%2Cf268%2Cf255%2Cf256%2Cf257%2Cf258%2Cf127%2Cf199%2Cf128%2Cf198%2Cf259%2Cf260%2Cf261%2Cf171%2Cf277%2Cf278%2Cf279%2Cf288%2Cf152%2Cf250%2Cf251%2Cf252%2Cf253%2Cf254%2Cf269%2Cf270%2Cf271%2Cf272%2Cf273%2Cf274%2Cf275%2Cf276%2Cf265%2Cf266%2Cf289%2Cf290%2Cf286%2Cf285%2Cf292%2Cf293%2Cf294%2Cf295%2Cf43&secid=1.603005 (Caused by ProxyError('Unable to connect to proxy', RemoteDisconnected('Remote end closed connection without response')))
2025-11-21 19:29:31,721 - growth_stock_screener - WARNING - 获取股票 603171 的概念板块信息失败: HTTPSConnectionPool(host='push2.eastmoney.com', port=443): Max retries exceeded with url: /api/qt/stock/get?fltt=2&invt=2&fields=f120%2Cf121%2Cf122%2Cf174%2Cf175%2Cf59%2Cf163%2Cf43%2Cf57%2Cf58%2Cf169%2Cf170%2Cf46%2Cf44%2Cf51%2Cf168%2Cf47%2Cf164%2Cf116%2Cf60%2Cf45%2Cf52%2Cf50%2Cf48%2Cf167%2Cf117%2Cf71%2Cf161%2Cf49%2Cf530%2Cf135%2Cf136%2Cf137%2Cf138%2Cf139%2Cf141%2Cf142%2Cf144%2Cf145%2Cf147%2Cf148%2Cf140%2Cf143%2Cf146%2Cf149%2Cf55%2Cf62%2Cf162%2Cf92%2Cf173%2Cf104%2Cf105%2Cf84%2Cf85%2Cf183%2Cf184%2Cf185%2Cf186%2Cf187%2Cf188%2Cf189%2Cf190%2Cf191%2Cf192%2Cf107%2Cf111%2Cf86%2Cf177%2Cf78%2Cf110%2Cf262%2Cf263%2Cf264%2Cf267%2Cf268%2Cf255%2Cf256%2Cf257%2Cf258%2Cf127%2Cf199%2Cf128%2Cf198%2Cf259%2Cf260%2Cf261%2Cf171%2Cf277%2Cf278%2Cf279%2Cf288%2Cf152%2Cf250%2Cf251%2Cf252%2Cf253%2Cf254%2Cf269%2Cf270%2Cf271%2Cf272%2Cf273%2Cf274%2Cf275%2Cf276%2Cf265%2Cf266%2Cf289%2Cf290%2Cf286%2Cf285%2Cf292%2Cf293%2Cf294%2Cf295%2Cf43&secid=1.603171 (Caused by ProxyError('Unable to connect to proxy', RemoteDisconnected('Remote end closed connection without response')))
2025-11-21 19:29:32,584 - growth_stock_screener - WARNING - 获取股票 688591 的概念板块信息失败: HTTPSConnectionPool(host='push2.eastmoney.com', port=443): Max retries exceeded with url: /api/qt/stock/get?fltt=2&invt=2&fields=f120%2Cf121%2Cf122%2Cf174%2Cf175%2Cf59%2Cf163%2Cf43%2Cf57%2Cf58%2Cf169%2Cf170%2Cf46%2Cf44%2Cf51%2Cf168%2Cf47%2Cf164%2Cf116%2Cf60%2Cf45%2Cf52%2Cf50%2Cf48%2Cf167%2Cf117%2Cf71%2Cf161%2Cf49%2Cf530%2Cf135%2Cf136%2Cf137%2Cf138%2Cf139%2Cf141%2Cf142%2Cf144%2Cf145%2Cf147%2Cf148%2Cf140%2Cf143%2Cf146%2Cf149%2Cf55%2Cf62%2Cf162%2Cf92%2Cf173%2Cf104%2Cf105%2Cf84%2Cf85%2Cf183%2Cf184%2Cf185%2Cf186%2Cf187%2Cf188%2Cf189%2Cf190%2Cf191%2Cf192%2Cf107%2Cf111%2Cf86%2Cf177%2Cf78%2Cf110%2Cf262%2Cf263%2Cf264%2Cf267%2Cf268%2Cf255%2Cf256%2Cf257%2Cf258%2Cf127%2Cf199%2Cf128%2Cf198%2Cf259%2Cf260%2Cf261%2Cf171%2Cf277%2Cf278%2Cf279%2Cf288%2Cf152%2Cf250%2Cf251%2Cf252%2Cf253%2Cf254%2Cf269%2Cf270%2Cf271%2Cf272%2Cf273%2Cf274%2Cf275%2Cf276%2Cf265%2Cf266%2Cf289%2Cf290%2Cf286%2Cf285%2Cf292%2Cf293%2Cf294%2Cf295%2Cf43&secid=1.688591 (Caused by ProxyError('Unable to connect to proxy', RemoteDisconnected('Remote end closed connection without response')))
2025-11-21 19:29:33,395 - growth_stock_screener - WARNING - 获取股票 603380 的概念板块信息失败: HTTPSConnectionPool(host='push2.eastmoney.com', port=443): Max retries exceeded with url: /api/qt/stock/get?fltt=2&invt=2&fields=f120%2Cf121%2Cf122%2Cf174%2Cf175%2Cf59%2Cf163%2Cf43%2Cf57%2Cf58%2Cf169%2Cf170%2Cf46%2Cf44%2Cf51%2Cf168%2Cf47%2Cf164%2Cf116%2Cf60%2Cf45%2Cf52%2Cf50%2Cf48%2Cf167%2Cf117%2Cf71%2Cf161%2Cf49%2Cf530%2Cf135%2Cf136%2Cf137%2Cf138%2Cf139%2Cf141%2Cf142%2Cf144%2Cf145%2Cf147%2Cf148%2Cf140%2Cf143%2Cf146%2Cf149%2Cf55%2Cf62%2Cf162%2Cf92%2Cf173%2Cf104%2Cf105%2Cf84%2Cf85%2Cf183%2Cf184%2Cf185%2Cf186%2Cf187%2Cf188%2Cf189%2Cf190%2Cf191%2Cf192%2Cf107%2Cf111%2Cf86%2Cf177%2Cf78%2Cf110%2Cf262%2Cf263%2Cf264%2Cf267%2Cf268%2Cf255%2Cf256%2Cf257%2Cf258%2Cf127%2Cf199%2Cf128%2Cf198%2Cf259%2Cf260%2Cf261%2Cf171%2Cf277%2Cf278%2Cf279%2Cf288%2Cf152%2Cf250%2Cf251%2Cf252%2Cf253%2Cf254%2Cf269%2Cf270%2Cf271%2Cf272%2Cf273%2Cf274%2Cf275%2Cf276%2Cf265%2Cf266%2Cf289%2Cf290%2Cf286%2Cf285%2Cf292%2Cf293%2Cf294%2Cf295%2Cf43&secid=1.603380 (Caused by ProxyError('Unable to connect to proxy', RemoteDisconnected('Remote end closed connection without response')))
2025-11-21 19:29:34,262 - growth_stock_screener - WARNING - 获取股票 002396 的概念板块信息失败: HTTPSConnectionPool(host='push2.eastmoney.com', port=443): Max retries exceeded with url: /api/qt/stock/get?fltt=2&invt=2&fields=f120%2Cf121%2Cf122%2Cf174%2Cf175%2Cf59%2Cf163%2Cf43%2Cf57%2Cf58%2Cf169%2Cf170%2Cf46%2Cf44%2Cf51%2Cf168%2Cf47%2Cf164%2Cf116%2Cf60%2Cf45%2Cf52%2Cf50%2Cf48%2Cf167%2Cf117%2Cf71%2Cf161%2Cf49%2Cf530%2Cf135%2Cf136%2Cf137%2Cf138%2Cf139%2Cf141%2Cf142%2Cf144%2Cf145%2Cf147%2Cf148%2Cf140%2Cf143%2Cf146%2Cf149%2Cf55%2Cf62%2Cf162%2Cf92%2Cf173%2Cf104%2Cf105%2Cf84%2Cf85%2Cf183%2Cf184%2Cf185%2Cf186%2Cf187%2Cf188%2Cf189%2Cf190%2Cf191%2Cf192%2Cf107%2Cf111%2Cf86%2Cf177%2Cf78%2Cf110%2Cf262%2Cf263%2Cf264%2Cf267%2Cf268%2Cf255%2Cf256%2Cf257%2Cf258%2Cf127%2Cf199%2Cf128%2Cf198%2Cf259%2Cf260%2Cf261%2Cf171%2Cf277%2Cf278%2Cf279%2Cf288%2Cf152%2Cf250%2Cf251%2Cf252%2Cf253%2Cf254%2Cf269%2Cf270%2Cf271%2Cf272%2Cf273%2Cf274%2Cf275%2Cf276%2Cf265%2Cf266%2Cf289%2Cf290%2Cf286%2Cf285%2Cf292%2Cf293%2Cf294%2Cf295%2Cf43&secid=0.002396 (Caused by ProxyError('Unable to connect to proxy', RemoteDisconnected('Remote end closed connection without response')))
2025-11-21 19:29:35,410 - growth_stock_screener - WARNING - 获取股票 600590 的概念板块信息失败: HTTPSConnectionPool(host='push2.eastmoney.com', port=443): Max retries exceeded with url: /api/qt/stock/get?fltt=2&invt=2&fields=f120%2Cf121%2Cf122%2Cf174%2Cf175%2Cf59%2Cf163%2Cf43%2Cf57%2Cf58%2Cf169%2Cf170%2Cf46%2Cf44%2Cf51%2Cf168%2Cf47%2Cf164%2Cf116%2Cf60%2Cf45%2Cf52%2Cf50%2Cf48%2Cf167%2Cf117%2Cf71%2Cf161%2Cf49%2Cf530%2Cf135%2Cf136%2Cf137%2Cf138%2Cf139%2Cf141%2Cf142%2Cf144%2Cf145%2Cf147%2Cf148%2Cf140%2Cf143%2Cf146%2Cf149%2Cf55%2Cf62%2Cf162%2Cf92%2Cf173%2Cf104%2Cf105%2Cf84%2Cf85%2Cf183%2Cf184%2Cf185%2Cf186%2Cf187%2Cf188%2Cf189%2Cf190%2Cf191%2Cf192%2Cf107%2Cf111%2Cf86%2Cf177%2Cf78%2Cf110%2Cf262%2Cf263%2Cf264%2Cf267%2Cf268%2Cf255%2Cf256%2Cf257%2Cf258%2Cf127%2Cf199%2Cf128%2Cf198%2Cf259%2Cf260%2Cf261%2Cf171%2Cf277%2Cf278%2Cf279%2Cf288%2Cf152%2Cf250%2Cf251%2Cf252%2Cf253%2Cf254%2Cf269%2Cf270%2Cf271%2Cf272%2Cf273%2Cf274%2Cf275%2Cf276%2Cf265%2Cf266%2Cf289%2Cf290%2Cf286%2Cf285%2Cf292%2Cf293%2Cf294%2Cf295%2Cf43&secid=1.600590 (Caused by ProxyError('Unable to connect to proxy', RemoteDisconnected('Remote end closed connection without response')))
2025-11-21 19:29:36,750 - growth_stock_screener - WARNING - 获取股票 01530 的概念板块信息失败: HTTPSConnectionPool(host='push2.eastmoney.com', port=443): Max retries exceeded with url: /api/qt/stock/get?fltt=2&invt=2&fields=f120%2Cf121%2Cf122%2Cf174%2Cf175%2Cf59%2Cf163%2Cf43%2Cf57%2Cf58%2Cf169%2Cf170%2Cf46%2Cf44%2Cf51%2Cf168%2Cf47%2Cf164%2Cf116%2Cf60%2Cf45%2Cf52%2Cf50%2Cf48%2Cf167%2Cf117%2Cf71%2Cf161%2Cf49%2Cf530%2Cf135%2Cf136%2Cf137%2Cf138%2Cf139%2Cf141%2Cf142%2Cf144%2Cf145%2Cf147%2Cf148%2Cf140%2Cf143%2Cf146%2Cf149%2Cf55%2Cf62%2Cf162%2Cf92%2Cf173%2Cf104%2Cf105%2Cf84%2Cf85%2Cf183%2Cf184%2Cf185%2Cf186%2Cf187%2Cf188%2Cf189%2Cf190%2Cf191%2Cf192%2Cf107%2Cf111%2Cf86%2Cf177%2Cf78%2Cf110%2Cf262%2Cf263%2Cf264%2Cf267%2Cf268%2Cf255%2Cf256%2Cf257%2Cf258%2Cf127%2Cf199%2Cf128%2Cf198%2Cf259%2Cf260%2Cf261%2Cf171%2Cf277%2Cf278%2Cf279%2Cf288%2Cf152%2Cf250%2Cf251%2Cf252%2Cf253%2Cf254%2Cf269%2Cf270%2Cf271%2Cf272%2Cf273%2Cf274%2Cf275%2Cf276%2Cf265%2Cf266%2Cf289%2Cf290%2Cf286%2Cf285%2Cf292%2Cf293%2Cf294%2Cf295%2Cf43&secid=0.01530 (Caused by ProxyError('Unable to connect to proxy', RemoteDisconnected('Remote end closed connection without response')))
2025-11-21 19:29:37,634 - growth_stock_screener - WARNING - 获取股票 603256 的概念板块信息失败: HTTPSConnectionPool(host='push2.eastmoney.com', port=443): Max retries exceeded with url: /api/qt/stock/get?fltt=2&invt=2&fields=f120%2Cf121%2Cf122%2Cf174%2Cf175%2Cf59%2Cf163%2Cf43%2Cf57%2Cf58%2Cf169%2Cf170%2Cf46%2Cf44%2Cf51%2Cf168%2Cf47%2Cf164%2Cf116%2Cf60%2Cf45%2Cf52%2Cf50%2Cf48%2Cf167%2Cf117%2Cf71%2Cf161%2Cf49%2Cf530%2Cf135%2Cf136%2Cf137%2Cf138%2Cf139%2Cf141%2Cf142%2Cf144%2Cf145%2Cf147%2Cf148%2Cf140%2Cf143%2Cf146%2Cf149%2Cf55%2Cf62%2Cf162%2Cf92%2Cf173%2Cf104%2Cf105%2Cf84%2Cf85%2Cf183%2Cf184%2Cf185%2Cf186%2Cf187%2Cf188%2Cf189%2Cf190%2Cf191%2Cf192%2Cf107%2Cf111%2Cf86%2Cf177%2Cf78%2Cf110%2Cf262%2Cf263%2Cf264%2Cf267%2Cf268%2Cf255%2Cf256%2Cf257%2Cf258%2Cf127%2Cf199%2Cf128%2Cf198%2Cf259%2Cf260%2Cf261%2Cf171%2Cf277%2Cf278%2Cf279%2Cf288%2Cf152%2Cf250%2Cf251%2Cf252%2Cf253%2Cf254%2Cf269%2Cf270%2Cf271%2Cf272%2Cf273%2Cf274%2Cf275%2Cf276%2Cf265%2Cf266%2Cf289%2Cf290%2Cf286%2Cf285%2Cf292%2Cf293%2Cf294%2Cf295%2Cf43&secid=1.603256 (Caused by ProxyError('Unable to connect to proxy', RemoteDisconnected('Remote end closed connection without response')))
2025-11-21 19:29:38,818 - growth_stock_screener - WARNING - 获取股票 300010 的概念板块信息失败: HTTPSConnectionPool(host='push2.eastmoney.com', port=443): Max retries exceeded with url: /api/qt/stock/get?fltt=2&invt=2&fields=f120%2Cf121%2Cf122%2Cf174%2Cf175%2Cf59%2Cf163%2Cf43%2Cf57%2Cf58%2Cf169%2Cf170%2Cf46%2Cf44%2Cf51%2Cf168%2Cf47%2Cf164%2Cf116%2Cf60%2Cf45%2Cf52%2Cf50%2Cf48%2Cf167%2Cf117%2Cf71%2Cf161%2Cf49%2Cf530%2Cf135%2Cf136%2Cf137%2Cf138%2Cf139%2Cf141%2Cf142%2Cf144%2Cf145%2Cf147%2Cf148%2Cf140%2Cf143%2Cf146%2Cf149%2Cf55%2Cf62%2Cf162%2Cf92%2Cf173%2Cf104%2Cf105%2Cf84%2Cf85%2Cf183%2Cf184%2Cf185%2Cf186%2Cf187%2Cf188%2Cf189%2Cf190%2Cf191%2Cf192%2Cf107%2Cf111%2Cf86%2Cf177%2Cf78%2Cf110%2Cf262%2Cf263%2Cf264%2Cf267%2Cf268%2Cf255%2Cf256%2Cf257%2Cf258%2Cf127%2Cf199%2Cf128%2Cf198%2Cf259%2Cf260%2Cf261%2Cf171%2Cf277%2Cf278%2Cf279%2Cf288%2Cf152%2Cf250%2Cf251%2Cf252%2Cf253%2Cf254%2Cf269%2Cf270%2Cf271%2Cf272%2Cf273%2Cf274%2Cf275%2Cf276%2Cf265%2Cf266%2Cf289%2Cf290%2Cf286%2Cf285%2Cf292%2Cf293%2Cf294%2Cf295%2Cf43&secid=0.300010 (Caused by ProxyError('Unable to connect to proxy', RemoteDisconnected('Remote end closed connection without response')))
2025-11-21 19:29:39,710 - growth_stock_screener - WARNING - 获取股票 09995 的概念板块信息失败: HTTPSConnectionPool(host='push2.eastmoney.com', port=443): Max retries exceeded with url: /api/qt/stock/get?fltt=2&invt=2&fields=f120%2Cf121%2Cf122%2Cf174%2Cf175%2Cf59%2Cf163%2Cf43%2Cf57%2Cf58%2Cf169%2Cf170%2Cf46%2Cf44%2Cf51%2Cf168%2Cf47%2Cf164%2Cf116%2Cf60%2Cf45%2Cf52%2Cf50%2Cf48%2Cf167%2Cf117%2Cf71%2Cf161%2Cf49%2Cf530%2Cf135%2Cf136%2Cf137%2Cf138%2Cf139%2Cf141%2Cf142%2Cf144%2Cf145%2Cf147%2Cf148%2Cf140%2Cf143%2Cf146%2Cf149%2Cf55%2Cf62%2Cf162%2Cf92%2Cf173%2Cf104%2Cf105%2Cf84%2Cf85%2Cf183%2Cf184%2Cf185%2Cf186%2Cf187%2Cf188%2Cf189%2Cf190%2Cf191%2Cf192%2Cf107%2Cf111%2Cf86%2Cf177%2Cf78%2Cf110%2Cf262%2Cf263%2Cf264%2Cf267%2Cf268%2Cf255%2Cf256%2Cf257%2Cf258%2Cf127%2Cf199%2Cf128%2Cf198%2Cf259%2Cf260%2Cf261%2Cf171%2Cf277%2Cf278%2Cf279%2Cf288%2Cf152%2Cf250%2Cf251%2Cf252%2Cf253%2Cf254%2Cf269%2Cf270%2Cf271%2Cf272%2Cf273%2Cf274%2Cf275%2Cf276%2Cf265%2Cf266%2Cf289%2Cf290%2Cf286%2Cf285%2Cf292%2Cf293%2Cf294%2Cf295%2Cf43&secid=0.09995 (Caused by ProxyError('Unable to connect to proxy', RemoteDisconnected('Remote end closed connection without response')))
2025-11-21 19:29:40,918 - growth_stock_screener - WARNING - 获取股票 688331 的概念板块信息失败: HTTPSConnectionPool(host='push2.eastmoney.com', port=443): Max retries exceeded with url: /api/qt/stock/get?fltt=2&invt=2&fields=f120%2Cf121%2Cf122%2Cf174%2Cf175%2Cf59%2Cf163%2Cf43%2Cf57%2Cf58%2Cf169%2Cf170%2Cf46%2Cf44%2Cf51%2Cf168%2Cf47%2Cf164%2Cf116%2Cf60%2Cf45%2Cf52%2Cf50%2Cf48%2Cf167%2Cf117%2Cf71%2Cf161%2Cf49%2Cf530%2Cf135%2Cf136%2Cf137%2Cf138%2Cf139%2Cf141%2Cf142%2Cf144%2Cf145%2Cf147%2Cf148%2Cf140%2Cf143%2Cf146%2Cf149%2Cf55%2Cf62%2Cf162%2Cf92%2Cf173%2Cf104%2Cf105%2Cf84%2Cf85%2Cf183%2Cf184%2Cf185%2Cf186%2Cf187%2Cf188%2Cf189%2Cf190%2Cf191%2Cf192%2Cf107%2Cf111%2Cf86%2Cf177%2Cf78%2Cf110%2Cf262%2Cf263%2Cf264%2Cf267%2Cf268%2Cf255%2Cf256%2Cf257%2Cf258%2Cf127%2Cf199%2Cf128%2Cf198%2Cf259%2Cf260%2Cf261%2Cf171%2Cf277%2Cf278%2Cf279%2Cf288%2Cf152%2Cf250%2Cf251%2Cf252%2Cf253%2Cf254%2Cf269%2Cf270%2Cf271%2Cf272%2Cf273%2Cf274%2Cf275%2Cf276%2Cf265%2Cf266%2Cf289%2Cf290%2Cf286%2Cf285%2Cf292%2Cf293%2Cf294%2Cf295%2Cf43&secid=1.688331 (Caused by ProxyError('Unable to connect to proxy', RemoteDisconnected('Remote end closed connection without response')))
2025-11-21 19:29:42,722 - growth_stock_screener - WARNING - 获取股票 09926 的概念板块信息失败: HTTPSConnectionPool(host='push2.eastmoney.com', port=443): Max retries exceeded with url: /api/qt/stock/get?fltt=2&invt=2&fields=f120%2Cf121%2Cf122%2Cf174%2Cf175%2Cf59%2Cf163%2Cf43%2Cf57%2Cf58%2Cf169%2Cf170%2Cf46%2Cf44%2Cf51%2Cf168%2Cf47%2Cf164%2Cf116%2Cf60%2Cf45%2Cf52%2Cf50%2Cf48%2Cf167%2Cf117%2Cf71%2Cf161%2Cf49%2Cf530%2Cf135%2Cf136%2Cf137%2Cf138%2Cf139%2Cf141%2Cf142%2Cf144%2Cf145%2Cf147%2Cf148%2Cf140%2Cf143%2Cf146%2Cf149%2Cf55%2Cf62%2Cf162%2Cf92%2Cf173%2Cf104%2Cf105%2Cf84%2Cf85%2Cf183%2Cf184%2Cf185%2Cf186%2Cf187%2Cf188%2Cf189%2Cf190%2Cf191%2Cf192%2Cf107%2Cf111%2Cf86%2Cf177%2Cf78%2Cf110%2Cf262%2Cf263%2Cf264%2Cf267%2Cf268%2Cf255%2Cf256%2Cf257%2Cf258%2Cf127%2Cf199%2Cf128%2Cf198%2Cf259%2Cf260%2Cf261%2Cf171%2Cf277%2Cf278%2Cf279%2Cf288%2Cf152%2Cf250%2Cf251%2Cf252%2Cf253%2Cf254%2Cf269%2Cf270%2Cf271%2Cf272%2Cf273%2Cf274%2Cf275%2Cf276%2Cf265%2Cf266%2Cf289%2Cf290%2Cf286%2Cf285%2Cf292%2Cf293%2Cf294%2Cf295%2Cf43&secid=0.09926 (Caused by ProxyError('Unable to connect to proxy', RemoteDisconnected('Remote end closed connection without response')))
2025-11-21 19:29:43,614 - growth_stock_screener - WARNING - 获取股票 300153 的概念板块信息失败: HTTPSConnectionPool(host='push2.eastmoney.com', port=443): Max retries exceeded with url: /api/qt/stock/get?fltt=2&invt=2&fields=f120%2Cf121%2Cf122%2Cf174%2Cf175%2Cf59%2Cf163%2Cf43%2Cf57%2Cf58%2Cf169%2Cf170%2Cf46%2Cf44%2Cf51%2Cf168%2Cf47%2Cf164%2Cf116%2Cf60%2Cf45%2Cf52%2Cf50%2Cf48%2Cf167%2Cf117%2Cf71%2Cf161%2Cf49%2Cf530%2Cf135%2Cf136%2Cf137%2Cf138%2Cf139%2Cf141%2Cf142%2Cf144%2Cf145%2Cf147%2Cf148%2Cf140%2Cf143%2Cf146%2Cf149%2Cf55%2Cf62%2Cf162%2Cf92%2Cf173%2Cf104%2Cf105%2Cf84%2Cf85%2Cf183%2Cf184%2Cf185%2Cf186%2Cf187%2Cf188%2Cf189%2Cf190%2Cf191%2Cf192%2Cf107%2Cf111%2Cf86%2Cf177%2Cf78%2Cf110%2Cf262%2Cf263%2Cf264%2Cf267%2Cf268%2Cf255%2Cf256%2Cf257%2Cf258%2Cf127%2Cf199%2Cf128%2Cf198%2Cf259%2Cf260%2Cf261%2Cf171%2Cf277%2Cf278%2Cf279%2Cf288%2Cf152%2Cf250%2Cf251%2Cf252%2Cf253%2Cf254%2Cf269%2Cf270%2Cf271%2Cf272%2Cf273%2Cf274%2Cf275%2Cf276%2Cf265%2Cf266%2Cf289%2Cf290%2Cf286%2Cf285%2Cf292%2Cf293%2Cf294%2Cf295%2Cf43&secid=0.300153 (Caused by ProxyError('Unable to connect to proxy', RemoteDisconnected('Remote end closed connection without response')))
2025-11-21 19:29:44,836 - growth_stock_screener - WARNING - 获取股票 002371 的概念板块信息失败: HTTPSConnectionPool(host='push2.eastmoney.com', port=443): Max retries exceeded with url: /api/qt/stock/get?fltt=2&invt=2&fields=f120%2Cf121%2Cf122%2Cf174%2Cf175%2Cf59%2Cf163%2Cf43%2Cf57%2Cf58%2Cf169%2Cf170%2Cf46%2Cf44%2Cf51%2Cf168%2Cf47%2Cf164%2Cf116%2Cf60%2Cf45%2Cf52%2Cf50%2Cf48%2Cf167%2Cf117%2Cf71%2Cf161%2Cf49%2Cf530%2Cf135%2Cf136%2Cf137%2Cf138%2Cf139%2Cf141%2Cf142%2Cf144%2Cf145%2Cf147%2Cf148%2Cf140%2Cf143%2Cf146%2Cf149%2Cf55%2Cf62%2Cf162%2Cf92%2Cf173%2Cf104%2Cf105%2Cf84%2Cf85%2Cf183%2Cf184%2Cf185%2Cf186%2Cf187%2Cf188%2Cf189%2Cf190%2Cf191%2Cf192%2Cf107%2Cf111%2Cf86%2Cf177%2Cf78%2Cf110%2Cf262%2Cf263%2Cf264%2Cf267%2Cf268%2Cf255%2Cf256%2Cf257%2Cf258%2Cf127%2Cf199%2Cf128%2Cf198%2Cf259%2Cf260%2Cf261%2Cf171%2Cf277%2Cf278%2Cf279%2Cf288%2Cf152%2Cf250%2Cf251%2Cf252%2Cf253%2Cf254%2Cf269%2Cf270%2Cf271%2Cf272%2Cf273%2Cf274%2Cf275%2Cf276%2Cf265%2Cf266%2Cf289%2Cf290%2Cf286%2Cf285%2Cf292%2Cf293%2Cf294%2Cf295%2Cf43&secid=0.002371 (Caused by ProxyError('Unable to connect to proxy', RemoteDisconnected('Remote end closed connection without response')))
2025-11-21 19:29:45,743 - growth_stock_screener - WARNING - 获取股票 002475 的概念板块信息失败: HTTPSConnectionPool(host='push2.eastmoney.com', port=443): Max retries exceeded with url: /api/qt/stock/get?fltt=2&invt=2&fields=f120%2Cf121%2Cf122%2Cf174%2Cf175%2Cf59%2Cf163%2Cf43%2Cf57%2Cf58%2Cf169%2Cf170%2Cf46%2Cf44%2Cf51%2Cf168%2Cf47%2Cf164%2Cf116%2Cf60%2Cf45%2Cf52%2Cf50%2Cf48%2Cf167%2Cf117%2Cf71%2Cf161%2Cf49%2Cf530%2Cf135%2Cf136%2Cf137%2Cf138%2Cf139%2Cf141%2Cf142%2Cf144%2Cf145%2Cf147%2Cf148%2Cf140%2Cf143%2Cf146%2Cf149%2Cf55%2Cf62%2Cf162%2Cf92%2Cf173%2Cf104%2Cf105%2Cf84%2Cf85%2Cf183%2Cf184%2Cf185%2Cf186%2Cf187%2Cf188%2Cf189%2Cf190%2Cf191%2Cf192%2Cf107%2Cf111%2Cf86%2Cf177%2Cf78%2Cf110%2Cf262%2Cf263%2Cf264%2Cf267%2Cf268%2Cf255%2Cf256%2Cf257%2Cf258%2Cf127%2Cf199%2Cf128%2Cf198%2Cf259%2Cf260%2Cf261%2Cf171%2Cf277%2Cf278%2Cf279%2Cf288%2Cf152%2Cf250%2Cf251%2Cf252%2Cf253%2Cf254%2Cf269%2Cf270%2Cf271%2Cf272%2Cf273%2Cf274%2Cf275%2Cf276%2Cf265%2Cf266%2Cf289%2Cf290%2Cf286%2Cf285%2Cf292%2Cf293%2Cf294%2Cf295%2Cf43&secid=0.002475 (Caused by ProxyError('Unable to connect to proxy', RemoteDisconnected('Remote end closed connection without response')))
2025-11-21 19:29:48,283 - growth_stock_screener - WARNING - 获取股票 688981 的概念板块信息失败: HTTPSConnectionPool(host='push2.eastmoney.com', port=443): Max retries exceeded with url: /api/qt/stock/get?fltt=2&invt=2&fields=f120%2Cf121%2Cf122%2Cf174%2Cf175%2Cf59%2Cf163%2Cf43%2Cf57%2Cf58%2Cf169%2Cf170%2Cf46%2Cf44%2Cf51%2Cf168%2Cf47%2Cf164%2Cf116%2Cf60%2Cf45%2Cf52%2Cf50%2Cf48%2Cf167%2Cf117%2Cf71%2Cf161%2Cf49%2Cf530%2Cf135%2Cf136%2Cf137%2Cf138%2Cf139%2Cf141%2Cf142%2Cf144%2Cf145%2Cf147%2Cf148%2Cf140%2Cf143%2Cf146%2Cf149%2Cf55%2Cf62%2Cf162%2Cf92%2Cf173%2Cf104%2Cf105%2Cf84%2Cf85%2Cf183%2Cf184%2Cf185%2Cf186%2Cf187%2Cf188%2Cf189%2Cf190%2Cf191%2Cf192%2Cf107%2Cf111%2Cf86%2Cf177%2Cf78%2Cf110%2Cf262%2Cf263%2Cf264%2Cf267%2Cf268%2Cf255%2Cf256%2Cf257%2Cf258%2Cf127%2Cf199%2Cf128%2Cf198%2Cf259%2Cf260%2Cf261%2Cf171%2Cf277%2Cf278%2Cf279%2Cf288%2Cf152%2Cf250%2Cf251%2Cf252%2Cf253%2Cf254%2Cf269%2Cf270%2Cf271%2Cf272%2Cf273%2Cf274%2Cf275%2Cf276%2Cf265%2Cf266%2Cf289%2Cf290%2Cf286%2Cf285%2Cf292%2Cf293%2Cf294%2Cf295%2Cf43&secid=1.688981 (Caused by ProxyError('Unable to connect to proxy', RemoteDisconnected('Remote end closed connection without response')))
2025-11-21 19:29:49,132 - growth_stock_screener - WARNING - 获取股票 002353 的概念板块信息失败: HTTPSConnectionPool(host='push2.eastmoney.com', port=443): Max retries exceeded with url: /api/qt/stock/get?fltt=2&invt=2&fields=f120%2Cf121%2Cf122%2Cf174%2Cf175%2Cf59%2Cf163%2Cf43%2Cf57%2Cf58%2Cf169%2Cf170%2Cf46%2Cf44%2Cf51%2Cf168%2Cf47%2Cf164%2Cf116%2Cf60%2Cf45%2Cf52%2Cf50%2Cf48%2Cf167%2Cf117%2Cf71%2Cf161%2Cf49%2Cf530%2Cf135%2Cf136%2Cf137%2Cf138%2Cf139%2Cf141%2Cf142%2Cf144%2Cf145%2Cf147%2Cf148%2Cf140%2Cf143%2Cf146%2Cf149%2Cf55%2Cf62%2Cf162%2Cf92%2Cf173%2Cf104%2Cf105%2Cf84%2Cf85%2Cf183%2Cf184%2Cf185%2Cf186%2Cf187%2Cf188%2Cf189%2Cf190%2Cf191%2Cf192%2Cf107%2Cf111%2Cf86%2Cf177%2Cf78%2Cf110%2Cf262%2Cf263%2Cf264%2Cf267%2Cf268%2Cf255%2Cf256%2Cf257%2Cf258%2Cf127%2Cf199%2Cf128%2Cf198%2Cf259%2Cf260%2Cf261%2Cf171%2Cf277%2Cf278%2Cf279%2Cf288%2Cf152%2Cf250%2Cf251%2Cf252%2Cf253%2Cf254%2Cf269%2Cf270%2Cf271%2Cf272%2Cf273%2Cf274%2Cf275%2Cf276%2Cf265%2Cf266%2Cf289%2Cf290%2Cf286%2Cf285%2Cf292%2Cf293%2Cf294%2Cf295%2Cf43&secid=0.002353 (Caused by ProxyError('Unable to connect to proxy', RemoteDisconnected('Remote end closed connection without response')))
2025-11-21 19:29:50,073 - growth_stock_screener - WARNING - 获取股票 301291 的概念板块信息失败: HTTPSConnectionPool(host='push2.eastmoney.com', port=443): Max retries exceeded with url: /api/qt/stock/get?fltt=2&invt=2&fields=f120%2Cf121%2Cf122%2Cf174%2Cf175%2Cf59%2Cf163%2Cf43%2Cf57%2Cf58%2Cf169%2Cf170%2Cf46%2Cf44%2Cf51%2Cf168%2Cf47%2Cf164%2Cf116%2Cf60%2Cf45%2Cf52%2Cf50%2Cf48%2Cf167%2Cf117%2Cf71%2Cf161%2Cf49%2Cf530%2Cf135%2Cf136%2Cf137%2Cf138%2Cf139%2Cf141%2Cf142%2Cf144%2Cf145%2Cf147%2Cf148%2Cf140%2Cf143%2Cf146%2Cf149%2Cf55%2Cf62%2Cf162%2Cf92%2Cf173%2Cf104%2Cf105%2Cf84%2Cf85%2Cf183%2Cf184%2Cf185%2Cf186%2Cf187%2Cf188%2Cf189%2Cf190%2Cf191%2Cf192%2Cf107%2Cf111%2Cf86%2Cf177%2Cf78%2Cf110%2Cf262%2Cf263%2Cf264%2Cf267%2Cf268%2Cf255%2Cf256%2Cf257%2Cf258%2Cf127%2Cf199%2Cf128%2Cf198%2Cf259%2Cf260%2Cf261%2Cf171%2Cf277%2Cf278%2Cf279%2Cf288%2Cf152%2Cf250%2Cf251%2Cf252%2Cf253%2Cf254%2Cf269%2Cf270%2Cf271%2Cf272%2Cf273%2Cf274%2Cf275%2Cf276%2Cf265%2Cf266%2Cf289%2Cf290%2Cf286%2Cf285%2Cf292%2Cf293%2Cf294%2Cf295%2Cf43&secid=0.301291 (Caused by ProxyError('Unable to connect to proxy', RemoteDisconnected('Remote end closed connection without response')))
2025-11-21 19:29:51,359 - growth_stock_screener - WARNING - 获取股票 603129 的概念板块信息失败: HTTPSConnectionPool(host='push2.eastmoney.com', port=443): Max retries exceeded with url: /api/qt/stock/get?fltt=2&invt=2&fields=f120%2Cf121%2Cf122%2Cf174%2Cf175%2Cf59%2Cf163%2Cf43%2Cf57%2Cf58%2Cf169%2Cf170%2Cf46%2Cf44%2Cf51%2Cf168%2Cf47%2Cf164%2Cf116%2Cf60%2Cf45%2Cf52%2Cf50%2Cf48%2Cf167%2Cf117%2Cf71%2Cf161%2Cf49%2Cf530%2Cf135%2Cf136%2Cf137%2Cf138%2Cf139%2Cf141%2Cf142%2Cf144%2Cf145%2Cf147%2Cf148%2Cf140%2Cf143%2Cf146%2Cf149%2Cf55%2Cf62%2Cf162%2Cf92%2Cf173%2Cf104%2Cf105%2Cf84%2Cf85%2Cf183%2Cf184%2Cf185%2Cf186%2Cf187%2Cf188%2Cf189%2Cf190%2Cf191%2Cf192%2Cf107%2Cf111%2Cf86%2Cf177%2Cf78%2Cf110%2Cf262%2Cf263%2Cf264%2Cf267%2Cf268%2Cf255%2Cf256%2Cf257%2Cf258%2Cf127%2Cf199%2Cf128%2Cf198%2Cf259%2Cf260%2Cf261%2Cf171%2Cf277%2Cf278%2Cf279%2Cf288%2Cf152%2Cf250%2Cf251%2Cf252%2Cf253%2Cf254%2Cf269%2Cf270%2Cf271%2Cf272%2Cf273%2Cf274%2Cf275%2Cf276%2Cf265%2Cf266%2Cf289%2Cf290%2Cf286%2Cf285%2Cf292%2Cf293%2Cf294%2Cf295%2Cf43&secid=1.603129 (Caused by ProxyError('Unable to connect to proxy', RemoteDisconnected('Remote end closed connection without response')))
2025-11-21 19:29:52,406 - growth_stock_screener - WARNING - 获取股票 688099 的概念板块信息失败: HTTPSConnectionPool(host='push2.eastmoney.com', port=443): Max retries exceeded with url: /api/qt/stock/get?fltt=2&invt=2&fields=f120%2Cf121%2Cf122%2Cf174%2Cf175%2Cf59%2Cf163%2Cf43%2Cf57%2Cf58%2Cf169%2Cf170%2Cf46%2Cf44%2Cf51%2Cf168%2Cf47%2Cf164%2Cf116%2Cf60%2Cf45%2Cf52%2Cf50%2Cf48%2Cf167%2Cf117%2Cf71%2Cf161%2Cf49%2Cf530%2Cf135%2Cf136%2Cf137%2Cf138%2Cf139%2Cf141%2Cf142%2Cf144%2Cf145%2Cf147%2Cf148%2Cf140%2Cf143%2Cf146%2Cf149%2Cf55%2Cf62%2Cf162%2Cf92%2Cf173%2Cf104%2Cf105%2Cf84%2Cf85%2Cf183%2Cf184%2Cf185%2Cf186%2Cf187%2Cf188%2Cf189%2Cf190%2Cf191%2Cf192%2Cf107%2Cf111%2Cf86%2Cf177%2Cf78%2Cf110%2Cf262%2Cf263%2Cf264%2Cf267%2Cf268%2Cf255%2Cf256%2Cf257%2Cf258%2Cf127%2Cf199%2Cf128%2Cf198%2Cf259%2Cf260%2Cf261%2Cf171%2Cf277%2Cf278%2Cf279%2Cf288%2Cf152%2Cf250%2Cf251%2Cf252%2Cf253%2Cf254%2Cf269%2Cf270%2Cf271%2Cf272%2Cf273%2Cf274%2Cf275%2Cf276%2Cf265%2Cf266%2Cf289%2Cf290%2Cf286%2Cf285%2Cf292%2Cf293%2Cf294%2Cf295%2Cf43&secid=1.688099 (Caused by ProxyError('Unable to connect to proxy', RemoteDisconnected('Remote end closed connection without response')))
2025-11-21 19:29:53,514 - growth_stock_screener - WARNING - 获取股票 00762 的概念板块信息失败: HTTPSConnectionPool(host='push2.eastmoney.com', port=443): Max retries exceeded with url: /api/qt/stock/get?fltt=2&invt=2&fields=f120%2Cf121%2Cf122%2Cf174%2Cf175%2Cf59%2Cf163%2Cf43%2Cf57%2Cf58%2Cf169%2Cf170%2Cf46%2Cf44%2Cf51%2Cf168%2Cf47%2Cf164%2Cf116%2Cf60%2Cf45%2Cf52%2Cf50%2Cf48%2Cf167%2Cf117%2Cf71%2Cf161%2Cf49%2Cf530%2Cf135%2Cf136%2Cf137%2Cf138%2Cf139%2Cf141%2Cf142%2Cf144%2Cf145%2Cf147%2Cf148%2Cf140%2Cf143%2Cf146%2Cf149%2Cf55%2Cf62%2Cf162%2Cf92%2Cf173%2Cf104%2Cf105%2Cf84%2Cf85%2Cf183%2Cf184%2Cf185%2Cf186%2Cf187%2Cf188%2Cf189%2Cf190%2Cf191%2Cf192%2Cf107%2Cf111%2Cf86%2Cf177%2Cf78%2Cf110%2Cf262%2Cf263%2Cf264%2Cf267%2Cf268%2Cf255%2Cf256%2Cf257%2Cf258%2Cf127%2Cf199%2Cf128%2Cf198%2Cf259%2Cf260%2Cf261%2Cf171%2Cf277%2Cf278%2Cf279%2Cf288%2Cf152%2Cf250%2Cf251%2Cf252%2Cf253%2Cf254%2Cf269%2Cf270%2Cf271%2Cf272%2Cf273%2Cf274%2Cf275%2Cf276%2Cf265%2Cf266%2Cf289%2Cf290%2Cf286%2Cf285%2Cf292%2Cf293%2Cf294%2Cf295%2Cf43&secid=0.00762 (Caused by ProxyError('Unable to connect to proxy', RemoteDisconnected('Remote end closed connection without response')))
2025-11-21 19:29:53,646 - growth_stock_screener - INFO - 筛选出 1 只成长板块股票
2025-11-21 19:29:54,527 - growth_stock_screener - WARNING - 获取股票 300394 的行业信息失败: HTTPSConnectionPool(host='push2.eastmoney.com', port=443): Max retries exceeded with url: /api/qt/stock/get?fltt=2&invt=2&fields=f120%2Cf121%2Cf122%2Cf174%2Cf175%2Cf59%2Cf163%2Cf43%2Cf57%2Cf58%2Cf169%2Cf170%2Cf46%2Cf44%2Cf51%2Cf168%2Cf47%2Cf164%2Cf116%2Cf60%2Cf45%2Cf52%2Cf50%2Cf48%2Cf167%2Cf117%2Cf71%2Cf161%2Cf49%2Cf530%2Cf135%2Cf136%2Cf137%2Cf138%2Cf139%2Cf141%2Cf142%2Cf144%2Cf145%2Cf147%2Cf148%2Cf140%2Cf143%2Cf146%2Cf149%2Cf55%2Cf62%2Cf162%2Cf92%2Cf173%2Cf104%2Cf105%2Cf84%2Cf85%2Cf183%2Cf184%2Cf185%2Cf186%2Cf187%2Cf188%2Cf189%2Cf190%2Cf191%2Cf192%2Cf107%2Cf111%2Cf86%2Cf177%2Cf78%2Cf110%2Cf262%2Cf263%2Cf264%2Cf267%2Cf268%2Cf255%2Cf256%2Cf257%2Cf258%2Cf127%2Cf199%2Cf128%2Cf198%2Cf259%2Cf260%2Cf261%2Cf171%2Cf277%2Cf278%2Cf279%2Cf288%2Cf152%2Cf250%2Cf251%2Cf252%2Cf253%2Cf254%2Cf269%2Cf270%2Cf271%2Cf272%2Cf273%2Cf274%2Cf275%2Cf276%2Cf265%2Cf266%2Cf289%2Cf290%2Cf286%2Cf285%2Cf292%2Cf293%2Cf294%2Cf295%2Cf43&secid=0.300394 (Caused by ProxyError('Unable to connect to proxy', RemoteDisconnected('Remote end closed connection without response')))
